-- --------------------------------------------------------
-- Host:                         127.0.0.1
-- Server version:               10.1.38-MariaDB - mariadb.org binary distribution
-- Server OS:                    Win64
-- HeidiSQL Version:             10.1.0.5500
-- --------------------------------------------------------

/*!40101 SET @OLD_CHARACTER_SET_CLIENT=@@CHARACTER_SET_CLIENT */;
/*!40101 SET NAMES utf8 */;
/*!50503 SET NAMES utf8mb4 */;
/*!40014 SET @OLD_FOREIGN_KEY_CHECKS=@@FOREIGN_KEY_CHECKS, FOREIGN_KEY_CHECKS=0 */;
/*!40101 SET @OLD_SQL_MODE=@@SQL_MODE, SQL_MODE='NO_AUTO_VALUE_ON_ZERO' */;


-- Dumping database structure for questionnaireDB2019
CREATE DATABASE IF NOT EXISTS `questionnaireDB2019` /*!40100 DEFAULT CHARACTER SET utf8 */;
USE `questionnaireDB2019`;

-- Dumping structure for table questionnaireDB2019.answer
CREATE TABLE IF NOT EXISTS `answer` (
  `ID` bigint(20) NOT NULL AUTO_INCREMENT,
  `questionnaireId` bigint(20) NOT NULL,
  `sectionId` bigint(20) NOT NULL,
  `questionId` bigint(20) NOT NULL,
  `typeId` bigint(20) NOT NULL,
  `answerSectionId` bigint(20) NOT NULL,
  `languageId` bigint(20) NOT NULL,
  `patientId` bigint(20) NOT NULL,
  `answered` tinyint(4) NOT NULL DEFAULT '0',
  `skipped` tinyint(4) NOT NULL DEFAULT '0',
  `deleted` tinyint(4) NOT NULL DEFAULT '0',
  `deletedBy` varchar(255) NOT NULL,
  `creationDate` timestamp NOT NULL DEFAULT CURRENT_TIMESTAMP,
  `createdBy` varchar(255) NOT NULL,
  `lastUpdated` timestamp NOT NULL DEFAULT CURRENT_TIMESTAMP ON UPDATE CURRENT_TIMESTAMP,
  `updatedBy` varchar(255) NOT NULL,
  PRIMARY KEY (`ID`),
  KEY `idx_answer_deleted` (`deleted`),
  KEY `fk_answer_questionId_question_ID` (`questionId`),
  KEY `fk_answer_sectionId_section_ID` (`sectionId`),
  KEY `fk_answer_questionnaireId_questionnaire_ID` (`questionnaireId`),
  KEY `fk_answer_answerSectionId_answerSection_ID` (`answerSectionId`),
  KEY `fk_answer_patientId_patient_ID` (`patientId`),
  KEY `fk_answer_languageId_language_ID` (`languageId`),
  KEY `fk_answer_TypeId_type_ID` (`typeId`),
  CONSTRAINT `fk_answer_TypeId_type_ID` FOREIGN KEY (`typeId`) REFERENCES `type` (`ID`) ON DELETE NO ACTION ON UPDATE NO ACTION,
  CONSTRAINT `fk_answer_answerSectionId_answerSection_ID` FOREIGN KEY (`answerSectionId`) REFERENCES `answerSection` (`ID`),
  CONSTRAINT `fk_answer_languageId_language_ID` FOREIGN KEY (`languageId`) REFERENCES `language` (`ID`) ON DELETE NO ACTION ON UPDATE NO ACTION,
  CONSTRAINT `fk_answer_patientId_patient_ID` FOREIGN KEY (`patientId`) REFERENCES `patient` (`ID`) ON DELETE NO ACTION ON UPDATE NO ACTION,
  CONSTRAINT `fk_answer_questionId_question_ID` FOREIGN KEY (`questionId`) REFERENCES `question` (`ID`),
  CONSTRAINT `fk_answer_questionnaireId_questionnaire_ID` FOREIGN KEY (`questionnaireId`) REFERENCES `questionnaire` (`ID`),
  CONSTRAINT `fk_answer_sectionId_section_ID` FOREIGN KEY (`sectionId`) REFERENCES `section` (`ID`)
) ENGINE=InnoDB AUTO_INCREMENT=1643 DEFAULT CHARSET=utf8;

-- Dumping data for table questionnaireDB2019.answer: ~1,642 rows (approximately)
/*!40000 ALTER TABLE `answer` DISABLE KEYS */;
INSERT INTO `answer` (`ID`, `questionnaireId`, `sectionId`, `questionId`, `typeId`, `answerSectionId`, `languageId`, `patientId`, `answered`, `skipped`, `deleted`, `deletedBy`, `creationDate`, `createdBy`, `lastUpdated`, `updatedBy`) VALUES
	(1, 11, 11, 823, 2, 1, -1, 1, 1, 0, 0, '', '2019-04-17 15:25:16', 'QUESTIONNAIRE_MIGRATION_2019', '2019-04-17 15:25:16', 'QUESTIONNAIRE_MIGRATION_2019'),
	(2, 11, 11, 824, 2, 1, -1, 1, 1, 0, 0, '', '2019-04-17 15:25:16', 'QUESTIONNAIRE_MIGRATION_2019', '2019-04-17 15:25:16', 'QUESTIONNAIRE_MIGRATION_2019'),
	(3, 11, 11, 811, 1, 1, -1, 1, 1, 0, 0, '', '2019-04-17 15:25:16', 'QUESTIONNAIRE_MIGRATION_2019', '2019-04-17 15:25:16', 'QUESTIONNAIRE_MIGRATION_2019'),
	(4, 11, 11, 830, 3, 1, -1, 1, 1, 0, 0, '', '2019-04-17 15:25:16', 'QUESTIONNAIRE_MIGRATION_2019', '2019-04-17 15:25:16', 'QUESTIONNAIRE_MIGRATION_2019'),
	(5, 11, 11, 832, 3, 1, -1, 1, 1, 0, 0, '', '2019-04-17 15:25:16', 'QUESTIONNAIRE_MIGRATION_2019', '2019-04-17 15:25:16', 'QUESTIONNAIRE_MIGRATION_2019'),
	(6, 11, 11, 823, 2, 2, -1, 1, 1, 0, 0, '', '2019-04-17 15:25:16', 'QUESTIONNAIRE_MIGRATION_2019', '2019-04-17 15:25:16', 'QUESTIONNAIRE_MIGRATION_2019'),
	(7, 11, 11, 824, 2, 2, -1, 1, 1, 0, 0, '', '2019-04-17 15:25:16', 'QUESTIONNAIRE_MIGRATION_2019', '2019-04-17 15:25:16', 'QUESTIONNAIRE_MIGRATION_2019'),
	(8, 11, 11, 811, 1, 2, -1, 1, 1, 0, 0, '', '2019-04-17 15:25:16', 'QUESTIONNAIRE_MIGRATION_2019', '2019-04-17 15:25:16', 'QUESTIONNAIRE_MIGRATION_2019'),
	(9, 11, 11, 830, 3, 2, -1, 1, 1, 0, 0, '', '2019-04-17 15:25:16', 'QUESTIONNAIRE_MIGRATION_2019', '2019-04-17 15:25:16', 'QUESTIONNAIRE_MIGRATION_2019'),
	(10, 11, 11, 832, 3, 2, -1, 1, 1, 0, 0, '', '2019-04-17 15:25:16', 'QUESTIONNAIRE_MIGRATION_2019', '2019-04-17 15:25:16', 'QUESTIONNAIRE_MIGRATION_2019'),
	(11, 11, 11, 823, 2, 3, -1, 3, 1, 0, 0, '', '2019-04-17 15:25:16', 'QUESTIONNAIRE_MIGRATION_2019', '2019-04-17 15:25:16', 'QUESTIONNAIRE_MIGRATION_2019'),
	(12, 11, 11, 824, 2, 4, -1, 3, 1, 0, 0, '', '2019-04-17 15:25:17', 'QUESTIONNAIRE_MIGRATION_2019', '2019-04-17 15:25:17', 'QUESTIONNAIRE_MIGRATION_2019'),
	(13, 11, 11, 811, 1, 4, -1, 3, 1, 0, 0, '', '2019-04-17 15:25:17', 'QUESTIONNAIRE_MIGRATION_2019', '2019-04-17 15:25:17', 'QUESTIONNAIRE_MIGRATION_2019'),
	(14, 11, 11, 830, 3, 4, -1, 3, 1, 0, 0, '', '2019-04-17 15:25:17', 'QUESTIONNAIRE_MIGRATION_2019', '2019-04-17 15:25:17', 'QUESTIONNAIRE_MIGRATION_2019'),
	(15, 11, 11, 832, 3, 4, -1, 3, 1, 0, 0, '', '2019-04-17 15:25:17', 'QUESTIONNAIRE_MIGRATION_2019', '2019-04-17 15:25:17', 'QUESTIONNAIRE_MIGRATION_2019'),
	(16, 11, 11, 823, 2, 5, -1, 3, 1, 0, 0, '', '2019-04-17 15:25:17', 'QUESTIONNAIRE_MIGRATION_2019', '2019-04-17 15:25:17', 'QUESTIONNAIRE_MIGRATION_2019'),
	(17, 11, 11, 824, 2, 5, -1, 3, 1, 0, 0, '', '2019-04-17 15:25:17', 'QUESTIONNAIRE_MIGRATION_2019', '2019-04-17 15:25:17', 'QUESTIONNAIRE_MIGRATION_2019'),
	(18, 11, 11, 811, 1, 5, -1, 3, 1, 0, 0, '', '2019-04-17 15:25:17', 'QUESTIONNAIRE_MIGRATION_2019', '2019-04-17 15:25:17', 'QUESTIONNAIRE_MIGRATION_2019'),
	(19, 11, 11, 830, 3, 5, -1, 3, 1, 0, 0, '', '2019-04-17 15:25:17', 'QUESTIONNAIRE_MIGRATION_2019', '2019-04-17 15:25:17', 'QUESTIONNAIRE_MIGRATION_2019'),
	(20, 11, 11, 832, 3, 5, -1, 3, 1, 0, 0, '', '2019-04-17 15:25:17', 'QUESTIONNAIRE_MIGRATION_2019', '2019-04-17 15:25:17', 'QUESTIONNAIRE_MIGRATION_2019'),
	(21, 11, 11, 823, 2, 6, -1, 3, 1, 0, 0, '', '2019-04-17 15:25:17', 'QUESTIONNAIRE_MIGRATION_2019', '2019-04-17 15:25:17', 'QUESTIONNAIRE_MIGRATION_2019'),
	(22, 11, 11, 824, 2, 6, -1, 3, 1, 0, 0, '', '2019-04-17 15:25:17', 'QUESTIONNAIRE_MIGRATION_2019', '2019-04-17 15:25:17', 'QUESTIONNAIRE_MIGRATION_2019'),
	(23, 11, 11, 811, 1, 6, -1, 3, 1, 0, 0, '', '2019-04-17 15:25:17', 'QUESTIONNAIRE_MIGRATION_2019', '2019-04-17 15:25:17', 'QUESTIONNAIRE_MIGRATION_2019'),
	(24, 11, 11, 830, 3, 6, -1, 3, 1, 0, 0, '', '2019-04-17 15:25:17', 'QUESTIONNAIRE_MIGRATION_2019', '2019-04-17 15:25:17', 'QUESTIONNAIRE_MIGRATION_2019'),
	(25, 11, 11, 832, 3, 6, -1, 3, 1, 0, 0, '', '2019-04-17 15:25:17', 'QUESTIONNAIRE_MIGRATION_2019', '2019-04-17 15:25:17', 'QUESTIONNAIRE_MIGRATION_2019'),
	(26, 11, 11, 823, 2, 7, -1, 3, 1, 0, 0, '', '2019-04-17 15:25:17', 'QUESTIONNAIRE_MIGRATION_2019', '2019-04-17 15:25:17', 'QUESTIONNAIRE_MIGRATION_2019'),
	(27, 11, 11, 824, 2, 7, -1, 3, 1, 0, 0, '', '2019-04-17 15:25:17', 'QUESTIONNAIRE_MIGRATION_2019', '2019-04-17 15:25:17', 'QUESTIONNAIRE_MIGRATION_2019'),
	(28, 11, 11, 811, 1, 7, -1, 3, 1, 0, 0, '', '2019-04-17 15:25:17', 'QUESTIONNAIRE_MIGRATION_2019', '2019-04-17 15:25:17', 'QUESTIONNAIRE_MIGRATION_2019'),
	(29, 11, 11, 830, 3, 7, -1, 3, 1, 0, 0, '', '2019-04-17 15:25:17', 'QUESTIONNAIRE_MIGRATION_2019', '2019-04-17 15:25:17', 'QUESTIONNAIRE_MIGRATION_2019'),
	(30, 11, 11, 832, 3, 7, -1, 3, 1, 0, 0, '', '2019-04-17 15:25:17', 'QUESTIONNAIRE_MIGRATION_2019', '2019-04-17 15:25:17', 'QUESTIONNAIRE_MIGRATION_2019'),
	(31, 11, 11, 823, 2, 8, -1, 3, 1, 0, 0, '', '2019-04-17 15:25:17', 'QUESTIONNAIRE_MIGRATION_2019', '2019-04-17 15:25:17', 'QUESTIONNAIRE_MIGRATION_2019'),
	(32, 11, 11, 824, 2, 8, -1, 3, 1, 0, 0, '', '2019-04-17 15:25:17', 'QUESTIONNAIRE_MIGRATION_2019', '2019-04-17 15:25:17', 'QUESTIONNAIRE_MIGRATION_2019'),
	(33, 11, 11, 811, 1, 8, -1, 3, 1, 0, 0, '', '2019-04-17 15:25:17', 'QUESTIONNAIRE_MIGRATION_2019', '2019-04-17 15:25:17', 'QUESTIONNAIRE_MIGRATION_2019'),
	(34, 11, 11, 830, 3, 8, -1, 3, 1, 0, 0, '', '2019-04-17 15:25:17', 'QUESTIONNAIRE_MIGRATION_2019', '2019-04-17 15:25:17', 'QUESTIONNAIRE_MIGRATION_2019'),
	(35, 11, 11, 832, 3, 8, -1, 3, 1, 0, 0, '', '2019-04-17 15:25:17', 'QUESTIONNAIRE_MIGRATION_2019', '2019-04-17 15:25:17', 'QUESTIONNAIRE_MIGRATION_2019'),
	(36, 11, 11, 823, 2, 9, -1, 3, 1, 0, 0, '', '2019-04-17 15:25:17', 'QUESTIONNAIRE_MIGRATION_2019', '2019-04-17 15:25:17', 'QUESTIONNAIRE_MIGRATION_2019'),
	(37, 11, 11, 824, 2, 9, -1, 3, 1, 0, 0, '', '2019-04-17 15:25:17', 'QUESTIONNAIRE_MIGRATION_2019', '2019-04-17 15:25:17', 'QUESTIONNAIRE_MIGRATION_2019'),
	(38, 11, 11, 811, 1, 9, -1, 3, 1, 0, 0, '', '2019-04-17 15:25:17', 'QUESTIONNAIRE_MIGRATION_2019', '2019-04-17 15:25:17', 'QUESTIONNAIRE_MIGRATION_2019'),
	(39, 11, 11, 830, 3, 9, -1, 3, 1, 0, 0, '', '2019-04-17 15:25:17', 'QUESTIONNAIRE_MIGRATION_2019', '2019-04-17 15:25:17', 'QUESTIONNAIRE_MIGRATION_2019'),
	(40, 11, 11, 832, 3, 9, -1, 3, 1, 0, 0, '', '2019-04-17 15:25:17', 'QUESTIONNAIRE_MIGRATION_2019', '2019-04-17 15:25:17', 'QUESTIONNAIRE_MIGRATION_2019'),
	(41, 11, 11, 823, 2, 10, -1, 3, 1, 0, 0, '', '2019-04-17 15:25:17', 'QUESTIONNAIRE_MIGRATION_2019', '2019-04-17 15:25:17', 'QUESTIONNAIRE_MIGRATION_2019'),
	(42, 11, 11, 824, 2, 10, -1, 3, 1, 0, 0, '', '2019-04-17 15:25:17', 'QUESTIONNAIRE_MIGRATION_2019', '2019-04-17 15:25:17', 'QUESTIONNAIRE_MIGRATION_2019'),
	(43, 11, 11, 811, 1, 10, -1, 3, 1, 0, 0, '', '2019-04-17 15:25:17', 'QUESTIONNAIRE_MIGRATION_2019', '2019-04-17 15:25:17', 'QUESTIONNAIRE_MIGRATION_2019'),
	(44, 11, 11, 830, 3, 10, -1, 3, 1, 0, 0, '', '2019-04-17 15:25:17', 'QUESTIONNAIRE_MIGRATION_2019', '2019-04-17 15:25:17', 'QUESTIONNAIRE_MIGRATION_2019'),
	(45, 11, 11, 832, 3, 10, -1, 3, 1, 0, 0, '', '2019-04-17 15:25:17', 'QUESTIONNAIRE_MIGRATION_2019', '2019-04-17 15:25:17', 'QUESTIONNAIRE_MIGRATION_2019'),
	(46, 11, 11, 823, 2, 11, -1, 3, 1, 0, 0, '', '2019-04-17 15:25:17', 'QUESTIONNAIRE_MIGRATION_2019', '2019-04-17 15:25:17', 'QUESTIONNAIRE_MIGRATION_2019'),
	(47, 11, 11, 824, 2, 11, -1, 3, 1, 0, 0, '', '2019-04-17 15:25:17', 'QUESTIONNAIRE_MIGRATION_2019', '2019-04-17 15:25:17', 'QUESTIONNAIRE_MIGRATION_2019'),
	(48, 11, 11, 811, 1, 11, -1, 3, 1, 0, 0, '', '2019-04-17 15:25:17', 'QUESTIONNAIRE_MIGRATION_2019', '2019-04-17 15:25:17', 'QUESTIONNAIRE_MIGRATION_2019'),
	(49, 11, 11, 830, 3, 11, -1, 3, 1, 0, 0, '', '2019-04-17 15:25:17', 'QUESTIONNAIRE_MIGRATION_2019', '2019-04-17 15:25:17', 'QUESTIONNAIRE_MIGRATION_2019'),
	(50, 11, 11, 832, 3, 11, -1, 3, 1, 0, 0, '', '2019-04-17 15:25:17', 'QUESTIONNAIRE_MIGRATION_2019', '2019-04-17 15:25:17', 'QUESTIONNAIRE_MIGRATION_2019'),
	(51, 11, 11, 823, 2, 12, -1, 3, 1, 0, 0, '', '2019-04-17 15:25:17', 'QUESTIONNAIRE_MIGRATION_2019', '2019-04-17 15:25:17', 'QUESTIONNAIRE_MIGRATION_2019'),
	(52, 11, 11, 824, 2, 12, -1, 3, 1, 0, 0, '', '2019-04-17 15:25:17', 'QUESTIONNAIRE_MIGRATION_2019', '2019-04-17 15:25:17', 'QUESTIONNAIRE_MIGRATION_2019'),
	(53, 11, 11, 811, 1, 12, -1, 3, 1, 0, 0, '', '2019-04-17 15:25:17', 'QUESTIONNAIRE_MIGRATION_2019', '2019-04-17 15:25:17', 'QUESTIONNAIRE_MIGRATION_2019'),
	(54, 11, 11, 830, 3, 12, -1, 3, 1, 0, 0, '', '2019-04-17 15:25:17', 'QUESTIONNAIRE_MIGRATION_2019', '2019-04-17 15:25:17', 'QUESTIONNAIRE_MIGRATION_2019'),
	(55, 11, 11, 832, 3, 12, -1, 3, 1, 0, 0, '', '2019-04-17 15:25:17', 'QUESTIONNAIRE_MIGRATION_2019', '2019-04-17 15:25:17', 'QUESTIONNAIRE_MIGRATION_2019'),
	(56, 11, 11, 823, 2, 13, -1, 3, 1, 0, 0, '', '2019-04-17 15:25:17', 'QUESTIONNAIRE_MIGRATION_2019', '2019-04-17 15:25:17', 'QUESTIONNAIRE_MIGRATION_2019'),
	(57, 11, 11, 824, 2, 13, -1, 3, 1, 0, 0, '', '2019-04-17 15:25:17', 'QUESTIONNAIRE_MIGRATION_2019', '2019-04-17 15:25:17', 'QUESTIONNAIRE_MIGRATION_2019'),
	(58, 11, 11, 811, 1, 13, -1, 3, 1, 0, 0, '', '2019-04-17 15:25:17', 'QUESTIONNAIRE_MIGRATION_2019', '2019-04-17 15:25:17', 'QUESTIONNAIRE_MIGRATION_2019'),
	(59, 11, 11, 830, 3, 13, -1, 3, 1, 0, 0, '', '2019-04-17 15:25:17', 'QUESTIONNAIRE_MIGRATION_2019', '2019-04-17 15:25:17', 'QUESTIONNAIRE_MIGRATION_2019'),
	(60, 11, 11, 832, 3, 13, -1, 3, 1, 0, 0, '', '2019-04-17 15:25:17', 'QUESTIONNAIRE_MIGRATION_2019', '2019-04-17 15:25:17', 'QUESTIONNAIRE_MIGRATION_2019'),
	(61, 11, 11, 823, 2, 14, -1, 3, 1, 0, 0, '', '2019-04-17 15:25:17', 'QUESTIONNAIRE_MIGRATION_2019', '2019-04-17 15:25:17', 'QUESTIONNAIRE_MIGRATION_2019'),
	(62, 11, 11, 824, 2, 14, -1, 3, 1, 0, 0, '', '2019-04-17 15:25:17', 'QUESTIONNAIRE_MIGRATION_2019', '2019-04-17 15:25:17', 'QUESTIONNAIRE_MIGRATION_2019'),
	(63, 11, 11, 811, 1, 14, -1, 3, 1, 0, 0, '', '2019-04-17 15:25:17', 'QUESTIONNAIRE_MIGRATION_2019', '2019-04-17 15:25:17', 'QUESTIONNAIRE_MIGRATION_2019'),
	(64, 11, 11, 830, 3, 14, -1, 3, 1, 0, 0, '', '2019-04-17 15:25:17', 'QUESTIONNAIRE_MIGRATION_2019', '2019-04-17 15:25:17', 'QUESTIONNAIRE_MIGRATION_2019'),
	(65, 11, 11, 832, 3, 14, -1, 3, 1, 0, 0, '', '2019-04-17 15:25:17', 'QUESTIONNAIRE_MIGRATION_2019', '2019-04-17 15:25:17', 'QUESTIONNAIRE_MIGRATION_2019'),
	(66, 11, 11, 823, 2, 15, -1, 3, 1, 0, 0, '', '2019-04-17 15:25:17', 'QUESTIONNAIRE_MIGRATION_2019', '2019-04-17 15:25:17', 'QUESTIONNAIRE_MIGRATION_2019'),
	(67, 11, 11, 824, 2, 15, -1, 3, 1, 0, 0, '', '2019-04-17 15:25:17', 'QUESTIONNAIRE_MIGRATION_2019', '2019-04-17 15:25:17', 'QUESTIONNAIRE_MIGRATION_2019'),
	(68, 11, 11, 811, 1, 15, -1, 3, 1, 0, 0, '', '2019-04-17 15:25:17', 'QUESTIONNAIRE_MIGRATION_2019', '2019-04-17 15:25:17', 'QUESTIONNAIRE_MIGRATION_2019'),
	(69, 11, 11, 830, 3, 15, -1, 3, 1, 0, 0, '', '2019-04-17 15:25:17', 'QUESTIONNAIRE_MIGRATION_2019', '2019-04-17 15:25:17', 'QUESTIONNAIRE_MIGRATION_2019'),
	(70, 11, 11, 832, 3, 15, -1, 3, 1, 0, 0, '', '2019-04-17 15:25:17', 'QUESTIONNAIRE_MIGRATION_2019', '2019-04-17 15:25:17', 'QUESTIONNAIRE_MIGRATION_2019'),
	(71, 11, 11, 823, 2, 16, -1, 3, 1, 0, 0, '', '2019-04-17 15:25:17', 'QUESTIONNAIRE_MIGRATION_2019', '2019-04-17 15:25:17', 'QUESTIONNAIRE_MIGRATION_2019'),
	(72, 11, 11, 824, 2, 16, -1, 3, 1, 0, 0, '', '2019-04-17 15:25:17', 'QUESTIONNAIRE_MIGRATION_2019', '2019-04-17 15:25:17', 'QUESTIONNAIRE_MIGRATION_2019'),
	(73, 11, 11, 811, 1, 16, -1, 3, 1, 0, 0, '', '2019-04-17 15:25:17', 'QUESTIONNAIRE_MIGRATION_2019', '2019-04-17 15:25:17', 'QUESTIONNAIRE_MIGRATION_2019'),
	(74, 11, 11, 830, 3, 16, -1, 3, 1, 0, 0, '', '2019-04-17 15:25:17', 'QUESTIONNAIRE_MIGRATION_2019', '2019-04-17 15:25:17', 'QUESTIONNAIRE_MIGRATION_2019'),
	(75, 11, 11, 832, 3, 16, -1, 3, 1, 0, 0, '', '2019-04-17 15:25:17', 'QUESTIONNAIRE_MIGRATION_2019', '2019-04-17 15:25:17', 'QUESTIONNAIRE_MIGRATION_2019'),
	(76, 11, 11, 823, 2, 17, -1, 3, 1, 0, 0, '', '2019-04-17 15:25:17', 'QUESTIONNAIRE_MIGRATION_2019', '2019-04-17 15:25:17', 'QUESTIONNAIRE_MIGRATION_2019'),
	(77, 11, 11, 824, 2, 17, -1, 3, 1, 0, 0, '', '2019-04-17 15:25:17', 'QUESTIONNAIRE_MIGRATION_2019', '2019-04-17 15:25:17', 'QUESTIONNAIRE_MIGRATION_2019'),
	(78, 11, 11, 811, 1, 17, -1, 3, 1, 0, 0, '', '2019-04-17 15:25:17', 'QUESTIONNAIRE_MIGRATION_2019', '2019-04-17 15:25:17', 'QUESTIONNAIRE_MIGRATION_2019'),
	(79, 11, 11, 830, 3, 17, -1, 3, 1, 0, 0, '', '2019-04-17 15:25:17', 'QUESTIONNAIRE_MIGRATION_2019', '2019-04-17 15:25:17', 'QUESTIONNAIRE_MIGRATION_2019'),
	(80, 11, 11, 832, 3, 17, -1, 3, 1, 0, 0, '', '2019-04-17 15:25:17', 'QUESTIONNAIRE_MIGRATION_2019', '2019-04-17 15:25:17', 'QUESTIONNAIRE_MIGRATION_2019'),
	(81, 11, 11, 823, 2, 18, -1, 3, 1, 0, 0, '', '2019-04-17 15:25:17', 'QUESTIONNAIRE_MIGRATION_2019', '2019-04-17 15:25:17', 'QUESTIONNAIRE_MIGRATION_2019'),
	(82, 11, 11, 824, 2, 18, -1, 3, 1, 0, 0, '', '2019-04-17 15:25:17', 'QUESTIONNAIRE_MIGRATION_2019', '2019-04-17 15:25:17', 'QUESTIONNAIRE_MIGRATION_2019'),
	(83, 11, 11, 811, 1, 18, -1, 3, 1, 0, 0, '', '2019-04-17 15:25:17', 'QUESTIONNAIRE_MIGRATION_2019', '2019-04-17 15:25:17', 'QUESTIONNAIRE_MIGRATION_2019'),
	(84, 11, 11, 830, 3, 18, -1, 3, 1, 0, 0, '', '2019-04-17 15:25:17', 'QUESTIONNAIRE_MIGRATION_2019', '2019-04-17 15:25:17', 'QUESTIONNAIRE_MIGRATION_2019'),
	(85, 11, 11, 832, 3, 18, -1, 3, 1, 0, 0, '', '2019-04-17 15:25:17', 'QUESTIONNAIRE_MIGRATION_2019', '2019-04-17 15:25:17', 'QUESTIONNAIRE_MIGRATION_2019'),
	(86, 11, 11, 823, 2, 19, -1, 3, 1, 0, 0, '', '2019-04-17 15:25:17', 'QUESTIONNAIRE_MIGRATION_2019', '2019-04-17 15:25:17', 'QUESTIONNAIRE_MIGRATION_2019'),
	(87, 11, 11, 824, 2, 19, -1, 3, 1, 0, 0, '', '2019-04-17 15:25:17', 'QUESTIONNAIRE_MIGRATION_2019', '2019-04-17 15:25:17', 'QUESTIONNAIRE_MIGRATION_2019'),
	(88, 11, 11, 811, 1, 19, -1, 3, 1, 0, 0, '', '2019-04-17 15:25:17', 'QUESTIONNAIRE_MIGRATION_2019', '2019-04-17 15:25:17', 'QUESTIONNAIRE_MIGRATION_2019'),
	(89, 11, 11, 830, 3, 19, -1, 3, 1, 0, 0, '', '2019-04-17 15:25:17', 'QUESTIONNAIRE_MIGRATION_2019', '2019-04-17 15:25:17', 'QUESTIONNAIRE_MIGRATION_2019'),
	(90, 11, 11, 832, 3, 19, -1, 3, 1, 0, 0, '', '2019-04-17 15:25:17', 'QUESTIONNAIRE_MIGRATION_2019', '2019-04-17 15:25:17', 'QUESTIONNAIRE_MIGRATION_2019'),
	(91, 11, 11, 823, 2, 20, -1, 3, 1, 0, 0, '', '2019-04-17 15:25:17', 'QUESTIONNAIRE_MIGRATION_2019', '2019-04-17 15:25:17', 'QUESTIONNAIRE_MIGRATION_2019'),
	(92, 11, 11, 824, 2, 20, -1, 3, 1, 0, 0, '', '2019-04-17 15:25:17', 'QUESTIONNAIRE_MIGRATION_2019', '2019-04-17 15:25:17', 'QUESTIONNAIRE_MIGRATION_2019'),
	(93, 11, 11, 811, 1, 20, -1, 3, 1, 0, 0, '', '2019-04-17 15:25:17', 'QUESTIONNAIRE_MIGRATION_2019', '2019-04-17 15:25:17', 'QUESTIONNAIRE_MIGRATION_2019'),
	(94, 11, 11, 830, 3, 20, -1, 3, 1, 0, 0, '', '2019-04-17 15:25:17', 'QUESTIONNAIRE_MIGRATION_2019', '2019-04-17 15:25:17', 'QUESTIONNAIRE_MIGRATION_2019'),
	(95, 11, 11, 832, 3, 20, -1, 3, 1, 0, 0, '', '2019-04-17 15:25:17', 'QUESTIONNAIRE_MIGRATION_2019', '2019-04-17 15:25:17', 'QUESTIONNAIRE_MIGRATION_2019'),
	(96, 11, 11, 823, 2, 21, -1, 3, 1, 0, 0, '', '2019-04-17 15:25:17', 'QUESTIONNAIRE_MIGRATION_2019', '2019-04-17 15:25:17', 'QUESTIONNAIRE_MIGRATION_2019'),
	(97, 11, 11, 824, 2, 21, -1, 3, 1, 0, 0, '', '2019-04-17 15:25:17', 'QUESTIONNAIRE_MIGRATION_2019', '2019-04-17 15:25:17', 'QUESTIONNAIRE_MIGRATION_2019'),
	(98, 11, 11, 811, 1, 21, -1, 3, 1, 0, 0, '', '2019-04-17 15:25:17', 'QUESTIONNAIRE_MIGRATION_2019', '2019-04-17 15:25:17', 'QUESTIONNAIRE_MIGRATION_2019'),
	(99, 11, 11, 830, 3, 21, -1, 3, 1, 0, 0, '', '2019-04-17 15:25:17', 'QUESTIONNAIRE_MIGRATION_2019', '2019-04-17 15:25:17', 'QUESTIONNAIRE_MIGRATION_2019'),
	(100, 11, 11, 832, 3, 21, -1, 3, 1, 0, 0, '', '2019-04-17 15:25:17', 'QUESTIONNAIRE_MIGRATION_2019', '2019-04-17 15:25:17', 'QUESTIONNAIRE_MIGRATION_2019'),
	(101, 11, 11, 823, 2, 22, -1, 3, 1, 0, 0, '', '2019-04-17 15:25:17', 'QUESTIONNAIRE_MIGRATION_2019', '2019-04-17 15:25:17', 'QUESTIONNAIRE_MIGRATION_2019'),
	(102, 11, 11, 824, 2, 22, -1, 3, 1, 0, 0, '', '2019-04-17 15:25:17', 'QUESTIONNAIRE_MIGRATION_2019', '2019-04-17 15:25:17', 'QUESTIONNAIRE_MIGRATION_2019'),
	(103, 11, 11, 811, 1, 22, -1, 3, 1, 0, 0, '', '2019-04-17 15:25:17', 'QUESTIONNAIRE_MIGRATION_2019', '2019-04-17 15:25:17', 'QUESTIONNAIRE_MIGRATION_2019'),
	(104, 11, 11, 830, 3, 22, -1, 3, 1, 0, 0, '', '2019-04-17 15:25:17', 'QUESTIONNAIRE_MIGRATION_2019', '2019-04-17 15:25:17', 'QUESTIONNAIRE_MIGRATION_2019'),
	(105, 11, 11, 832, 3, 22, -1, 3, 1, 0, 0, '', '2019-04-17 15:25:17', 'QUESTIONNAIRE_MIGRATION_2019', '2019-04-17 15:25:17', 'QUESTIONNAIRE_MIGRATION_2019'),
	(106, 11, 11, 823, 2, 23, -1, 3, 1, 0, 0, '', '2019-04-17 15:25:17', 'QUESTIONNAIRE_MIGRATION_2019', '2019-04-17 15:25:17', 'QUESTIONNAIRE_MIGRATION_2019'),
	(107, 11, 11, 824, 2, 23, -1, 3, 1, 0, 0, '', '2019-04-17 15:25:17', 'QUESTIONNAIRE_MIGRATION_2019', '2019-04-17 15:25:17', 'QUESTIONNAIRE_MIGRATION_2019'),
	(108, 11, 11, 811, 1, 23, -1, 3, 1, 0, 0, '', '2019-04-17 15:25:17', 'QUESTIONNAIRE_MIGRATION_2019', '2019-04-17 15:25:17', 'QUESTIONNAIRE_MIGRATION_2019'),
	(109, 11, 11, 830, 3, 23, -1, 3, 1, 0, 0, '', '2019-04-17 15:25:17', 'QUESTIONNAIRE_MIGRATION_2019', '2019-04-17 15:25:17', 'QUESTIONNAIRE_MIGRATION_2019'),
	(110, 11, 11, 832, 3, 23, -1, 3, 1, 0, 0, '', '2019-04-17 15:25:17', 'QUESTIONNAIRE_MIGRATION_2019', '2019-04-17 15:25:17', 'QUESTIONNAIRE_MIGRATION_2019'),
	(111, 11, 11, 823, 2, 24, -1, 3, 1, 0, 0, '', '2019-04-17 15:25:17', 'QUESTIONNAIRE_MIGRATION_2019', '2019-04-17 15:25:17', 'QUESTIONNAIRE_MIGRATION_2019'),
	(112, 11, 11, 824, 2, 24, -1, 3, 1, 0, 0, '', '2019-04-17 15:25:17', 'QUESTIONNAIRE_MIGRATION_2019', '2019-04-17 15:25:17', 'QUESTIONNAIRE_MIGRATION_2019'),
	(113, 11, 11, 811, 1, 24, -1, 3, 1, 0, 0, '', '2019-04-17 15:25:17', 'QUESTIONNAIRE_MIGRATION_2019', '2019-04-17 15:25:17', 'QUESTIONNAIRE_MIGRATION_2019'),
	(114, 11, 11, 830, 3, 24, -1, 3, 1, 0, 0, '', '2019-04-17 15:25:17', 'QUESTIONNAIRE_MIGRATION_2019', '2019-04-17 15:25:17', 'QUESTIONNAIRE_MIGRATION_2019'),
	(115, 11, 11, 832, 3, 24, -1, 3, 1, 0, 0, '', '2019-04-17 15:25:17', 'QUESTIONNAIRE_MIGRATION_2019', '2019-04-17 15:25:17', 'QUESTIONNAIRE_MIGRATION_2019'),
	(116, 11, 11, 823, 2, 25, -1, 3, 1, 0, 0, '', '2019-04-17 15:25:17', 'QUESTIONNAIRE_MIGRATION_2019', '2019-04-17 15:25:17', 'QUESTIONNAIRE_MIGRATION_2019'),
	(117, 11, 11, 824, 2, 25, -1, 3, 1, 0, 0, '', '2019-04-17 15:25:17', 'QUESTIONNAIRE_MIGRATION_2019', '2019-04-17 15:25:17', 'QUESTIONNAIRE_MIGRATION_2019'),
	(118, 11, 11, 811, 1, 25, -1, 3, 1, 0, 0, '', '2019-04-17 15:25:17', 'QUESTIONNAIRE_MIGRATION_2019', '2019-04-17 15:25:17', 'QUESTIONNAIRE_MIGRATION_2019'),
	(119, 11, 11, 830, 3, 25, -1, 3, 1, 0, 0, '', '2019-04-17 15:25:17', 'QUESTIONNAIRE_MIGRATION_2019', '2019-04-17 15:25:17', 'QUESTIONNAIRE_MIGRATION_2019'),
	(120, 11, 11, 832, 3, 25, -1, 3, 1, 0, 0, '', '2019-04-17 15:25:17', 'QUESTIONNAIRE_MIGRATION_2019', '2019-04-17 15:25:17', 'QUESTIONNAIRE_MIGRATION_2019'),
	(121, 11, 11, 823, 2, 26, -1, 3, 1, 0, 0, '', '2019-04-17 15:25:17', 'QUESTIONNAIRE_MIGRATION_2019', '2019-04-17 15:25:17', 'QUESTIONNAIRE_MIGRATION_2019'),
	(122, 11, 11, 824, 2, 26, -1, 3, 1, 0, 0, '', '2019-04-17 15:25:17', 'QUESTIONNAIRE_MIGRATION_2019', '2019-04-17 15:25:17', 'QUESTIONNAIRE_MIGRATION_2019'),
	(123, 11, 11, 811, 1, 26, -1, 3, 1, 0, 0, '', '2019-04-17 15:25:17', 'QUESTIONNAIRE_MIGRATION_2019', '2019-04-17 15:25:17', 'QUESTIONNAIRE_MIGRATION_2019'),
	(124, 11, 11, 830, 3, 26, -1, 3, 1, 0, 0, '', '2019-04-17 15:25:17', 'QUESTIONNAIRE_MIGRATION_2019', '2019-04-17 15:25:17', 'QUESTIONNAIRE_MIGRATION_2019'),
	(125, 11, 11, 832, 3, 26, -1, 3, 1, 0, 0, '', '2019-04-17 15:25:17', 'QUESTIONNAIRE_MIGRATION_2019', '2019-04-17 15:25:17', 'QUESTIONNAIRE_MIGRATION_2019'),
	(126, 11, 11, 823, 2, 27, -1, 3, 1, 0, 0, '', '2019-04-17 15:25:17', 'QUESTIONNAIRE_MIGRATION_2019', '2019-04-17 15:25:17', 'QUESTIONNAIRE_MIGRATION_2019'),
	(127, 11, 11, 824, 2, 27, -1, 3, 1, 0, 0, '', '2019-04-17 15:25:17', 'QUESTIONNAIRE_MIGRATION_2019', '2019-04-17 15:25:17', 'QUESTIONNAIRE_MIGRATION_2019'),
	(128, 11, 11, 811, 1, 27, -1, 3, 1, 0, 0, '', '2019-04-17 15:25:17', 'QUESTIONNAIRE_MIGRATION_2019', '2019-04-17 15:25:17', 'QUESTIONNAIRE_MIGRATION_2019'),
	(129, 11, 11, 830, 3, 27, -1, 3, 1, 0, 0, '', '2019-04-17 15:25:17', 'QUESTIONNAIRE_MIGRATION_2019', '2019-04-17 15:25:17', 'QUESTIONNAIRE_MIGRATION_2019'),
	(130, 11, 11, 832, 3, 27, -1, 3, 1, 0, 0, '', '2019-04-17 15:25:17', 'QUESTIONNAIRE_MIGRATION_2019', '2019-04-17 15:25:17', 'QUESTIONNAIRE_MIGRATION_2019'),
	(131, 11, 11, 823, 2, 28, -1, 3, 1, 0, 0, '', '2019-04-17 15:25:17', 'QUESTIONNAIRE_MIGRATION_2019', '2019-04-17 15:25:17', 'QUESTIONNAIRE_MIGRATION_2019'),
	(132, 11, 11, 824, 2, 28, -1, 3, 1, 0, 0, '', '2019-04-17 15:25:17', 'QUESTIONNAIRE_MIGRATION_2019', '2019-04-17 15:25:17', 'QUESTIONNAIRE_MIGRATION_2019'),
	(133, 11, 11, 811, 1, 28, -1, 3, 1, 0, 0, '', '2019-04-17 15:25:17', 'QUESTIONNAIRE_MIGRATION_2019', '2019-04-17 15:25:17', 'QUESTIONNAIRE_MIGRATION_2019'),
	(134, 11, 11, 830, 3, 28, -1, 3, 1, 0, 0, '', '2019-04-17 15:25:17', 'QUESTIONNAIRE_MIGRATION_2019', '2019-04-17 15:25:17', 'QUESTIONNAIRE_MIGRATION_2019'),
	(135, 11, 11, 832, 3, 28, -1, 3, 1, 0, 0, '', '2019-04-17 15:25:17', 'QUESTIONNAIRE_MIGRATION_2019', '2019-04-17 15:25:17', 'QUESTIONNAIRE_MIGRATION_2019'),
	(136, 11, 11, 823, 2, 29, -1, 3, 1, 0, 0, '', '2019-04-17 15:25:17', 'QUESTIONNAIRE_MIGRATION_2019', '2019-04-17 15:25:17', 'QUESTIONNAIRE_MIGRATION_2019'),
	(137, 11, 11, 824, 2, 29, -1, 3, 1, 0, 0, '', '2019-04-17 15:25:17', 'QUESTIONNAIRE_MIGRATION_2019', '2019-04-17 15:25:17', 'QUESTIONNAIRE_MIGRATION_2019'),
	(138, 11, 11, 811, 1, 29, -1, 3, 1, 0, 0, '', '2019-04-17 15:25:17', 'QUESTIONNAIRE_MIGRATION_2019', '2019-04-17 15:25:17', 'QUESTIONNAIRE_MIGRATION_2019'),
	(139, 11, 11, 830, 3, 29, -1, 3, 1, 0, 0, '', '2019-04-17 15:25:17', 'QUESTIONNAIRE_MIGRATION_2019', '2019-04-17 15:25:17', 'QUESTIONNAIRE_MIGRATION_2019'),
	(140, 11, 11, 832, 3, 29, -1, 3, 1, 0, 0, '', '2019-04-17 15:25:17', 'QUESTIONNAIRE_MIGRATION_2019', '2019-04-17 15:25:17', 'QUESTIONNAIRE_MIGRATION_2019'),
	(141, 11, 11, 823, 2, 30, -1, 3, 1, 0, 0, '', '2019-04-17 15:25:17', 'QUESTIONNAIRE_MIGRATION_2019', '2019-04-17 15:25:17', 'QUESTIONNAIRE_MIGRATION_2019'),
	(142, 11, 11, 824, 2, 30, -1, 3, 1, 0, 0, '', '2019-04-17 15:25:17', 'QUESTIONNAIRE_MIGRATION_2019', '2019-04-17 15:25:17', 'QUESTIONNAIRE_MIGRATION_2019'),
	(143, 11, 11, 811, 1, 30, -1, 3, 1, 0, 0, '', '2019-04-17 15:25:17', 'QUESTIONNAIRE_MIGRATION_2019', '2019-04-17 15:25:17', 'QUESTIONNAIRE_MIGRATION_2019'),
	(144, 11, 11, 830, 3, 30, -1, 3, 1, 0, 0, '', '2019-04-17 15:25:17', 'QUESTIONNAIRE_MIGRATION_2019', '2019-04-17 15:25:17', 'QUESTIONNAIRE_MIGRATION_2019'),
	(145, 11, 11, 832, 3, 30, -1, 3, 1, 0, 0, '', '2019-04-17 15:25:17', 'QUESTIONNAIRE_MIGRATION_2019', '2019-04-17 15:25:17', 'QUESTIONNAIRE_MIGRATION_2019'),
	(146, 11, 11, 823, 2, 31, -1, 3, 1, 0, 0, '', '2019-04-17 15:25:17', 'QUESTIONNAIRE_MIGRATION_2019', '2019-04-17 15:25:17', 'QUESTIONNAIRE_MIGRATION_2019'),
	(147, 11, 11, 824, 2, 31, -1, 3, 1, 0, 0, '', '2019-04-17 15:25:17', 'QUESTIONNAIRE_MIGRATION_2019', '2019-04-17 15:25:17', 'QUESTIONNAIRE_MIGRATION_2019'),
	(148, 11, 11, 811, 1, 31, -1, 3, 1, 0, 0, '', '2019-04-17 15:25:17', 'QUESTIONNAIRE_MIGRATION_2019', '2019-04-17 15:25:17', 'QUESTIONNAIRE_MIGRATION_2019'),
	(149, 11, 11, 830, 3, 31, -1, 3, 1, 0, 0, '', '2019-04-17 15:25:17', 'QUESTIONNAIRE_MIGRATION_2019', '2019-04-17 15:25:17', 'QUESTIONNAIRE_MIGRATION_2019'),
	(150, 11, 11, 832, 3, 31, -1, 3, 1, 0, 0, '', '2019-04-17 15:25:17', 'QUESTIONNAIRE_MIGRATION_2019', '2019-04-17 15:25:17', 'QUESTIONNAIRE_MIGRATION_2019'),
	(151, 11, 11, 823, 2, 32, -1, 3, 1, 0, 0, '', '2019-04-17 15:25:17', 'QUESTIONNAIRE_MIGRATION_2019', '2019-04-17 15:25:17', 'QUESTIONNAIRE_MIGRATION_2019'),
	(152, 11, 11, 824, 2, 32, -1, 3, 1, 0, 0, '', '2019-04-17 15:25:17', 'QUESTIONNAIRE_MIGRATION_2019', '2019-04-17 15:25:17', 'QUESTIONNAIRE_MIGRATION_2019'),
	(153, 11, 11, 811, 1, 32, -1, 3, 1, 0, 0, '', '2019-04-17 15:25:17', 'QUESTIONNAIRE_MIGRATION_2019', '2019-04-17 15:25:17', 'QUESTIONNAIRE_MIGRATION_2019'),
	(154, 11, 11, 830, 3, 32, -1, 3, 1, 0, 0, '', '2019-04-17 15:25:17', 'QUESTIONNAIRE_MIGRATION_2019', '2019-04-17 15:25:17', 'QUESTIONNAIRE_MIGRATION_2019'),
	(155, 11, 11, 832, 3, 32, -1, 3, 1, 0, 0, '', '2019-04-17 15:25:17', 'QUESTIONNAIRE_MIGRATION_2019', '2019-04-17 15:25:17', 'QUESTIONNAIRE_MIGRATION_2019'),
	(156, 11, 11, 823, 2, 33, -1, 3, 1, 0, 0, '', '2019-04-17 15:25:17', 'QUESTIONNAIRE_MIGRATION_2019', '2019-04-17 15:25:17', 'QUESTIONNAIRE_MIGRATION_2019'),
	(157, 11, 11, 824, 2, 33, -1, 3, 1, 0, 0, '', '2019-04-17 15:25:17', 'QUESTIONNAIRE_MIGRATION_2019', '2019-04-17 15:25:17', 'QUESTIONNAIRE_MIGRATION_2019'),
	(158, 11, 11, 811, 1, 33, -1, 3, 1, 0, 0, '', '2019-04-17 15:25:17', 'QUESTIONNAIRE_MIGRATION_2019', '2019-04-17 15:25:17', 'QUESTIONNAIRE_MIGRATION_2019'),
	(159, 11, 11, 830, 3, 33, -1, 3, 1, 0, 0, '', '2019-04-17 15:25:17', 'QUESTIONNAIRE_MIGRATION_2019', '2019-04-17 15:25:17', 'QUESTIONNAIRE_MIGRATION_2019'),
	(160, 11, 11, 832, 3, 33, -1, 3, 1, 0, 0, '', '2019-04-17 15:25:17', 'QUESTIONNAIRE_MIGRATION_2019', '2019-04-17 15:25:17', 'QUESTIONNAIRE_MIGRATION_2019'),
	(161, 11, 11, 823, 2, 34, -1, 3, 1, 0, 0, '', '2019-04-17 15:25:17', 'QUESTIONNAIRE_MIGRATION_2019', '2019-04-17 15:25:17', 'QUESTIONNAIRE_MIGRATION_2019'),
	(162, 11, 11, 824, 2, 34, -1, 3, 1, 0, 0, '', '2019-04-17 15:25:17', 'QUESTIONNAIRE_MIGRATION_2019', '2019-04-17 15:25:17', 'QUESTIONNAIRE_MIGRATION_2019'),
	(163, 11, 11, 811, 1, 34, -1, 3, 1, 0, 0, '', '2019-04-17 15:25:17', 'QUESTIONNAIRE_MIGRATION_2019', '2019-04-17 15:25:17', 'QUESTIONNAIRE_MIGRATION_2019'),
	(164, 11, 11, 830, 3, 34, -1, 3, 1, 0, 0, '', '2019-04-17 15:25:17', 'QUESTIONNAIRE_MIGRATION_2019', '2019-04-17 15:25:17', 'QUESTIONNAIRE_MIGRATION_2019'),
	(165, 11, 11, 832, 3, 34, -1, 3, 1, 0, 0, '', '2019-04-17 15:25:17', 'QUESTIONNAIRE_MIGRATION_2019', '2019-04-17 15:25:17', 'QUESTIONNAIRE_MIGRATION_2019'),
	(166, 11, 11, 823, 2, 35, -1, 3, 1, 0, 0, '', '2019-04-17 15:25:17', 'QUESTIONNAIRE_MIGRATION_2019', '2019-04-17 15:25:17', 'QUESTIONNAIRE_MIGRATION_2019'),
	(167, 11, 11, 824, 2, 35, -1, 3, 1, 0, 0, '', '2019-04-17 15:25:17', 'QUESTIONNAIRE_MIGRATION_2019', '2019-04-17 15:25:17', 'QUESTIONNAIRE_MIGRATION_2019'),
	(168, 11, 11, 811, 1, 35, -1, 3, 1, 0, 0, '', '2019-04-17 15:25:17', 'QUESTIONNAIRE_MIGRATION_2019', '2019-04-17 15:25:17', 'QUESTIONNAIRE_MIGRATION_2019'),
	(169, 11, 11, 830, 3, 35, -1, 3, 1, 0, 0, '', '2019-04-17 15:25:17', 'QUESTIONNAIRE_MIGRATION_2019', '2019-04-17 15:25:17', 'QUESTIONNAIRE_MIGRATION_2019'),
	(170, 11, 11, 832, 3, 35, -1, 3, 1, 0, 0, '', '2019-04-17 15:25:17', 'QUESTIONNAIRE_MIGRATION_2019', '2019-04-17 15:25:17', 'QUESTIONNAIRE_MIGRATION_2019'),
	(171, 11, 11, 823, 2, 36, -1, 3, 1, 0, 0, '', '2019-04-17 15:25:17', 'QUESTIONNAIRE_MIGRATION_2019', '2019-04-17 15:25:17', 'QUESTIONNAIRE_MIGRATION_2019'),
	(172, 11, 11, 824, 2, 36, -1, 3, 1, 0, 0, '', '2019-04-17 15:25:17', 'QUESTIONNAIRE_MIGRATION_2019', '2019-04-17 15:25:17', 'QUESTIONNAIRE_MIGRATION_2019'),
	(173, 11, 11, 811, 1, 36, -1, 3, 1, 0, 0, '', '2019-04-17 15:25:17', 'QUESTIONNAIRE_MIGRATION_2019', '2019-04-17 15:25:17', 'QUESTIONNAIRE_MIGRATION_2019'),
	(174, 11, 11, 830, 3, 36, -1, 3, 1, 0, 0, '', '2019-04-17 15:25:17', 'QUESTIONNAIRE_MIGRATION_2019', '2019-04-17 15:25:17', 'QUESTIONNAIRE_MIGRATION_2019'),
	(175, 11, 11, 832, 3, 36, -1, 3, 1, 0, 0, '', '2019-04-17 15:25:17', 'QUESTIONNAIRE_MIGRATION_2019', '2019-04-17 15:25:17', 'QUESTIONNAIRE_MIGRATION_2019'),
	(176, 11, 11, 823, 2, 37, -1, 3, 1, 0, 0, '', '2019-04-17 15:25:17', 'QUESTIONNAIRE_MIGRATION_2019', '2019-04-17 15:25:17', 'QUESTIONNAIRE_MIGRATION_2019'),
	(177, 11, 11, 824, 2, 37, -1, 3, 1, 0, 0, '', '2019-04-17 15:25:17', 'QUESTIONNAIRE_MIGRATION_2019', '2019-04-17 15:25:17', 'QUESTIONNAIRE_MIGRATION_2019'),
	(178, 11, 11, 811, 1, 37, -1, 3, 1, 0, 0, '', '2019-04-17 15:25:17', 'QUESTIONNAIRE_MIGRATION_2019', '2019-04-17 15:25:17', 'QUESTIONNAIRE_MIGRATION_2019'),
	(179, 11, 11, 830, 3, 37, -1, 3, 1, 0, 0, '', '2019-04-17 15:25:17', 'QUESTIONNAIRE_MIGRATION_2019', '2019-04-17 15:25:17', 'QUESTIONNAIRE_MIGRATION_2019'),
	(180, 11, 11, 832, 3, 37, -1, 3, 1, 0, 0, '', '2019-04-17 15:25:17', 'QUESTIONNAIRE_MIGRATION_2019', '2019-04-17 15:25:17', 'QUESTIONNAIRE_MIGRATION_2019'),
	(181, 11, 11, 823, 2, 38, -1, 3, 1, 0, 0, '', '2019-04-17 15:25:17', 'QUESTIONNAIRE_MIGRATION_2019', '2019-04-17 15:25:17', 'QUESTIONNAIRE_MIGRATION_2019'),
	(182, 11, 11, 824, 2, 38, -1, 3, 1, 0, 0, '', '2019-04-17 15:25:17', 'QUESTIONNAIRE_MIGRATION_2019', '2019-04-17 15:25:17', 'QUESTIONNAIRE_MIGRATION_2019'),
	(183, 11, 11, 811, 1, 38, -1, 3, 1, 0, 0, '', '2019-04-17 15:25:17', 'QUESTIONNAIRE_MIGRATION_2019', '2019-04-17 15:25:17', 'QUESTIONNAIRE_MIGRATION_2019'),
	(184, 11, 11, 830, 3, 38, -1, 3, 1, 0, 0, '', '2019-04-17 15:25:17', 'QUESTIONNAIRE_MIGRATION_2019', '2019-04-17 15:25:17', 'QUESTIONNAIRE_MIGRATION_2019'),
	(185, 11, 11, 832, 3, 38, -1, 3, 1, 0, 0, '', '2019-04-17 15:25:17', 'QUESTIONNAIRE_MIGRATION_2019', '2019-04-17 15:25:17', 'QUESTIONNAIRE_MIGRATION_2019'),
	(186, 11, 11, 823, 2, 39, -1, 3, 1, 0, 0, '', '2019-04-17 15:25:17', 'QUESTIONNAIRE_MIGRATION_2019', '2019-04-17 15:25:17', 'QUESTIONNAIRE_MIGRATION_2019'),
	(187, 11, 11, 824, 2, 39, -1, 3, 1, 0, 0, '', '2019-04-17 15:25:17', 'QUESTIONNAIRE_MIGRATION_2019', '2019-04-17 15:25:17', 'QUESTIONNAIRE_MIGRATION_2019'),
	(188, 11, 11, 811, 1, 39, -1, 3, 1, 0, 0, '', '2019-04-17 15:25:17', 'QUESTIONNAIRE_MIGRATION_2019', '2019-04-17 15:25:17', 'QUESTIONNAIRE_MIGRATION_2019'),
	(189, 11, 11, 830, 3, 39, -1, 3, 1, 0, 0, '', '2019-04-17 15:25:17', 'QUESTIONNAIRE_MIGRATION_2019', '2019-04-17 15:25:17', 'QUESTIONNAIRE_MIGRATION_2019'),
	(190, 11, 11, 832, 3, 39, -1, 3, 1, 0, 0, '', '2019-04-17 15:25:17', 'QUESTIONNAIRE_MIGRATION_2019', '2019-04-17 15:25:17', 'QUESTIONNAIRE_MIGRATION_2019'),
	(191, 11, 11, 823, 2, 40, -1, 3, 1, 0, 0, '', '2019-04-17 15:25:17', 'QUESTIONNAIRE_MIGRATION_2019', '2019-04-17 15:25:17', 'QUESTIONNAIRE_MIGRATION_2019'),
	(192, 11, 11, 824, 2, 40, -1, 3, 1, 0, 0, '', '2019-04-17 15:25:17', 'QUESTIONNAIRE_MIGRATION_2019', '2019-04-17 15:25:17', 'QUESTIONNAIRE_MIGRATION_2019'),
	(193, 11, 11, 811, 1, 40, -1, 3, 1, 0, 0, '', '2019-04-17 15:25:17', 'QUESTIONNAIRE_MIGRATION_2019', '2019-04-17 15:25:17', 'QUESTIONNAIRE_MIGRATION_2019'),
	(194, 11, 11, 830, 3, 40, -1, 3, 1, 0, 0, '', '2019-04-17 15:25:17', 'QUESTIONNAIRE_MIGRATION_2019', '2019-04-17 15:25:17', 'QUESTIONNAIRE_MIGRATION_2019'),
	(195, 11, 11, 832, 3, 40, -1, 3, 1, 0, 0, '', '2019-04-17 15:25:17', 'QUESTIONNAIRE_MIGRATION_2019', '2019-04-17 15:25:17', 'QUESTIONNAIRE_MIGRATION_2019'),
	(196, 11, 11, 823, 2, 41, -1, 3, 1, 0, 0, '', '2019-04-17 15:25:17', 'QUESTIONNAIRE_MIGRATION_2019', '2019-04-17 15:25:17', 'QUESTIONNAIRE_MIGRATION_2019'),
	(197, 11, 11, 824, 2, 41, -1, 3, 1, 0, 0, '', '2019-04-17 15:25:17', 'QUESTIONNAIRE_MIGRATION_2019', '2019-04-17 15:25:17', 'QUESTIONNAIRE_MIGRATION_2019'),
	(198, 11, 11, 811, 1, 41, -1, 3, 1, 0, 0, '', '2019-04-17 15:25:17', 'QUESTIONNAIRE_MIGRATION_2019', '2019-04-17 15:25:17', 'QUESTIONNAIRE_MIGRATION_2019'),
	(199, 11, 11, 830, 3, 41, -1, 3, 1, 0, 0, '', '2019-04-17 15:25:17', 'QUESTIONNAIRE_MIGRATION_2019', '2019-04-17 15:25:17', 'QUESTIONNAIRE_MIGRATION_2019'),
	(200, 11, 11, 832, 3, 41, -1, 3, 1, 0, 0, '', '2019-04-17 15:25:17', 'QUESTIONNAIRE_MIGRATION_2019', '2019-04-17 15:25:17', 'QUESTIONNAIRE_MIGRATION_2019'),
	(201, 12, 12, 793, 2, 42, -1, 3, 1, 0, 0, '', '2019-04-17 15:25:17', 'QUESTIONNAIRE_MIGRATION_2019', '2019-04-17 15:25:17', 'QUESTIONNAIRE_MIGRATION_2019'),
	(202, 12, 12, 794, 2, 42, -1, 3, 1, 0, 0, '', '2019-04-17 15:25:17', 'QUESTIONNAIRE_MIGRATION_2019', '2019-04-17 15:25:17', 'QUESTIONNAIRE_MIGRATION_2019'),
	(203, 12, 12, 795, 2, 42, -1, 3, 1, 0, 0, '', '2019-04-17 15:25:17', 'QUESTIONNAIRE_MIGRATION_2019', '2019-04-17 15:25:17', 'QUESTIONNAIRE_MIGRATION_2019'),
	(204, 12, 12, 791, 2, 42, -1, 3, 1, 0, 0, '', '2019-04-17 15:25:17', 'QUESTIONNAIRE_MIGRATION_2019', '2019-04-17 15:25:17', 'QUESTIONNAIRE_MIGRATION_2019'),
	(205, 12, 12, 796, 2, 42, -1, 3, 1, 0, 0, '', '2019-04-17 15:25:17', 'QUESTIONNAIRE_MIGRATION_2019', '2019-04-17 15:25:17', 'QUESTIONNAIRE_MIGRATION_2019'),
	(206, 12, 12, 792, 2, 42, -1, 3, 1, 0, 0, '', '2019-04-17 15:25:17', 'QUESTIONNAIRE_MIGRATION_2019', '2019-04-17 15:25:17', 'QUESTIONNAIRE_MIGRATION_2019'),
	(207, 12, 12, 799, 2, 42, -1, 3, 1, 0, 0, '', '2019-04-17 15:25:17', 'QUESTIONNAIRE_MIGRATION_2019', '2019-04-17 15:25:17', 'QUESTIONNAIRE_MIGRATION_2019'),
	(208, 12, 12, 797, 2, 42, -1, 3, 1, 0, 0, '', '2019-04-17 15:25:17', 'QUESTIONNAIRE_MIGRATION_2019', '2019-04-17 15:25:17', 'QUESTIONNAIRE_MIGRATION_2019'),
	(209, 12, 12, 798, 2, 42, -1, 3, 1, 0, 0, '', '2019-04-17 15:25:17', 'QUESTIONNAIRE_MIGRATION_2019', '2019-04-17 15:25:17', 'QUESTIONNAIRE_MIGRATION_2019'),
	(210, 12, 12, 793, 2, 43, -1, 3, 1, 0, 0, '', '2019-04-17 15:25:17', 'QUESTIONNAIRE_MIGRATION_2019', '2019-04-17 15:25:17', 'QUESTIONNAIRE_MIGRATION_2019'),
	(211, 12, 12, 794, 2, 43, -1, 3, 1, 0, 0, '', '2019-04-17 15:25:17', 'QUESTIONNAIRE_MIGRATION_2019', '2019-04-17 15:25:17', 'QUESTIONNAIRE_MIGRATION_2019'),
	(212, 12, 12, 795, 2, 43, -1, 3, 1, 0, 0, '', '2019-04-17 15:25:17', 'QUESTIONNAIRE_MIGRATION_2019', '2019-04-17 15:25:17', 'QUESTIONNAIRE_MIGRATION_2019'),
	(213, 12, 12, 791, 2, 43, -1, 3, 1, 0, 0, '', '2019-04-17 15:25:17', 'QUESTIONNAIRE_MIGRATION_2019', '2019-04-17 15:25:17', 'QUESTIONNAIRE_MIGRATION_2019'),
	(214, 12, 12, 796, 2, 43, -1, 3, 1, 0, 0, '', '2019-04-17 15:25:17', 'QUESTIONNAIRE_MIGRATION_2019', '2019-04-17 15:25:17', 'QUESTIONNAIRE_MIGRATION_2019'),
	(215, 12, 12, 792, 2, 43, -1, 3, 1, 0, 0, '', '2019-04-17 15:25:17', 'QUESTIONNAIRE_MIGRATION_2019', '2019-04-17 15:25:17', 'QUESTIONNAIRE_MIGRATION_2019'),
	(216, 12, 12, 799, 2, 43, -1, 3, 1, 0, 0, '', '2019-04-17 15:25:17', 'QUESTIONNAIRE_MIGRATION_2019', '2019-04-17 15:25:17', 'QUESTIONNAIRE_MIGRATION_2019'),
	(217, 12, 12, 797, 2, 43, -1, 3, 1, 0, 0, '', '2019-04-17 15:25:17', 'QUESTIONNAIRE_MIGRATION_2019', '2019-04-17 15:25:17', 'QUESTIONNAIRE_MIGRATION_2019'),
	(218, 12, 12, 798, 2, 43, -1, 3, 1, 0, 0, '', '2019-04-17 15:25:17', 'QUESTIONNAIRE_MIGRATION_2019', '2019-04-17 15:25:17', 'QUESTIONNAIRE_MIGRATION_2019'),
	(219, 12, 12, 793, 2, 44, -1, 3, 1, 0, 0, '', '2019-04-17 15:25:17', 'QUESTIONNAIRE_MIGRATION_2019', '2019-04-17 15:25:17', 'QUESTIONNAIRE_MIGRATION_2019'),
	(220, 12, 12, 794, 2, 44, -1, 3, 1, 0, 0, '', '2019-04-17 15:25:17', 'QUESTIONNAIRE_MIGRATION_2019', '2019-04-17 15:25:17', 'QUESTIONNAIRE_MIGRATION_2019'),
	(221, 12, 12, 795, 2, 44, -1, 3, 1, 0, 0, '', '2019-04-17 15:25:17', 'QUESTIONNAIRE_MIGRATION_2019', '2019-04-17 15:25:17', 'QUESTIONNAIRE_MIGRATION_2019'),
	(222, 12, 12, 791, 2, 44, -1, 3, 1, 0, 0, '', '2019-04-17 15:25:17', 'QUESTIONNAIRE_MIGRATION_2019', '2019-04-17 15:25:17', 'QUESTIONNAIRE_MIGRATION_2019'),
	(223, 12, 12, 796, 2, 44, -1, 3, 1, 0, 0, '', '2019-04-17 15:25:17', 'QUESTIONNAIRE_MIGRATION_2019', '2019-04-17 15:25:17', 'QUESTIONNAIRE_MIGRATION_2019'),
	(224, 12, 12, 792, 2, 44, -1, 3, 1, 0, 0, '', '2019-04-17 15:25:17', 'QUESTIONNAIRE_MIGRATION_2019', '2019-04-17 15:25:17', 'QUESTIONNAIRE_MIGRATION_2019'),
	(225, 12, 12, 799, 2, 44, -1, 3, 1, 0, 0, '', '2019-04-17 15:25:17', 'QUESTIONNAIRE_MIGRATION_2019', '2019-04-17 15:25:17', 'QUESTIONNAIRE_MIGRATION_2019'),
	(226, 12, 12, 797, 2, 44, -1, 3, 1, 0, 0, '', '2019-04-17 15:25:17', 'QUESTIONNAIRE_MIGRATION_2019', '2019-04-17 15:25:17', 'QUESTIONNAIRE_MIGRATION_2019'),
	(227, 12, 12, 798, 2, 44, -1, 3, 1, 0, 0, '', '2019-04-17 15:25:17', 'QUESTIONNAIRE_MIGRATION_2019', '2019-04-17 15:25:17', 'QUESTIONNAIRE_MIGRATION_2019'),
	(228, 12, 12, 793, 2, 45, -1, 3, 1, 0, 0, '', '2019-04-17 15:25:17', 'QUESTIONNAIRE_MIGRATION_2019', '2019-04-17 15:25:17', 'QUESTIONNAIRE_MIGRATION_2019'),
	(229, 12, 12, 794, 2, 45, -1, 3, 1, 0, 0, '', '2019-04-17 15:25:17', 'QUESTIONNAIRE_MIGRATION_2019', '2019-04-17 15:25:17', 'QUESTIONNAIRE_MIGRATION_2019'),
	(230, 12, 12, 795, 2, 45, -1, 3, 1, 0, 0, '', '2019-04-17 15:25:18', 'QUESTIONNAIRE_MIGRATION_2019', '2019-04-17 15:25:18', 'QUESTIONNAIRE_MIGRATION_2019'),
	(231, 12, 12, 791, 2, 45, -1, 3, 1, 0, 0, '', '2019-04-17 15:25:18', 'QUESTIONNAIRE_MIGRATION_2019', '2019-04-17 15:25:18', 'QUESTIONNAIRE_MIGRATION_2019'),
	(232, 12, 12, 796, 2, 45, -1, 3, 1, 0, 0, '', '2019-04-17 15:25:18', 'QUESTIONNAIRE_MIGRATION_2019', '2019-04-17 15:25:18', 'QUESTIONNAIRE_MIGRATION_2019'),
	(233, 12, 12, 792, 2, 45, -1, 3, 1, 0, 0, '', '2019-04-17 15:25:18', 'QUESTIONNAIRE_MIGRATION_2019', '2019-04-17 15:25:18', 'QUESTIONNAIRE_MIGRATION_2019'),
	(234, 12, 12, 799, 2, 45, -1, 3, 1, 0, 0, '', '2019-04-17 15:25:18', 'QUESTIONNAIRE_MIGRATION_2019', '2019-04-17 15:25:18', 'QUESTIONNAIRE_MIGRATION_2019'),
	(235, 12, 12, 797, 2, 45, -1, 3, 1, 0, 0, '', '2019-04-17 15:25:18', 'QUESTIONNAIRE_MIGRATION_2019', '2019-04-17 15:25:18', 'QUESTIONNAIRE_MIGRATION_2019'),
	(236, 12, 12, 798, 2, 45, -1, 3, 1, 0, 0, '', '2019-04-17 15:25:18', 'QUESTIONNAIRE_MIGRATION_2019', '2019-04-17 15:25:18', 'QUESTIONNAIRE_MIGRATION_2019'),
	(237, 12, 12, 793, 2, 46, -1, 3, 1, 0, 0, '', '2019-04-17 15:25:18', 'QUESTIONNAIRE_MIGRATION_2019', '2019-04-17 15:25:18', 'QUESTIONNAIRE_MIGRATION_2019'),
	(238, 12, 12, 794, 2, 46, -1, 3, 1, 0, 0, '', '2019-04-17 15:25:18', 'QUESTIONNAIRE_MIGRATION_2019', '2019-04-17 15:25:18', 'QUESTIONNAIRE_MIGRATION_2019'),
	(239, 12, 12, 795, 2, 46, -1, 3, 1, 0, 0, '', '2019-04-17 15:25:18', 'QUESTIONNAIRE_MIGRATION_2019', '2019-04-17 15:25:18', 'QUESTIONNAIRE_MIGRATION_2019'),
	(240, 12, 12, 791, 2, 46, -1, 3, 1, 0, 0, '', '2019-04-17 15:25:18', 'QUESTIONNAIRE_MIGRATION_2019', '2019-04-17 15:25:18', 'QUESTIONNAIRE_MIGRATION_2019'),
	(241, 12, 12, 796, 2, 46, -1, 3, 1, 0, 0, '', '2019-04-17 15:25:18', 'QUESTIONNAIRE_MIGRATION_2019', '2019-04-17 15:25:18', 'QUESTIONNAIRE_MIGRATION_2019'),
	(242, 12, 12, 792, 2, 46, -1, 3, 1, 0, 0, '', '2019-04-17 15:25:18', 'QUESTIONNAIRE_MIGRATION_2019', '2019-04-17 15:25:18', 'QUESTIONNAIRE_MIGRATION_2019'),
	(243, 12, 12, 799, 2, 46, -1, 3, 1, 0, 0, '', '2019-04-17 15:25:18', 'QUESTIONNAIRE_MIGRATION_2019', '2019-04-17 15:25:18', 'QUESTIONNAIRE_MIGRATION_2019'),
	(244, 12, 12, 797, 2, 46, -1, 3, 1, 0, 0, '', '2019-04-17 15:25:18', 'QUESTIONNAIRE_MIGRATION_2019', '2019-04-17 15:25:18', 'QUESTIONNAIRE_MIGRATION_2019'),
	(245, 12, 12, 798, 2, 46, -1, 3, 1, 0, 0, '', '2019-04-17 15:25:18', 'QUESTIONNAIRE_MIGRATION_2019', '2019-04-17 15:25:18', 'QUESTIONNAIRE_MIGRATION_2019'),
	(246, 11, 11, 823, 2, 47, -1, 3, 1, 0, 0, '', '2019-04-17 15:25:18', 'QUESTIONNAIRE_MIGRATION_2019', '2019-04-17 15:25:18', 'QUESTIONNAIRE_MIGRATION_2019'),
	(247, 11, 11, 824, 2, 47, -1, 3, 1, 0, 0, '', '2019-04-17 15:25:18', 'QUESTIONNAIRE_MIGRATION_2019', '2019-04-17 15:25:18', 'QUESTIONNAIRE_MIGRATION_2019'),
	(248, 11, 11, 811, 1, 47, -1, 3, 1, 0, 0, '', '2019-04-17 15:25:18', 'QUESTIONNAIRE_MIGRATION_2019', '2019-04-17 15:25:18', 'QUESTIONNAIRE_MIGRATION_2019'),
	(249, 11, 11, 830, 3, 47, -1, 3, 1, 0, 0, '', '2019-04-17 15:25:18', 'QUESTIONNAIRE_MIGRATION_2019', '2019-04-17 15:25:18', 'QUESTIONNAIRE_MIGRATION_2019'),
	(250, 11, 11, 832, 3, 47, -1, 3, 1, 0, 0, '', '2019-04-17 15:25:18', 'QUESTIONNAIRE_MIGRATION_2019', '2019-04-17 15:25:18', 'QUESTIONNAIRE_MIGRATION_2019'),
	(251, 11, 11, 823, 2, 48, -1, 3, 1, 0, 0, '', '2019-04-17 15:25:18', 'QUESTIONNAIRE_MIGRATION_2019', '2019-04-17 15:25:18', 'QUESTIONNAIRE_MIGRATION_2019'),
	(252, 11, 11, 824, 2, 48, -1, 3, 1, 0, 0, '', '2019-04-17 15:25:18', 'QUESTIONNAIRE_MIGRATION_2019', '2019-04-17 15:25:18', 'QUESTIONNAIRE_MIGRATION_2019'),
	(253, 11, 11, 811, 1, 48, -1, 3, 1, 0, 0, '', '2019-04-17 15:25:18', 'QUESTIONNAIRE_MIGRATION_2019', '2019-04-17 15:25:18', 'QUESTIONNAIRE_MIGRATION_2019'),
	(254, 11, 11, 830, 3, 48, -1, 3, 1, 0, 0, '', '2019-04-17 15:25:18', 'QUESTIONNAIRE_MIGRATION_2019', '2019-04-17 15:25:18', 'QUESTIONNAIRE_MIGRATION_2019'),
	(255, 11, 11, 832, 3, 48, -1, 3, 1, 0, 0, '', '2019-04-17 15:25:18', 'QUESTIONNAIRE_MIGRATION_2019', '2019-04-17 15:25:18', 'QUESTIONNAIRE_MIGRATION_2019'),
	(256, 12, 12, 793, 2, 49, -1, 3, 1, 0, 0, '', '2019-04-17 15:25:18', 'QUESTIONNAIRE_MIGRATION_2019', '2019-04-17 15:25:18', 'QUESTIONNAIRE_MIGRATION_2019'),
	(257, 12, 12, 794, 2, 49, -1, 3, 1, 0, 0, '', '2019-04-17 15:25:18', 'QUESTIONNAIRE_MIGRATION_2019', '2019-04-17 15:25:18', 'QUESTIONNAIRE_MIGRATION_2019'),
	(258, 12, 12, 795, 2, 49, -1, 3, 1, 0, 0, '', '2019-04-17 15:25:18', 'QUESTIONNAIRE_MIGRATION_2019', '2019-04-17 15:25:18', 'QUESTIONNAIRE_MIGRATION_2019'),
	(259, 12, 12, 791, 2, 49, -1, 3, 1, 0, 0, '', '2019-04-17 15:25:18', 'QUESTIONNAIRE_MIGRATION_2019', '2019-04-17 15:25:18', 'QUESTIONNAIRE_MIGRATION_2019'),
	(260, 12, 12, 796, 2, 49, -1, 3, 1, 0, 0, '', '2019-04-17 15:25:18', 'QUESTIONNAIRE_MIGRATION_2019', '2019-04-17 15:25:18', 'QUESTIONNAIRE_MIGRATION_2019'),
	(261, 12, 12, 792, 2, 49, -1, 3, 1, 0, 0, '', '2019-04-17 15:25:18', 'QUESTIONNAIRE_MIGRATION_2019', '2019-04-17 15:25:18', 'QUESTIONNAIRE_MIGRATION_2019'),
	(262, 12, 12, 799, 2, 49, -1, 3, 1, 0, 0, '', '2019-04-17 15:25:18', 'QUESTIONNAIRE_MIGRATION_2019', '2019-04-17 15:25:18', 'QUESTIONNAIRE_MIGRATION_2019'),
	(263, 12, 12, 797, 2, 49, -1, 3, 1, 0, 0, '', '2019-04-17 15:25:18', 'QUESTIONNAIRE_MIGRATION_2019', '2019-04-17 15:25:18', 'QUESTIONNAIRE_MIGRATION_2019'),
	(264, 12, 12, 798, 2, 49, -1, 3, 1, 0, 0, '', '2019-04-17 15:25:18', 'QUESTIONNAIRE_MIGRATION_2019', '2019-04-17 15:25:18', 'QUESTIONNAIRE_MIGRATION_2019'),
	(265, 12, 12, 793, 2, 50, -1, 3, 1, 0, 0, '', '2019-04-17 15:25:18', 'QUESTIONNAIRE_MIGRATION_2019', '2019-04-17 15:25:18', 'QUESTIONNAIRE_MIGRATION_2019'),
	(266, 12, 12, 794, 2, 50, -1, 3, 1, 0, 0, '', '2019-04-17 15:25:18', 'QUESTIONNAIRE_MIGRATION_2019', '2019-04-17 15:25:18', 'QUESTIONNAIRE_MIGRATION_2019'),
	(267, 12, 12, 795, 2, 50, -1, 3, 1, 0, 0, '', '2019-04-17 15:25:18', 'QUESTIONNAIRE_MIGRATION_2019', '2019-04-17 15:25:18', 'QUESTIONNAIRE_MIGRATION_2019'),
	(268, 12, 12, 791, 2, 50, -1, 3, 1, 0, 0, '', '2019-04-17 15:25:18', 'QUESTIONNAIRE_MIGRATION_2019', '2019-04-17 15:25:18', 'QUESTIONNAIRE_MIGRATION_2019'),
	(269, 12, 12, 796, 2, 50, -1, 3, 1, 0, 0, '', '2019-04-17 15:25:18', 'QUESTIONNAIRE_MIGRATION_2019', '2019-04-17 15:25:18', 'QUESTIONNAIRE_MIGRATION_2019'),
	(270, 12, 12, 792, 2, 50, -1, 3, 1, 0, 0, '', '2019-04-17 15:25:18', 'QUESTIONNAIRE_MIGRATION_2019', '2019-04-17 15:25:18', 'QUESTIONNAIRE_MIGRATION_2019'),
	(271, 12, 12, 799, 2, 50, -1, 3, 1, 0, 0, '', '2019-04-17 15:25:18', 'QUESTIONNAIRE_MIGRATION_2019', '2019-04-17 15:25:18', 'QUESTIONNAIRE_MIGRATION_2019'),
	(272, 12, 12, 797, 2, 50, -1, 3, 1, 0, 0, '', '2019-04-17 15:25:18', 'QUESTIONNAIRE_MIGRATION_2019', '2019-04-17 15:25:18', 'QUESTIONNAIRE_MIGRATION_2019'),
	(273, 12, 12, 798, 2, 50, -1, 3, 1, 0, 0, '', '2019-04-17 15:25:18', 'QUESTIONNAIRE_MIGRATION_2019', '2019-04-17 15:25:18', 'QUESTIONNAIRE_MIGRATION_2019'),
	(274, 12, 12, 793, 2, 51, -1, 3, 1, 0, 0, '', '2019-04-17 15:25:18', 'QUESTIONNAIRE_MIGRATION_2019', '2019-04-17 15:25:18', 'QUESTIONNAIRE_MIGRATION_2019'),
	(275, 12, 12, 794, 2, 51, -1, 3, 1, 0, 0, '', '2019-04-17 15:25:18', 'QUESTIONNAIRE_MIGRATION_2019', '2019-04-17 15:25:18', 'QUESTIONNAIRE_MIGRATION_2019'),
	(276, 12, 12, 795, 2, 51, -1, 3, 1, 0, 0, '', '2019-04-17 15:25:18', 'QUESTIONNAIRE_MIGRATION_2019', '2019-04-17 15:25:18', 'QUESTIONNAIRE_MIGRATION_2019'),
	(277, 12, 12, 791, 2, 51, -1, 3, 1, 0, 0, '', '2019-04-17 15:25:18', 'QUESTIONNAIRE_MIGRATION_2019', '2019-04-17 15:25:18', 'QUESTIONNAIRE_MIGRATION_2019'),
	(278, 12, 12, 796, 2, 51, -1, 3, 1, 0, 0, '', '2019-04-17 15:25:18', 'QUESTIONNAIRE_MIGRATION_2019', '2019-04-17 15:25:18', 'QUESTIONNAIRE_MIGRATION_2019'),
	(279, 12, 12, 792, 2, 51, -1, 3, 1, 0, 0, '', '2019-04-17 15:25:18', 'QUESTIONNAIRE_MIGRATION_2019', '2019-04-17 15:25:18', 'QUESTIONNAIRE_MIGRATION_2019'),
	(280, 12, 12, 799, 2, 51, -1, 3, 1, 0, 0, '', '2019-04-17 15:25:18', 'QUESTIONNAIRE_MIGRATION_2019', '2019-04-17 15:25:18', 'QUESTIONNAIRE_MIGRATION_2019'),
	(281, 12, 12, 797, 2, 51, -1, 3, 1, 0, 0, '', '2019-04-17 15:25:18', 'QUESTIONNAIRE_MIGRATION_2019', '2019-04-17 15:25:18', 'QUESTIONNAIRE_MIGRATION_2019'),
	(282, 12, 12, 798, 2, 51, -1, 3, 1, 0, 0, '', '2019-04-17 15:25:18', 'QUESTIONNAIRE_MIGRATION_2019', '2019-04-17 15:25:18', 'QUESTIONNAIRE_MIGRATION_2019'),
	(283, 12, 12, 793, 2, 52, -1, 3, 1, 0, 0, '', '2019-04-17 15:25:18', 'QUESTIONNAIRE_MIGRATION_2019', '2019-04-17 15:25:18', 'QUESTIONNAIRE_MIGRATION_2019'),
	(284, 12, 12, 794, 2, 52, -1, 3, 1, 0, 0, '', '2019-04-17 15:25:18', 'QUESTIONNAIRE_MIGRATION_2019', '2019-04-17 15:25:18', 'QUESTIONNAIRE_MIGRATION_2019'),
	(285, 12, 12, 795, 2, 52, -1, 3, 1, 0, 0, '', '2019-04-17 15:25:18', 'QUESTIONNAIRE_MIGRATION_2019', '2019-04-17 15:25:18', 'QUESTIONNAIRE_MIGRATION_2019'),
	(286, 12, 12, 791, 2, 52, -1, 3, 1, 0, 0, '', '2019-04-17 15:25:18', 'QUESTIONNAIRE_MIGRATION_2019', '2019-04-17 15:25:18', 'QUESTIONNAIRE_MIGRATION_2019'),
	(287, 12, 12, 796, 2, 52, -1, 3, 1, 0, 0, '', '2019-04-17 15:25:18', 'QUESTIONNAIRE_MIGRATION_2019', '2019-04-17 15:25:18', 'QUESTIONNAIRE_MIGRATION_2019'),
	(288, 12, 12, 792, 2, 52, -1, 3, 1, 0, 0, '', '2019-04-17 15:25:18', 'QUESTIONNAIRE_MIGRATION_2019', '2019-04-17 15:25:18', 'QUESTIONNAIRE_MIGRATION_2019'),
	(289, 12, 12, 799, 2, 52, -1, 3, 1, 0, 0, '', '2019-04-17 15:25:18', 'QUESTIONNAIRE_MIGRATION_2019', '2019-04-17 15:25:18', 'QUESTIONNAIRE_MIGRATION_2019'),
	(290, 12, 12, 797, 2, 52, -1, 3, 1, 0, 0, '', '2019-04-17 15:25:18', 'QUESTIONNAIRE_MIGRATION_2019', '2019-04-17 15:25:18', 'QUESTIONNAIRE_MIGRATION_2019'),
	(291, 12, 12, 798, 2, 52, -1, 3, 1, 0, 0, '', '2019-04-17 15:25:18', 'QUESTIONNAIRE_MIGRATION_2019', '2019-04-17 15:25:18', 'QUESTIONNAIRE_MIGRATION_2019'),
	(292, 12, 12, 793, 2, 53, -1, 3, 1, 0, 0, '', '2019-04-17 15:25:18', 'QUESTIONNAIRE_MIGRATION_2019', '2019-04-17 15:25:18', 'QUESTIONNAIRE_MIGRATION_2019'),
	(293, 12, 12, 794, 2, 53, -1, 3, 1, 0, 0, '', '2019-04-17 15:25:18', 'QUESTIONNAIRE_MIGRATION_2019', '2019-04-17 15:25:18', 'QUESTIONNAIRE_MIGRATION_2019'),
	(294, 12, 12, 795, 2, 53, -1, 3, 1, 0, 0, '', '2019-04-17 15:25:18', 'QUESTIONNAIRE_MIGRATION_2019', '2019-04-17 15:25:18', 'QUESTIONNAIRE_MIGRATION_2019'),
	(295, 12, 12, 791, 2, 53, -1, 3, 1, 0, 0, '', '2019-04-17 15:25:18', 'QUESTIONNAIRE_MIGRATION_2019', '2019-04-17 15:25:18', 'QUESTIONNAIRE_MIGRATION_2019'),
	(296, 12, 12, 796, 2, 53, -1, 3, 1, 0, 0, '', '2019-04-17 15:25:18', 'QUESTIONNAIRE_MIGRATION_2019', '2019-04-17 15:25:18', 'QUESTIONNAIRE_MIGRATION_2019'),
	(297, 12, 12, 792, 2, 53, -1, 3, 1, 0, 0, '', '2019-04-17 15:25:18', 'QUESTIONNAIRE_MIGRATION_2019', '2019-04-17 15:25:18', 'QUESTIONNAIRE_MIGRATION_2019'),
	(298, 12, 12, 799, 2, 53, -1, 3, 1, 0, 0, '', '2019-04-17 15:25:18', 'QUESTIONNAIRE_MIGRATION_2019', '2019-04-17 15:25:18', 'QUESTIONNAIRE_MIGRATION_2019'),
	(299, 12, 12, 797, 2, 53, -1, 3, 1, 0, 0, '', '2019-04-17 15:25:18', 'QUESTIONNAIRE_MIGRATION_2019', '2019-04-17 15:25:18', 'QUESTIONNAIRE_MIGRATION_2019'),
	(300, 12, 12, 798, 2, 53, -1, 3, 1, 0, 0, '', '2019-04-17 15:25:18', 'QUESTIONNAIRE_MIGRATION_2019', '2019-04-17 15:25:18', 'QUESTIONNAIRE_MIGRATION_2019'),
	(301, 11, 11, 823, 2, 54, -1, 3, 1, 0, 0, '', '2019-04-17 15:25:18', 'QUESTIONNAIRE_MIGRATION_2019', '2019-04-17 15:25:18', 'QUESTIONNAIRE_MIGRATION_2019'),
	(302, 11, 11, 824, 2, 54, -1, 3, 1, 0, 0, '', '2019-04-17 15:25:18', 'QUESTIONNAIRE_MIGRATION_2019', '2019-04-17 15:25:18', 'QUESTIONNAIRE_MIGRATION_2019'),
	(303, 11, 11, 811, 1, 54, -1, 3, 1, 0, 0, '', '2019-04-17 15:25:18', 'QUESTIONNAIRE_MIGRATION_2019', '2019-04-17 15:25:18', 'QUESTIONNAIRE_MIGRATION_2019'),
	(304, 11, 11, 830, 3, 54, -1, 3, 1, 0, 0, '', '2019-04-17 15:25:18', 'QUESTIONNAIRE_MIGRATION_2019', '2019-04-17 15:25:18', 'QUESTIONNAIRE_MIGRATION_2019'),
	(305, 11, 11, 832, 3, 54, -1, 3, 1, 0, 0, '', '2019-04-17 15:25:18', 'QUESTIONNAIRE_MIGRATION_2019', '2019-04-17 15:25:18', 'QUESTIONNAIRE_MIGRATION_2019'),
	(306, 11, 11, 823, 2, 55, -1, 3, 1, 0, 0, '', '2019-04-17 15:25:18', 'QUESTIONNAIRE_MIGRATION_2019', '2019-04-17 15:25:18', 'QUESTIONNAIRE_MIGRATION_2019'),
	(307, 11, 11, 824, 2, 55, -1, 3, 1, 0, 0, '', '2019-04-17 15:25:18', 'QUESTIONNAIRE_MIGRATION_2019', '2019-04-17 15:25:18', 'QUESTIONNAIRE_MIGRATION_2019'),
	(308, 11, 11, 811, 1, 55, -1, 3, 1, 0, 0, '', '2019-04-17 15:25:18', 'QUESTIONNAIRE_MIGRATION_2019', '2019-04-17 15:25:18', 'QUESTIONNAIRE_MIGRATION_2019'),
	(309, 11, 11, 830, 3, 55, -1, 3, 1, 0, 0, '', '2019-04-17 15:25:18', 'QUESTIONNAIRE_MIGRATION_2019', '2019-04-17 15:25:18', 'QUESTIONNAIRE_MIGRATION_2019'),
	(310, 11, 11, 832, 3, 55, -1, 3, 1, 0, 0, '', '2019-04-17 15:25:18', 'QUESTIONNAIRE_MIGRATION_2019', '2019-04-17 15:25:18', 'QUESTIONNAIRE_MIGRATION_2019'),
	(311, 11, 11, 823, 2, 56, -1, 3, 1, 0, 0, '', '2019-04-17 15:25:18', 'QUESTIONNAIRE_MIGRATION_2019', '2019-04-17 15:25:18', 'QUESTIONNAIRE_MIGRATION_2019'),
	(312, 11, 11, 824, 2, 56, -1, 3, 1, 0, 0, '', '2019-04-17 15:25:18', 'QUESTIONNAIRE_MIGRATION_2019', '2019-04-17 15:25:18', 'QUESTIONNAIRE_MIGRATION_2019'),
	(313, 11, 11, 811, 1, 56, -1, 3, 1, 0, 0, '', '2019-04-17 15:25:18', 'QUESTIONNAIRE_MIGRATION_2019', '2019-04-17 15:25:18', 'QUESTIONNAIRE_MIGRATION_2019'),
	(314, 11, 11, 830, 3, 56, -1, 3, 1, 0, 0, '', '2019-04-17 15:25:18', 'QUESTIONNAIRE_MIGRATION_2019', '2019-04-17 15:25:18', 'QUESTIONNAIRE_MIGRATION_2019'),
	(315, 11, 11, 832, 3, 56, -1, 3, 1, 0, 0, '', '2019-04-17 15:25:18', 'QUESTIONNAIRE_MIGRATION_2019', '2019-04-17 15:25:18', 'QUESTIONNAIRE_MIGRATION_2019'),
	(316, 11, 11, 823, 2, 57, -1, 3, 1, 0, 0, '', '2019-04-17 15:25:18', 'QUESTIONNAIRE_MIGRATION_2019', '2019-04-17 15:25:18', 'QUESTIONNAIRE_MIGRATION_2019'),
	(317, 11, 11, 824, 2, 57, -1, 3, 1, 0, 0, '', '2019-04-17 15:25:18', 'QUESTIONNAIRE_MIGRATION_2019', '2019-04-17 15:25:18', 'QUESTIONNAIRE_MIGRATION_2019'),
	(318, 11, 11, 811, 1, 57, -1, 3, 1, 0, 0, '', '2019-04-17 15:25:18', 'QUESTIONNAIRE_MIGRATION_2019', '2019-04-17 15:25:18', 'QUESTIONNAIRE_MIGRATION_2019'),
	(319, 11, 11, 830, 3, 57, -1, 3, 1, 0, 0, '', '2019-04-17 15:25:18', 'QUESTIONNAIRE_MIGRATION_2019', '2019-04-17 15:25:18', 'QUESTIONNAIRE_MIGRATION_2019'),
	(320, 11, 11, 832, 3, 57, -1, 3, 1, 0, 0, '', '2019-04-17 15:25:18', 'QUESTIONNAIRE_MIGRATION_2019', '2019-04-17 15:25:18', 'QUESTIONNAIRE_MIGRATION_2019'),
	(321, 11, 11, 823, 2, 58, -1, 3, 1, 0, 0, '', '2019-04-17 15:25:18', 'QUESTIONNAIRE_MIGRATION_2019', '2019-04-17 15:25:18', 'QUESTIONNAIRE_MIGRATION_2019'),
	(322, 11, 11, 824, 2, 58, -1, 3, 1, 0, 0, '', '2019-04-17 15:25:18', 'QUESTIONNAIRE_MIGRATION_2019', '2019-04-17 15:25:18', 'QUESTIONNAIRE_MIGRATION_2019'),
	(323, 11, 11, 811, 1, 58, -1, 3, 1, 0, 0, '', '2019-04-17 15:25:18', 'QUESTIONNAIRE_MIGRATION_2019', '2019-04-17 15:25:18', 'QUESTIONNAIRE_MIGRATION_2019'),
	(324, 11, 11, 830, 3, 58, -1, 3, 1, 0, 0, '', '2019-04-17 15:25:18', 'QUESTIONNAIRE_MIGRATION_2019', '2019-04-17 15:25:18', 'QUESTIONNAIRE_MIGRATION_2019'),
	(325, 11, 11, 832, 3, 58, -1, 3, 1, 0, 0, '', '2019-04-17 15:25:18', 'QUESTIONNAIRE_MIGRATION_2019', '2019-04-17 15:25:18', 'QUESTIONNAIRE_MIGRATION_2019'),
	(326, 11, 11, 823, 2, 59, -1, 3, 1, 0, 0, '', '2019-04-17 15:25:18', 'QUESTIONNAIRE_MIGRATION_2019', '2019-04-17 15:25:18', 'QUESTIONNAIRE_MIGRATION_2019'),
	(327, 11, 11, 824, 2, 59, -1, 3, 1, 0, 0, '', '2019-04-17 15:25:18', 'QUESTIONNAIRE_MIGRATION_2019', '2019-04-17 15:25:18', 'QUESTIONNAIRE_MIGRATION_2019'),
	(328, 11, 11, 811, 1, 59, -1, 3, 1, 0, 0, '', '2019-04-17 15:25:18', 'QUESTIONNAIRE_MIGRATION_2019', '2019-04-17 15:25:18', 'QUESTIONNAIRE_MIGRATION_2019'),
	(329, 11, 11, 830, 3, 59, -1, 3, 1, 0, 0, '', '2019-04-17 15:25:18', 'QUESTIONNAIRE_MIGRATION_2019', '2019-04-17 15:25:18', 'QUESTIONNAIRE_MIGRATION_2019'),
	(330, 11, 11, 832, 3, 59, -1, 3, 1, 0, 0, '', '2019-04-17 15:25:18', 'QUESTIONNAIRE_MIGRATION_2019', '2019-04-17 15:25:18', 'QUESTIONNAIRE_MIGRATION_2019'),
	(331, 11, 11, 823, 2, 60, -1, 3, 1, 0, 0, '', '2019-04-17 15:25:18', 'QUESTIONNAIRE_MIGRATION_2019', '2019-04-17 15:25:18', 'QUESTIONNAIRE_MIGRATION_2019'),
	(332, 11, 11, 824, 2, 60, -1, 3, 1, 0, 0, '', '2019-04-17 15:25:18', 'QUESTIONNAIRE_MIGRATION_2019', '2019-04-17 15:25:18', 'QUESTIONNAIRE_MIGRATION_2019'),
	(333, 11, 11, 811, 1, 60, -1, 3, 1, 0, 0, '', '2019-04-17 15:25:18', 'QUESTIONNAIRE_MIGRATION_2019', '2019-04-17 15:25:18', 'QUESTIONNAIRE_MIGRATION_2019'),
	(334, 11, 11, 830, 3, 60, -1, 3, 1, 0, 0, '', '2019-04-17 15:25:18', 'QUESTIONNAIRE_MIGRATION_2019', '2019-04-17 15:25:18', 'QUESTIONNAIRE_MIGRATION_2019'),
	(335, 11, 11, 832, 3, 60, -1, 3, 1, 0, 0, '', '2019-04-17 15:25:18', 'QUESTIONNAIRE_MIGRATION_2019', '2019-04-17 15:25:18', 'QUESTIONNAIRE_MIGRATION_2019'),
	(336, 11, 11, 823, 2, 61, -1, 3, 1, 0, 0, '', '2019-04-17 15:25:18', 'QUESTIONNAIRE_MIGRATION_2019', '2019-04-17 15:25:18', 'QUESTIONNAIRE_MIGRATION_2019'),
	(337, 11, 11, 824, 2, 61, -1, 3, 1, 0, 0, '', '2019-04-17 15:25:18', 'QUESTIONNAIRE_MIGRATION_2019', '2019-04-17 15:25:18', 'QUESTIONNAIRE_MIGRATION_2019'),
	(338, 11, 11, 811, 1, 61, -1, 3, 1, 0, 0, '', '2019-04-17 15:25:18', 'QUESTIONNAIRE_MIGRATION_2019', '2019-04-17 15:25:18', 'QUESTIONNAIRE_MIGRATION_2019'),
	(339, 11, 11, 830, 3, 61, -1, 3, 1, 0, 0, '', '2019-04-17 15:25:18', 'QUESTIONNAIRE_MIGRATION_2019', '2019-04-17 15:25:18', 'QUESTIONNAIRE_MIGRATION_2019'),
	(340, 11, 11, 832, 3, 61, -1, 3, 1, 0, 0, '', '2019-04-17 15:25:18', 'QUESTIONNAIRE_MIGRATION_2019', '2019-04-17 15:25:18', 'QUESTIONNAIRE_MIGRATION_2019'),
	(341, 12, 12, 793, 2, 62, -1, 3, 1, 0, 0, '', '2019-04-17 15:25:18', 'QUESTIONNAIRE_MIGRATION_2019', '2019-04-17 15:25:18', 'QUESTIONNAIRE_MIGRATION_2019'),
	(342, 12, 12, 794, 2, 62, -1, 3, 1, 0, 0, '', '2019-04-17 15:25:18', 'QUESTIONNAIRE_MIGRATION_2019', '2019-04-17 15:25:18', 'QUESTIONNAIRE_MIGRATION_2019'),
	(343, 12, 12, 795, 2, 62, -1, 3, 1, 0, 0, '', '2019-04-17 15:25:18', 'QUESTIONNAIRE_MIGRATION_2019', '2019-04-17 15:25:18', 'QUESTIONNAIRE_MIGRATION_2019'),
	(344, 12, 12, 791, 2, 62, -1, 3, 1, 0, 0, '', '2019-04-17 15:25:18', 'QUESTIONNAIRE_MIGRATION_2019', '2019-04-17 15:25:18', 'QUESTIONNAIRE_MIGRATION_2019'),
	(345, 12, 12, 796, 2, 62, -1, 3, 1, 0, 0, '', '2019-04-17 15:25:18', 'QUESTIONNAIRE_MIGRATION_2019', '2019-04-17 15:25:18', 'QUESTIONNAIRE_MIGRATION_2019'),
	(346, 12, 12, 792, 2, 62, -1, 3, 1, 0, 0, '', '2019-04-17 15:25:18', 'QUESTIONNAIRE_MIGRATION_2019', '2019-04-17 15:25:18', 'QUESTIONNAIRE_MIGRATION_2019'),
	(347, 12, 12, 799, 2, 62, -1, 3, 1, 0, 0, '', '2019-04-17 15:25:18', 'QUESTIONNAIRE_MIGRATION_2019', '2019-04-17 15:25:18', 'QUESTIONNAIRE_MIGRATION_2019'),
	(348, 12, 12, 797, 2, 62, -1, 3, 1, 0, 0, '', '2019-04-17 15:25:18', 'QUESTIONNAIRE_MIGRATION_2019', '2019-04-17 15:25:18', 'QUESTIONNAIRE_MIGRATION_2019'),
	(349, 12, 12, 798, 2, 62, -1, 3, 1, 0, 0, '', '2019-04-17 15:25:18', 'QUESTIONNAIRE_MIGRATION_2019', '2019-04-17 15:25:18', 'QUESTIONNAIRE_MIGRATION_2019'),
	(350, 12, 12, 793, 2, 63, -1, 3, 1, 0, 0, '', '2019-04-17 15:25:18', 'QUESTIONNAIRE_MIGRATION_2019', '2019-04-17 15:25:18', 'QUESTIONNAIRE_MIGRATION_2019'),
	(351, 12, 12, 794, 2, 63, -1, 3, 1, 0, 0, '', '2019-04-17 15:25:18', 'QUESTIONNAIRE_MIGRATION_2019', '2019-04-17 15:25:18', 'QUESTIONNAIRE_MIGRATION_2019'),
	(352, 12, 12, 795, 2, 63, -1, 3, 1, 0, 0, '', '2019-04-17 15:25:18', 'QUESTIONNAIRE_MIGRATION_2019', '2019-04-17 15:25:18', 'QUESTIONNAIRE_MIGRATION_2019'),
	(353, 12, 12, 791, 2, 63, -1, 3, 1, 0, 0, '', '2019-04-17 15:25:18', 'QUESTIONNAIRE_MIGRATION_2019', '2019-04-17 15:25:18', 'QUESTIONNAIRE_MIGRATION_2019'),
	(354, 12, 12, 796, 2, 63, -1, 3, 1, 0, 0, '', '2019-04-17 15:25:18', 'QUESTIONNAIRE_MIGRATION_2019', '2019-04-17 15:25:18', 'QUESTIONNAIRE_MIGRATION_2019'),
	(355, 12, 12, 792, 2, 63, -1, 3, 1, 0, 0, '', '2019-04-17 15:25:18', 'QUESTIONNAIRE_MIGRATION_2019', '2019-04-17 15:25:18', 'QUESTIONNAIRE_MIGRATION_2019'),
	(356, 12, 12, 799, 2, 63, -1, 3, 1, 0, 0, '', '2019-04-17 15:25:18', 'QUESTIONNAIRE_MIGRATION_2019', '2019-04-17 15:25:18', 'QUESTIONNAIRE_MIGRATION_2019'),
	(357, 12, 12, 797, 2, 63, -1, 3, 1, 0, 0, '', '2019-04-17 15:25:18', 'QUESTIONNAIRE_MIGRATION_2019', '2019-04-17 15:25:18', 'QUESTIONNAIRE_MIGRATION_2019'),
	(358, 12, 12, 798, 2, 63, -1, 3, 1, 0, 0, '', '2019-04-17 15:25:18', 'QUESTIONNAIRE_MIGRATION_2019', '2019-04-17 15:25:18', 'QUESTIONNAIRE_MIGRATION_2019'),
	(359, 12, 12, 793, 2, 64, -1, 3, 1, 0, 0, '', '2019-04-17 15:25:18', 'QUESTIONNAIRE_MIGRATION_2019', '2019-04-17 15:25:18', 'QUESTIONNAIRE_MIGRATION_2019'),
	(360, 12, 12, 794, 2, 64, -1, 3, 1, 0, 0, '', '2019-04-17 15:25:18', 'QUESTIONNAIRE_MIGRATION_2019', '2019-04-17 15:25:18', 'QUESTIONNAIRE_MIGRATION_2019'),
	(361, 12, 12, 795, 2, 64, -1, 3, 1, 0, 0, '', '2019-04-17 15:25:18', 'QUESTIONNAIRE_MIGRATION_2019', '2019-04-17 15:25:18', 'QUESTIONNAIRE_MIGRATION_2019'),
	(362, 12, 12, 791, 2, 64, -1, 3, 1, 0, 0, '', '2019-04-17 15:25:18', 'QUESTIONNAIRE_MIGRATION_2019', '2019-04-17 15:25:18', 'QUESTIONNAIRE_MIGRATION_2019'),
	(363, 12, 12, 796, 2, 64, -1, 3, 1, 0, 0, '', '2019-04-17 15:25:18', 'QUESTIONNAIRE_MIGRATION_2019', '2019-04-17 15:25:18', 'QUESTIONNAIRE_MIGRATION_2019'),
	(364, 12, 12, 792, 2, 64, -1, 3, 1, 0, 0, '', '2019-04-17 15:25:18', 'QUESTIONNAIRE_MIGRATION_2019', '2019-04-17 15:25:18', 'QUESTIONNAIRE_MIGRATION_2019'),
	(365, 12, 12, 799, 2, 64, -1, 3, 1, 0, 0, '', '2019-04-17 15:25:18', 'QUESTIONNAIRE_MIGRATION_2019', '2019-04-17 15:25:18', 'QUESTIONNAIRE_MIGRATION_2019'),
	(366, 12, 12, 797, 2, 64, -1, 3, 1, 0, 0, '', '2019-04-17 15:25:18', 'QUESTIONNAIRE_MIGRATION_2019', '2019-04-17 15:25:18', 'QUESTIONNAIRE_MIGRATION_2019'),
	(367, 12, 12, 798, 2, 64, -1, 3, 1, 0, 0, '', '2019-04-17 15:25:18', 'QUESTIONNAIRE_MIGRATION_2019', '2019-04-17 15:25:18', 'QUESTIONNAIRE_MIGRATION_2019'),
	(368, 12, 12, 793, 2, 65, -1, 3, 1, 0, 0, '', '2019-04-17 15:25:18', 'QUESTIONNAIRE_MIGRATION_2019', '2019-04-17 15:25:18', 'QUESTIONNAIRE_MIGRATION_2019'),
	(369, 12, 12, 794, 2, 65, -1, 3, 1, 0, 0, '', '2019-04-17 15:25:18', 'QUESTIONNAIRE_MIGRATION_2019', '2019-04-17 15:25:18', 'QUESTIONNAIRE_MIGRATION_2019'),
	(370, 12, 12, 795, 2, 65, -1, 3, 1, 0, 0, '', '2019-04-17 15:25:18', 'QUESTIONNAIRE_MIGRATION_2019', '2019-04-17 15:25:18', 'QUESTIONNAIRE_MIGRATION_2019'),
	(371, 12, 12, 791, 2, 65, -1, 3, 1, 0, 0, '', '2019-04-17 15:25:18', 'QUESTIONNAIRE_MIGRATION_2019', '2019-04-17 15:25:18', 'QUESTIONNAIRE_MIGRATION_2019'),
	(372, 12, 12, 796, 2, 65, -1, 3, 1, 0, 0, '', '2019-04-17 15:25:18', 'QUESTIONNAIRE_MIGRATION_2019', '2019-04-17 15:25:18', 'QUESTIONNAIRE_MIGRATION_2019'),
	(373, 12, 12, 792, 2, 65, -1, 3, 1, 0, 0, '', '2019-04-17 15:25:18', 'QUESTIONNAIRE_MIGRATION_2019', '2019-04-17 15:25:18', 'QUESTIONNAIRE_MIGRATION_2019'),
	(374, 12, 12, 799, 2, 65, -1, 3, 1, 0, 0, '', '2019-04-17 15:25:18', 'QUESTIONNAIRE_MIGRATION_2019', '2019-04-17 15:25:18', 'QUESTIONNAIRE_MIGRATION_2019'),
	(375, 12, 12, 797, 2, 65, -1, 3, 1, 0, 0, '', '2019-04-17 15:25:18', 'QUESTIONNAIRE_MIGRATION_2019', '2019-04-17 15:25:18', 'QUESTIONNAIRE_MIGRATION_2019'),
	(376, 12, 12, 798, 2, 65, -1, 3, 1, 0, 0, '', '2019-04-17 15:25:18', 'QUESTIONNAIRE_MIGRATION_2019', '2019-04-17 15:25:18', 'QUESTIONNAIRE_MIGRATION_2019'),
	(377, 11, 11, 823, 2, 66, -1, 3, 1, 0, 0, '', '2019-04-17 15:25:18', 'QUESTIONNAIRE_MIGRATION_2019', '2019-04-17 15:25:18', 'QUESTIONNAIRE_MIGRATION_2019'),
	(378, 11, 11, 824, 2, 66, -1, 3, 1, 0, 0, '', '2019-04-17 15:25:18', 'QUESTIONNAIRE_MIGRATION_2019', '2019-04-17 15:25:18', 'QUESTIONNAIRE_MIGRATION_2019'),
	(379, 11, 11, 811, 1, 66, -1, 3, 1, 0, 0, '', '2019-04-17 15:25:18', 'QUESTIONNAIRE_MIGRATION_2019', '2019-04-17 15:25:18', 'QUESTIONNAIRE_MIGRATION_2019'),
	(380, 11, 11, 830, 3, 66, -1, 3, 1, 0, 0, '', '2019-04-17 15:25:18', 'QUESTIONNAIRE_MIGRATION_2019', '2019-04-17 15:25:18', 'QUESTIONNAIRE_MIGRATION_2019'),
	(381, 11, 11, 832, 3, 66, -1, 3, 1, 0, 0, '', '2019-04-17 15:25:18', 'QUESTIONNAIRE_MIGRATION_2019', '2019-04-17 15:25:18', 'QUESTIONNAIRE_MIGRATION_2019'),
	(382, 11, 11, 823, 2, 67, -1, 3, 1, 0, 0, '', '2019-04-17 15:25:18', 'QUESTIONNAIRE_MIGRATION_2019', '2019-04-17 15:25:18', 'QUESTIONNAIRE_MIGRATION_2019'),
	(383, 11, 11, 824, 2, 67, -1, 3, 1, 0, 0, '', '2019-04-17 15:25:18', 'QUESTIONNAIRE_MIGRATION_2019', '2019-04-17 15:25:18', 'QUESTIONNAIRE_MIGRATION_2019'),
	(384, 11, 11, 811, 1, 67, -1, 3, 1, 0, 0, '', '2019-04-17 15:25:18', 'QUESTIONNAIRE_MIGRATION_2019', '2019-04-17 15:25:18', 'QUESTIONNAIRE_MIGRATION_2019'),
	(385, 11, 11, 830, 3, 67, -1, 3, 1, 0, 0, '', '2019-04-17 15:25:18', 'QUESTIONNAIRE_MIGRATION_2019', '2019-04-17 15:25:18', 'QUESTIONNAIRE_MIGRATION_2019'),
	(386, 11, 11, 832, 3, 67, -1, 3, 1, 0, 0, '', '2019-04-17 15:25:18', 'QUESTIONNAIRE_MIGRATION_2019', '2019-04-17 15:25:18', 'QUESTIONNAIRE_MIGRATION_2019'),
	(387, 11, 11, 823, 2, 68, -1, 3, 1, 0, 0, '', '2019-04-17 15:25:18', 'QUESTIONNAIRE_MIGRATION_2019', '2019-04-17 15:25:18', 'QUESTIONNAIRE_MIGRATION_2019'),
	(388, 11, 11, 824, 2, 68, -1, 3, 1, 0, 0, '', '2019-04-17 15:25:18', 'QUESTIONNAIRE_MIGRATION_2019', '2019-04-17 15:25:18', 'QUESTIONNAIRE_MIGRATION_2019'),
	(389, 11, 11, 811, 1, 68, -1, 3, 1, 0, 0, '', '2019-04-17 15:25:18', 'QUESTIONNAIRE_MIGRATION_2019', '2019-04-17 15:25:18', 'QUESTIONNAIRE_MIGRATION_2019'),
	(390, 11, 11, 830, 3, 68, -1, 3, 1, 0, 0, '', '2019-04-17 15:25:18', 'QUESTIONNAIRE_MIGRATION_2019', '2019-04-17 15:25:18', 'QUESTIONNAIRE_MIGRATION_2019'),
	(391, 11, 11, 832, 3, 68, -1, 3, 1, 0, 0, '', '2019-04-17 15:25:18', 'QUESTIONNAIRE_MIGRATION_2019', '2019-04-17 15:25:18', 'QUESTIONNAIRE_MIGRATION_2019'),
	(392, 11, 11, 823, 2, 69, -1, 3, 1, 0, 0, '', '2019-04-17 15:25:18', 'QUESTIONNAIRE_MIGRATION_2019', '2019-04-17 15:25:18', 'QUESTIONNAIRE_MIGRATION_2019'),
	(393, 11, 11, 824, 2, 69, -1, 3, 1, 0, 0, '', '2019-04-17 15:25:18', 'QUESTIONNAIRE_MIGRATION_2019', '2019-04-17 15:25:18', 'QUESTIONNAIRE_MIGRATION_2019'),
	(394, 11, 11, 811, 1, 69, -1, 3, 1, 0, 0, '', '2019-04-17 15:25:18', 'QUESTIONNAIRE_MIGRATION_2019', '2019-04-17 15:25:18', 'QUESTIONNAIRE_MIGRATION_2019'),
	(395, 11, 11, 830, 3, 69, -1, 3, 1, 0, 0, '', '2019-04-17 15:25:18', 'QUESTIONNAIRE_MIGRATION_2019', '2019-04-17 15:25:18', 'QUESTIONNAIRE_MIGRATION_2019'),
	(396, 11, 11, 832, 3, 69, -1, 3, 1, 0, 0, '', '2019-04-17 15:25:18', 'QUESTIONNAIRE_MIGRATION_2019', '2019-04-17 15:25:18', 'QUESTIONNAIRE_MIGRATION_2019'),
	(397, 11, 11, 823, 2, 70, -1, 3, 1, 0, 0, '', '2019-04-17 15:25:18', 'QUESTIONNAIRE_MIGRATION_2019', '2019-04-17 15:25:18', 'QUESTIONNAIRE_MIGRATION_2019'),
	(398, 11, 11, 824, 2, 70, -1, 3, 1, 0, 0, '', '2019-04-17 15:25:18', 'QUESTIONNAIRE_MIGRATION_2019', '2019-04-17 15:25:18', 'QUESTIONNAIRE_MIGRATION_2019'),
	(399, 11, 11, 811, 1, 70, -1, 3, 1, 0, 0, '', '2019-04-17 15:25:18', 'QUESTIONNAIRE_MIGRATION_2019', '2019-04-17 15:25:18', 'QUESTIONNAIRE_MIGRATION_2019'),
	(400, 11, 11, 830, 3, 70, -1, 3, 1, 0, 0, '', '2019-04-17 15:25:18', 'QUESTIONNAIRE_MIGRATION_2019', '2019-04-17 15:25:18', 'QUESTIONNAIRE_MIGRATION_2019'),
	(401, 11, 11, 832, 3, 70, -1, 3, 1, 0, 0, '', '2019-04-17 15:25:18', 'QUESTIONNAIRE_MIGRATION_2019', '2019-04-17 15:25:18', 'QUESTIONNAIRE_MIGRATION_2019'),
	(402, 12, 12, 793, 2, 71, -1, 3, 1, 0, 0, '', '2019-04-17 15:25:18', 'QUESTIONNAIRE_MIGRATION_2019', '2019-04-17 15:25:18', 'QUESTIONNAIRE_MIGRATION_2019'),
	(403, 12, 12, 794, 2, 71, -1, 3, 1, 0, 0, '', '2019-04-17 15:25:18', 'QUESTIONNAIRE_MIGRATION_2019', '2019-04-17 15:25:18', 'QUESTIONNAIRE_MIGRATION_2019'),
	(404, 12, 12, 795, 2, 71, -1, 3, 1, 0, 0, '', '2019-04-17 15:25:18', 'QUESTIONNAIRE_MIGRATION_2019', '2019-04-17 15:25:18', 'QUESTIONNAIRE_MIGRATION_2019'),
	(405, 12, 12, 791, 2, 71, -1, 3, 1, 0, 0, '', '2019-04-17 15:25:18', 'QUESTIONNAIRE_MIGRATION_2019', '2019-04-17 15:25:18', 'QUESTIONNAIRE_MIGRATION_2019'),
	(406, 12, 12, 796, 2, 71, -1, 3, 1, 0, 0, '', '2019-04-17 15:25:18', 'QUESTIONNAIRE_MIGRATION_2019', '2019-04-17 15:25:18', 'QUESTIONNAIRE_MIGRATION_2019'),
	(407, 12, 12, 792, 2, 71, -1, 3, 1, 0, 0, '', '2019-04-17 15:25:18', 'QUESTIONNAIRE_MIGRATION_2019', '2019-04-17 15:25:18', 'QUESTIONNAIRE_MIGRATION_2019'),
	(408, 12, 12, 799, 2, 71, -1, 3, 1, 0, 0, '', '2019-04-17 15:25:18', 'QUESTIONNAIRE_MIGRATION_2019', '2019-04-17 15:25:18', 'QUESTIONNAIRE_MIGRATION_2019'),
	(409, 12, 12, 797, 2, 71, -1, 3, 1, 0, 0, '', '2019-04-17 15:25:18', 'QUESTIONNAIRE_MIGRATION_2019', '2019-04-17 15:25:18', 'QUESTIONNAIRE_MIGRATION_2019'),
	(410, 12, 12, 798, 2, 71, -1, 3, 1, 0, 0, '', '2019-04-17 15:25:18', 'QUESTIONNAIRE_MIGRATION_2019', '2019-04-17 15:25:18', 'QUESTIONNAIRE_MIGRATION_2019'),
	(411, 12, 12, 793, 2, 72, -1, 3, 1, 0, 0, '', '2019-04-17 15:25:18', 'QUESTIONNAIRE_MIGRATION_2019', '2019-04-17 15:25:18', 'QUESTIONNAIRE_MIGRATION_2019'),
	(412, 12, 12, 794, 2, 72, -1, 3, 1, 0, 0, '', '2019-04-17 15:25:18', 'QUESTIONNAIRE_MIGRATION_2019', '2019-04-17 15:25:18', 'QUESTIONNAIRE_MIGRATION_2019'),
	(413, 12, 12, 795, 2, 72, -1, 3, 1, 0, 0, '', '2019-04-17 15:25:18', 'QUESTIONNAIRE_MIGRATION_2019', '2019-04-17 15:25:18', 'QUESTIONNAIRE_MIGRATION_2019'),
	(414, 12, 12, 791, 2, 72, -1, 3, 1, 0, 0, '', '2019-04-17 15:25:18', 'QUESTIONNAIRE_MIGRATION_2019', '2019-04-17 15:25:18', 'QUESTIONNAIRE_MIGRATION_2019'),
	(415, 12, 12, 796, 2, 72, -1, 3, 1, 0, 0, '', '2019-04-17 15:25:18', 'QUESTIONNAIRE_MIGRATION_2019', '2019-04-17 15:25:18', 'QUESTIONNAIRE_MIGRATION_2019'),
	(416, 12, 12, 792, 2, 72, -1, 3, 1, 0, 0, '', '2019-04-17 15:25:18', 'QUESTIONNAIRE_MIGRATION_2019', '2019-04-17 15:25:18', 'QUESTIONNAIRE_MIGRATION_2019'),
	(417, 12, 12, 799, 2, 72, -1, 3, 1, 0, 0, '', '2019-04-17 15:25:18', 'QUESTIONNAIRE_MIGRATION_2019', '2019-04-17 15:25:18', 'QUESTIONNAIRE_MIGRATION_2019'),
	(418, 12, 12, 797, 2, 72, -1, 3, 1, 0, 0, '', '2019-04-17 15:25:18', 'QUESTIONNAIRE_MIGRATION_2019', '2019-04-17 15:25:18', 'QUESTIONNAIRE_MIGRATION_2019'),
	(419, 12, 12, 798, 2, 72, -1, 3, 1, 0, 0, '', '2019-04-17 15:25:18', 'QUESTIONNAIRE_MIGRATION_2019', '2019-04-17 15:25:18', 'QUESTIONNAIRE_MIGRATION_2019'),
	(420, 18, 18, 842, 2, 73, -1, 3, 1, 0, 0, '', '2019-04-17 15:25:18', 'QUESTIONNAIRE_MIGRATION_2019', '2019-04-17 15:25:18', 'QUESTIONNAIRE_MIGRATION_2019'),
	(421, 18, 18, 843, 2, 73, -1, 3, 1, 0, 0, '', '2019-04-17 15:25:18', 'QUESTIONNAIRE_MIGRATION_2019', '2019-04-17 15:25:18', 'QUESTIONNAIRE_MIGRATION_2019'),
	(422, 18, 18, 844, 2, 73, -1, 3, 1, 0, 0, '', '2019-04-17 15:25:18', 'QUESTIONNAIRE_MIGRATION_2019', '2019-04-17 15:25:18', 'QUESTIONNAIRE_MIGRATION_2019'),
	(423, 18, 18, 845, 2, 73, -1, 3, 1, 0, 0, '', '2019-04-17 15:25:18', 'QUESTIONNAIRE_MIGRATION_2019', '2019-04-17 15:25:18', 'QUESTIONNAIRE_MIGRATION_2019'),
	(424, 18, 18, 846, 2, 73, -1, 3, 1, 0, 0, '', '2019-04-17 15:25:18', 'QUESTIONNAIRE_MIGRATION_2019', '2019-04-17 15:25:18', 'QUESTIONNAIRE_MIGRATION_2019'),
	(425, 18, 18, 847, 2, 73, -1, 3, 1, 0, 0, '', '2019-04-17 15:25:18', 'QUESTIONNAIRE_MIGRATION_2019', '2019-04-17 15:25:18', 'QUESTIONNAIRE_MIGRATION_2019'),
	(426, 18, 18, 848, 2, 73, -1, 3, 1, 0, 0, '', '2019-04-17 15:25:18', 'QUESTIONNAIRE_MIGRATION_2019', '2019-04-17 15:25:18', 'QUESTIONNAIRE_MIGRATION_2019'),
	(427, 18, 18, 849, 2, 73, -1, 3, 1, 0, 0, '', '2019-04-17 15:25:18', 'QUESTIONNAIRE_MIGRATION_2019', '2019-04-17 15:25:18', 'QUESTIONNAIRE_MIGRATION_2019'),
	(428, 18, 18, 850, 2, 73, -1, 3, 1, 0, 0, '', '2019-04-17 15:25:18', 'QUESTIONNAIRE_MIGRATION_2019', '2019-04-17 15:25:18', 'QUESTIONNAIRE_MIGRATION_2019'),
	(429, 18, 18, 851, 2, 73, -1, 3, 1, 0, 0, '', '2019-04-17 15:25:18', 'QUESTIONNAIRE_MIGRATION_2019', '2019-04-17 15:25:18', 'QUESTIONNAIRE_MIGRATION_2019'),
	(430, 18, 18, 852, 2, 73, -1, 3, 1, 0, 0, '', '2019-04-17 15:25:18', 'QUESTIONNAIRE_MIGRATION_2019', '2019-04-17 15:25:18', 'QUESTIONNAIRE_MIGRATION_2019'),
	(431, 12, 12, 793, 2, 74, -1, 3, 1, 0, 0, '', '2019-04-17 15:25:18', 'QUESTIONNAIRE_MIGRATION_2019', '2019-04-17 15:25:18', 'QUESTIONNAIRE_MIGRATION_2019'),
	(432, 12, 12, 794, 2, 74, -1, 3, 1, 0, 0, '', '2019-04-17 15:25:18', 'QUESTIONNAIRE_MIGRATION_2019', '2019-04-17 15:25:18', 'QUESTIONNAIRE_MIGRATION_2019'),
	(433, 12, 12, 795, 2, 74, -1, 3, 1, 0, 0, '', '2019-04-17 15:25:18', 'QUESTIONNAIRE_MIGRATION_2019', '2019-04-17 15:25:18', 'QUESTIONNAIRE_MIGRATION_2019'),
	(434, 12, 12, 791, 2, 74, -1, 3, 1, 0, 0, '', '2019-04-17 15:25:18', 'QUESTIONNAIRE_MIGRATION_2019', '2019-04-17 15:25:18', 'QUESTIONNAIRE_MIGRATION_2019'),
	(435, 12, 12, 796, 2, 74, -1, 3, 1, 0, 0, '', '2019-04-17 15:25:18', 'QUESTIONNAIRE_MIGRATION_2019', '2019-04-17 15:25:18', 'QUESTIONNAIRE_MIGRATION_2019'),
	(436, 12, 12, 792, 2, 74, -1, 3, 1, 0, 0, '', '2019-04-17 15:25:18', 'QUESTIONNAIRE_MIGRATION_2019', '2019-04-17 15:25:18', 'QUESTIONNAIRE_MIGRATION_2019'),
	(437, 12, 12, 799, 2, 74, -1, 3, 1, 0, 0, '', '2019-04-17 15:25:18', 'QUESTIONNAIRE_MIGRATION_2019', '2019-04-17 15:25:18', 'QUESTIONNAIRE_MIGRATION_2019'),
	(438, 12, 12, 797, 2, 74, -1, 3, 1, 0, 0, '', '2019-04-17 15:25:18', 'QUESTIONNAIRE_MIGRATION_2019', '2019-04-17 15:25:18', 'QUESTIONNAIRE_MIGRATION_2019'),
	(439, 12, 12, 798, 2, 74, -1, 3, 1, 0, 0, '', '2019-04-17 15:25:18', 'QUESTIONNAIRE_MIGRATION_2019', '2019-04-17 15:25:18', 'QUESTIONNAIRE_MIGRATION_2019'),
	(440, 11, 11, 823, 2, 75, -1, 3, 1, 0, 0, '', '2019-04-17 15:25:18', 'QUESTIONNAIRE_MIGRATION_2019', '2019-04-17 15:25:18', 'QUESTIONNAIRE_MIGRATION_2019'),
	(441, 11, 11, 824, 2, 75, -1, 3, 1, 0, 0, '', '2019-04-17 15:25:18', 'QUESTIONNAIRE_MIGRATION_2019', '2019-04-17 15:25:18', 'QUESTIONNAIRE_MIGRATION_2019'),
	(442, 11, 11, 811, 1, 75, -1, 3, 1, 0, 0, '', '2019-04-17 15:25:18', 'QUESTIONNAIRE_MIGRATION_2019', '2019-04-17 15:25:18', 'QUESTIONNAIRE_MIGRATION_2019'),
	(443, 11, 11, 830, 3, 75, -1, 3, 1, 0, 0, '', '2019-04-17 15:25:18', 'QUESTIONNAIRE_MIGRATION_2019', '2019-04-17 15:25:18', 'QUESTIONNAIRE_MIGRATION_2019'),
	(444, 11, 11, 832, 3, 75, -1, 3, 1, 0, 0, '', '2019-04-17 15:25:18', 'QUESTIONNAIRE_MIGRATION_2019', '2019-04-17 15:25:18', 'QUESTIONNAIRE_MIGRATION_2019'),
	(445, 11, 11, 823, 2, 76, -1, 3, 1, 0, 0, '', '2019-04-17 15:25:18', 'QUESTIONNAIRE_MIGRATION_2019', '2019-04-17 15:25:18', 'QUESTIONNAIRE_MIGRATION_2019'),
	(446, 11, 11, 824, 2, 76, -1, 3, 1, 0, 0, '', '2019-04-17 15:25:18', 'QUESTIONNAIRE_MIGRATION_2019', '2019-04-17 15:25:18', 'QUESTIONNAIRE_MIGRATION_2019'),
	(447, 11, 11, 811, 1, 76, -1, 3, 1, 0, 0, '', '2019-04-17 15:25:18', 'QUESTIONNAIRE_MIGRATION_2019', '2019-04-17 15:25:18', 'QUESTIONNAIRE_MIGRATION_2019'),
	(448, 11, 11, 830, 3, 76, -1, 3, 1, 0, 0, '', '2019-04-17 15:25:18', 'QUESTIONNAIRE_MIGRATION_2019', '2019-04-17 15:25:18', 'QUESTIONNAIRE_MIGRATION_2019'),
	(449, 11, 11, 832, 3, 76, -1, 3, 1, 0, 0, '', '2019-04-17 15:25:18', 'QUESTIONNAIRE_MIGRATION_2019', '2019-04-17 15:25:18', 'QUESTIONNAIRE_MIGRATION_2019'),
	(450, 11, 11, 823, 2, 77, -1, 3, 1, 0, 0, '', '2019-04-17 15:25:18', 'QUESTIONNAIRE_MIGRATION_2019', '2019-04-17 15:25:18', 'QUESTIONNAIRE_MIGRATION_2019'),
	(451, 11, 11, 824, 2, 77, -1, 3, 1, 0, 0, '', '2019-04-17 15:25:18', 'QUESTIONNAIRE_MIGRATION_2019', '2019-04-17 15:25:18', 'QUESTIONNAIRE_MIGRATION_2019'),
	(452, 11, 11, 811, 1, 77, -1, 3, 1, 0, 0, '', '2019-04-17 15:25:18', 'QUESTIONNAIRE_MIGRATION_2019', '2019-04-17 15:25:18', 'QUESTIONNAIRE_MIGRATION_2019'),
	(453, 11, 11, 830, 3, 77, -1, 3, 1, 0, 0, '', '2019-04-17 15:25:18', 'QUESTIONNAIRE_MIGRATION_2019', '2019-04-17 15:25:18', 'QUESTIONNAIRE_MIGRATION_2019'),
	(454, 11, 11, 832, 3, 77, -1, 3, 1, 0, 0, '', '2019-04-17 15:25:18', 'QUESTIONNAIRE_MIGRATION_2019', '2019-04-17 15:25:18', 'QUESTIONNAIRE_MIGRATION_2019'),
	(455, 12, 12, 793, 2, 78, -1, 3, 1, 0, 0, '', '2019-04-17 15:25:18', 'QUESTIONNAIRE_MIGRATION_2019', '2019-04-17 15:25:18', 'QUESTIONNAIRE_MIGRATION_2019'),
	(456, 12, 12, 794, 2, 78, -1, 3, 1, 0, 0, '', '2019-04-17 15:25:18', 'QUESTIONNAIRE_MIGRATION_2019', '2019-04-17 15:25:18', 'QUESTIONNAIRE_MIGRATION_2019'),
	(457, 12, 12, 795, 2, 78, -1, 3, 1, 0, 0, '', '2019-04-17 15:25:18', 'QUESTIONNAIRE_MIGRATION_2019', '2019-04-17 15:25:18', 'QUESTIONNAIRE_MIGRATION_2019'),
	(458, 12, 12, 791, 2, 78, -1, 3, 1, 0, 0, '', '2019-04-17 15:25:18', 'QUESTIONNAIRE_MIGRATION_2019', '2019-04-17 15:25:18', 'QUESTIONNAIRE_MIGRATION_2019'),
	(459, 12, 12, 796, 2, 78, -1, 3, 1, 0, 0, '', '2019-04-17 15:25:18', 'QUESTIONNAIRE_MIGRATION_2019', '2019-04-17 15:25:18', 'QUESTIONNAIRE_MIGRATION_2019'),
	(460, 12, 12, 792, 2, 78, -1, 3, 1, 0, 0, '', '2019-04-17 15:25:18', 'QUESTIONNAIRE_MIGRATION_2019', '2019-04-17 15:25:18', 'QUESTIONNAIRE_MIGRATION_2019'),
	(461, 12, 12, 799, 2, 78, -1, 3, 1, 0, 0, '', '2019-04-17 15:25:18', 'QUESTIONNAIRE_MIGRATION_2019', '2019-04-17 15:25:18', 'QUESTIONNAIRE_MIGRATION_2019'),
	(462, 12, 12, 797, 2, 78, -1, 3, 1, 0, 0, '', '2019-04-17 15:25:18', 'QUESTIONNAIRE_MIGRATION_2019', '2019-04-17 15:25:18', 'QUESTIONNAIRE_MIGRATION_2019'),
	(463, 12, 12, 798, 2, 78, -1, 3, 1, 0, 0, '', '2019-04-17 15:25:18', 'QUESTIONNAIRE_MIGRATION_2019', '2019-04-17 15:25:18', 'QUESTIONNAIRE_MIGRATION_2019'),
	(464, 12, 12, 793, 2, 79, -1, 3, 1, 0, 0, '', '2019-04-17 15:25:18', 'QUESTIONNAIRE_MIGRATION_2019', '2019-04-17 15:25:18', 'QUESTIONNAIRE_MIGRATION_2019'),
	(465, 12, 12, 794, 2, 79, -1, 3, 1, 0, 0, '', '2019-04-17 15:25:18', 'QUESTIONNAIRE_MIGRATION_2019', '2019-04-17 15:25:18', 'QUESTIONNAIRE_MIGRATION_2019'),
	(466, 12, 12, 795, 2, 79, -1, 3, 1, 0, 0, '', '2019-04-17 15:25:18', 'QUESTIONNAIRE_MIGRATION_2019', '2019-04-17 15:25:18', 'QUESTIONNAIRE_MIGRATION_2019'),
	(467, 12, 12, 791, 2, 79, -1, 3, 1, 0, 0, '', '2019-04-17 15:25:18', 'QUESTIONNAIRE_MIGRATION_2019', '2019-04-17 15:25:18', 'QUESTIONNAIRE_MIGRATION_2019'),
	(468, 12, 12, 796, 2, 79, -1, 3, 1, 0, 0, '', '2019-04-17 15:25:18', 'QUESTIONNAIRE_MIGRATION_2019', '2019-04-17 15:25:18', 'QUESTIONNAIRE_MIGRATION_2019'),
	(469, 12, 12, 792, 2, 79, -1, 3, 1, 0, 0, '', '2019-04-17 15:25:18', 'QUESTIONNAIRE_MIGRATION_2019', '2019-04-17 15:25:18', 'QUESTIONNAIRE_MIGRATION_2019'),
	(470, 12, 12, 799, 2, 79, -1, 3, 1, 0, 0, '', '2019-04-17 15:25:18', 'QUESTIONNAIRE_MIGRATION_2019', '2019-04-17 15:25:18', 'QUESTIONNAIRE_MIGRATION_2019'),
	(471, 12, 12, 797, 2, 79, -1, 3, 1, 0, 0, '', '2019-04-17 15:25:18', 'QUESTIONNAIRE_MIGRATION_2019', '2019-04-17 15:25:18', 'QUESTIONNAIRE_MIGRATION_2019'),
	(472, 12, 12, 798, 2, 79, -1, 3, 1, 0, 0, '', '2019-04-17 15:25:18', 'QUESTIONNAIRE_MIGRATION_2019', '2019-04-17 15:25:18', 'QUESTIONNAIRE_MIGRATION_2019'),
	(473, 18, 18, 842, 2, 80, -1, 3, 1, 0, 0, '', '2019-04-17 15:25:18', 'QUESTIONNAIRE_MIGRATION_2019', '2019-04-17 15:25:18', 'QUESTIONNAIRE_MIGRATION_2019'),
	(474, 18, 18, 843, 2, 80, -1, 3, 1, 0, 0, '', '2019-04-17 15:25:19', 'QUESTIONNAIRE_MIGRATION_2019', '2019-04-17 15:25:19', 'QUESTIONNAIRE_MIGRATION_2019'),
	(475, 18, 18, 844, 2, 80, -1, 3, 1, 0, 0, '', '2019-04-17 15:25:19', 'QUESTIONNAIRE_MIGRATION_2019', '2019-04-17 15:25:19', 'QUESTIONNAIRE_MIGRATION_2019'),
	(476, 18, 18, 845, 2, 80, -1, 3, 1, 0, 0, '', '2019-04-17 15:25:19', 'QUESTIONNAIRE_MIGRATION_2019', '2019-04-17 15:25:19', 'QUESTIONNAIRE_MIGRATION_2019'),
	(477, 18, 18, 846, 2, 80, -1, 3, 1, 0, 0, '', '2019-04-17 15:25:19', 'QUESTIONNAIRE_MIGRATION_2019', '2019-04-17 15:25:19', 'QUESTIONNAIRE_MIGRATION_2019'),
	(478, 18, 18, 847, 2, 80, -1, 3, 1, 0, 0, '', '2019-04-17 15:25:19', 'QUESTIONNAIRE_MIGRATION_2019', '2019-04-17 15:25:19', 'QUESTIONNAIRE_MIGRATION_2019'),
	(479, 18, 18, 848, 2, 80, -1, 3, 1, 0, 0, '', '2019-04-17 15:25:19', 'QUESTIONNAIRE_MIGRATION_2019', '2019-04-17 15:25:19', 'QUESTIONNAIRE_MIGRATION_2019'),
	(480, 18, 18, 849, 2, 80, -1, 3, 1, 0, 0, '', '2019-04-17 15:25:19', 'QUESTIONNAIRE_MIGRATION_2019', '2019-04-17 15:25:19', 'QUESTIONNAIRE_MIGRATION_2019'),
	(481, 18, 18, 850, 2, 80, -1, 3, 1, 0, 0, '', '2019-04-17 15:25:19', 'QUESTIONNAIRE_MIGRATION_2019', '2019-04-17 15:25:19', 'QUESTIONNAIRE_MIGRATION_2019'),
	(482, 18, 18, 851, 2, 80, -1, 3, 1, 0, 0, '', '2019-04-17 15:25:19', 'QUESTIONNAIRE_MIGRATION_2019', '2019-04-17 15:25:19', 'QUESTIONNAIRE_MIGRATION_2019'),
	(483, 18, 18, 852, 2, 80, -1, 3, 1, 0, 0, '', '2019-04-17 15:25:19', 'QUESTIONNAIRE_MIGRATION_2019', '2019-04-17 15:25:19', 'QUESTIONNAIRE_MIGRATION_2019'),
	(484, 11, 11, 823, 2, 81, -1, 3, 1, 0, 0, '', '2019-04-17 15:25:19', 'QUESTIONNAIRE_MIGRATION_2019', '2019-04-17 15:25:19', 'QUESTIONNAIRE_MIGRATION_2019'),
	(485, 11, 11, 824, 2, 81, -1, 3, 1, 0, 0, '', '2019-04-17 15:25:19', 'QUESTIONNAIRE_MIGRATION_2019', '2019-04-17 15:25:19', 'QUESTIONNAIRE_MIGRATION_2019'),
	(486, 11, 11, 811, 1, 81, -1, 3, 1, 0, 0, '', '2019-04-17 15:25:19', 'QUESTIONNAIRE_MIGRATION_2019', '2019-04-17 15:25:19', 'QUESTIONNAIRE_MIGRATION_2019'),
	(487, 11, 11, 830, 3, 81, -1, 3, 1, 0, 0, '', '2019-04-17 15:25:19', 'QUESTIONNAIRE_MIGRATION_2019', '2019-04-17 15:25:19', 'QUESTIONNAIRE_MIGRATION_2019'),
	(488, 11, 11, 832, 3, 81, -1, 3, 1, 0, 0, '', '2019-04-17 15:25:19', 'QUESTIONNAIRE_MIGRATION_2019', '2019-04-17 15:25:19', 'QUESTIONNAIRE_MIGRATION_2019'),
	(489, 11, 11, 823, 2, 82, -1, 3, 1, 0, 0, '', '2019-04-17 15:25:19', 'QUESTIONNAIRE_MIGRATION_2019', '2019-04-17 15:25:19', 'QUESTIONNAIRE_MIGRATION_2019'),
	(490, 11, 11, 824, 2, 82, -1, 3, 1, 0, 0, '', '2019-04-17 15:25:19', 'QUESTIONNAIRE_MIGRATION_2019', '2019-04-17 15:25:19', 'QUESTIONNAIRE_MIGRATION_2019'),
	(491, 11, 11, 811, 1, 82, -1, 3, 1, 0, 0, '', '2019-04-17 15:25:19', 'QUESTIONNAIRE_MIGRATION_2019', '2019-04-17 15:25:19', 'QUESTIONNAIRE_MIGRATION_2019'),
	(492, 11, 11, 823, 2, 83, -1, 3, 1, 0, 0, '', '2019-04-17 15:25:19', 'QUESTIONNAIRE_MIGRATION_2019', '2019-04-17 15:25:19', 'QUESTIONNAIRE_MIGRATION_2019'),
	(493, 11, 11, 824, 2, 83, -1, 3, 1, 0, 0, '', '2019-04-17 15:25:19', 'QUESTIONNAIRE_MIGRATION_2019', '2019-04-17 15:25:19', 'QUESTIONNAIRE_MIGRATION_2019'),
	(494, 11, 11, 811, 1, 83, -1, 3, 1, 0, 0, '', '2019-04-17 15:25:19', 'QUESTIONNAIRE_MIGRATION_2019', '2019-04-17 15:25:19', 'QUESTIONNAIRE_MIGRATION_2019'),
	(495, 11, 11, 832, 3, 83, -1, 3, 1, 0, 0, '', '2019-04-17 15:25:19', 'QUESTIONNAIRE_MIGRATION_2019', '2019-04-17 15:25:19', 'QUESTIONNAIRE_MIGRATION_2019'),
	(496, 12, 12, 793, 2, 84, -1, 3, 1, 0, 0, '', '2019-04-17 15:25:19', 'QUESTIONNAIRE_MIGRATION_2019', '2019-04-17 15:25:19', 'QUESTIONNAIRE_MIGRATION_2019'),
	(497, 12, 12, 794, 2, 84, -1, 3, 1, 0, 0, '', '2019-04-17 15:25:19', 'QUESTIONNAIRE_MIGRATION_2019', '2019-04-17 15:25:19', 'QUESTIONNAIRE_MIGRATION_2019'),
	(498, 12, 12, 795, 2, 84, -1, 3, 1, 0, 0, '', '2019-04-17 15:25:19', 'QUESTIONNAIRE_MIGRATION_2019', '2019-04-17 15:25:19', 'QUESTIONNAIRE_MIGRATION_2019'),
	(499, 12, 12, 791, 2, 84, -1, 3, 1, 0, 0, '', '2019-04-17 15:25:19', 'QUESTIONNAIRE_MIGRATION_2019', '2019-04-17 15:25:19', 'QUESTIONNAIRE_MIGRATION_2019'),
	(500, 12, 12, 796, 2, 84, -1, 3, 1, 0, 0, '', '2019-04-17 15:25:19', 'QUESTIONNAIRE_MIGRATION_2019', '2019-04-17 15:25:19', 'QUESTIONNAIRE_MIGRATION_2019'),
	(501, 12, 12, 792, 2, 84, -1, 3, 1, 0, 0, '', '2019-04-17 15:25:19', 'QUESTIONNAIRE_MIGRATION_2019', '2019-04-17 15:25:19', 'QUESTIONNAIRE_MIGRATION_2019'),
	(502, 12, 12, 799, 2, 84, -1, 3, 1, 0, 0, '', '2019-04-17 15:25:19', 'QUESTIONNAIRE_MIGRATION_2019', '2019-04-17 15:25:19', 'QUESTIONNAIRE_MIGRATION_2019'),
	(503, 12, 12, 797, 2, 84, -1, 3, 1, 0, 0, '', '2019-04-17 15:25:19', 'QUESTIONNAIRE_MIGRATION_2019', '2019-04-17 15:25:19', 'QUESTIONNAIRE_MIGRATION_2019'),
	(504, 12, 12, 798, 2, 84, -1, 3, 1, 0, 0, '', '2019-04-17 15:25:19', 'QUESTIONNAIRE_MIGRATION_2019', '2019-04-17 15:25:19', 'QUESTIONNAIRE_MIGRATION_2019'),
	(505, 18, 18, 842, 2, 85, -1, 3, 1, 0, 0, '', '2019-04-17 15:25:19', 'QUESTIONNAIRE_MIGRATION_2019', '2019-04-17 15:25:19', 'QUESTIONNAIRE_MIGRATION_2019'),
	(506, 18, 18, 843, 2, 85, -1, 3, 1, 0, 0, '', '2019-04-17 15:25:19', 'QUESTIONNAIRE_MIGRATION_2019', '2019-04-17 15:25:19', 'QUESTIONNAIRE_MIGRATION_2019'),
	(507, 18, 18, 844, 2, 85, -1, 3, 1, 0, 0, '', '2019-04-17 15:25:19', 'QUESTIONNAIRE_MIGRATION_2019', '2019-04-17 15:25:19', 'QUESTIONNAIRE_MIGRATION_2019'),
	(508, 18, 18, 845, 2, 85, -1, 3, 1, 0, 0, '', '2019-04-17 15:25:19', 'QUESTIONNAIRE_MIGRATION_2019', '2019-04-17 15:25:19', 'QUESTIONNAIRE_MIGRATION_2019'),
	(509, 18, 18, 846, 2, 85, -1, 3, 1, 0, 0, '', '2019-04-17 15:25:19', 'QUESTIONNAIRE_MIGRATION_2019', '2019-04-17 15:25:19', 'QUESTIONNAIRE_MIGRATION_2019'),
	(510, 18, 18, 847, 2, 85, -1, 3, 1, 0, 0, '', '2019-04-17 15:25:19', 'QUESTIONNAIRE_MIGRATION_2019', '2019-04-17 15:25:19', 'QUESTIONNAIRE_MIGRATION_2019'),
	(511, 18, 18, 848, 2, 85, -1, 3, 1, 0, 0, '', '2019-04-17 15:25:19', 'QUESTIONNAIRE_MIGRATION_2019', '2019-04-17 15:25:19', 'QUESTIONNAIRE_MIGRATION_2019'),
	(512, 18, 18, 849, 2, 85, -1, 3, 1, 0, 0, '', '2019-04-17 15:25:19', 'QUESTIONNAIRE_MIGRATION_2019', '2019-04-17 15:25:19', 'QUESTIONNAIRE_MIGRATION_2019'),
	(513, 18, 18, 850, 2, 85, -1, 3, 1, 0, 0, '', '2019-04-17 15:25:19', 'QUESTIONNAIRE_MIGRATION_2019', '2019-04-17 15:25:19', 'QUESTIONNAIRE_MIGRATION_2019'),
	(514, 18, 18, 851, 2, 85, -1, 3, 1, 0, 0, '', '2019-04-17 15:25:19', 'QUESTIONNAIRE_MIGRATION_2019', '2019-04-17 15:25:19', 'QUESTIONNAIRE_MIGRATION_2019'),
	(515, 18, 18, 852, 2, 85, -1, 3, 1, 0, 0, '', '2019-04-17 15:25:19', 'QUESTIONNAIRE_MIGRATION_2019', '2019-04-17 15:25:19', 'QUESTIONNAIRE_MIGRATION_2019'),
	(516, 19, 19, 853, 2, 86, -1, 3, 1, 0, 0, '', '2019-04-17 15:25:19', 'QUESTIONNAIRE_MIGRATION_2019', '2019-04-17 15:25:19', 'QUESTIONNAIRE_MIGRATION_2019'),
	(517, 19, 19, 854, 2, 86, -1, 3, 1, 0, 0, '', '2019-04-17 15:25:19', 'QUESTIONNAIRE_MIGRATION_2019', '2019-04-17 15:25:19', 'QUESTIONNAIRE_MIGRATION_2019'),
	(518, 19, 19, 855, 4, 86, -1, 3, 1, 0, 0, '', '2019-04-17 15:25:19', 'QUESTIONNAIRE_MIGRATION_2019', '2019-04-17 15:25:19', 'QUESTIONNAIRE_MIGRATION_2019'),
	(519, 19, 19, 856, 4, 86, -1, 3, 1, 0, 0, '', '2019-04-17 15:25:19', 'QUESTIONNAIRE_MIGRATION_2019', '2019-04-17 15:25:19', 'QUESTIONNAIRE_MIGRATION_2019'),
	(520, 19, 19, 857, 1, 86, -1, 3, 1, 0, 0, '', '2019-04-17 15:25:19', 'QUESTIONNAIRE_MIGRATION_2019', '2019-04-17 15:25:19', 'QUESTIONNAIRE_MIGRATION_2019'),
	(521, 18, 18, 842, 2, 87, -1, 3, 1, 0, 0, '', '2019-04-17 15:25:19', 'QUESTIONNAIRE_MIGRATION_2019', '2019-04-17 15:25:19', 'QUESTIONNAIRE_MIGRATION_2019'),
	(522, 18, 18, 843, 2, 87, -1, 3, 1, 0, 0, '', '2019-04-17 15:25:19', 'QUESTIONNAIRE_MIGRATION_2019', '2019-04-17 15:25:19', 'QUESTIONNAIRE_MIGRATION_2019'),
	(523, 18, 18, 844, 2, 87, -1, 3, 1, 0, 0, '', '2019-04-17 15:25:19', 'QUESTIONNAIRE_MIGRATION_2019', '2019-04-17 15:25:19', 'QUESTIONNAIRE_MIGRATION_2019'),
	(524, 18, 18, 845, 2, 87, -1, 3, 1, 0, 0, '', '2019-04-17 15:25:19', 'QUESTIONNAIRE_MIGRATION_2019', '2019-04-17 15:25:19', 'QUESTIONNAIRE_MIGRATION_2019'),
	(525, 18, 18, 846, 2, 87, -1, 3, 1, 0, 0, '', '2019-04-17 15:25:19', 'QUESTIONNAIRE_MIGRATION_2019', '2019-04-17 15:25:19', 'QUESTIONNAIRE_MIGRATION_2019'),
	(526, 18, 18, 847, 2, 87, -1, 3, 1, 0, 0, '', '2019-04-17 15:25:19', 'QUESTIONNAIRE_MIGRATION_2019', '2019-04-17 15:25:19', 'QUESTIONNAIRE_MIGRATION_2019'),
	(527, 18, 18, 848, 2, 87, -1, 3, 1, 0, 0, '', '2019-04-17 15:25:19', 'QUESTIONNAIRE_MIGRATION_2019', '2019-04-17 15:25:19', 'QUESTIONNAIRE_MIGRATION_2019'),
	(528, 18, 18, 849, 2, 87, -1, 3, 1, 0, 0, '', '2019-04-17 15:25:19', 'QUESTIONNAIRE_MIGRATION_2019', '2019-04-17 15:25:19', 'QUESTIONNAIRE_MIGRATION_2019'),
	(529, 18, 18, 850, 2, 87, -1, 3, 1, 0, 0, '', '2019-04-17 15:25:19', 'QUESTIONNAIRE_MIGRATION_2019', '2019-04-17 15:25:19', 'QUESTIONNAIRE_MIGRATION_2019'),
	(530, 18, 18, 851, 2, 87, -1, 3, 1, 0, 0, '', '2019-04-17 15:25:19', 'QUESTIONNAIRE_MIGRATION_2019', '2019-04-17 15:25:19', 'QUESTIONNAIRE_MIGRATION_2019'),
	(531, 18, 18, 852, 2, 87, -1, 3, 1, 0, 0, '', '2019-04-17 15:25:19', 'QUESTIONNAIRE_MIGRATION_2019', '2019-04-17 15:25:19', 'QUESTIONNAIRE_MIGRATION_2019'),
	(532, 19, 19, 853, 2, 88, -1, 3, 1, 0, 0, '', '2019-04-17 15:25:19', 'QUESTIONNAIRE_MIGRATION_2019', '2019-04-17 15:25:19', 'QUESTIONNAIRE_MIGRATION_2019'),
	(533, 19, 19, 854, 2, 88, -1, 3, 1, 0, 0, '', '2019-04-17 15:25:19', 'QUESTIONNAIRE_MIGRATION_2019', '2019-04-17 15:25:19', 'QUESTIONNAIRE_MIGRATION_2019'),
	(534, 19, 19, 855, 4, 88, -1, 3, 1, 0, 0, '', '2019-04-17 15:25:19', 'QUESTIONNAIRE_MIGRATION_2019', '2019-04-17 15:25:19', 'QUESTIONNAIRE_MIGRATION_2019'),
	(535, 19, 19, 856, 4, 88, -1, 3, 1, 0, 0, '', '2019-04-17 15:25:19', 'QUESTIONNAIRE_MIGRATION_2019', '2019-04-17 15:25:19', 'QUESTIONNAIRE_MIGRATION_2019'),
	(536, 19, 19, 857, 1, 88, -1, 3, 1, 0, 0, '', '2019-04-17 15:25:19', 'QUESTIONNAIRE_MIGRATION_2019', '2019-04-17 15:25:19', 'QUESTIONNAIRE_MIGRATION_2019'),
	(537, 18, 18, 842, 2, 89, -1, 3, 1, 0, 0, '', '2019-04-17 15:25:19', 'QUESTIONNAIRE_MIGRATION_2019', '2019-04-17 15:25:19', 'QUESTIONNAIRE_MIGRATION_2019'),
	(538, 18, 18, 843, 2, 89, -1, 3, 1, 0, 0, '', '2019-04-17 15:25:19', 'QUESTIONNAIRE_MIGRATION_2019', '2019-04-17 15:25:19', 'QUESTIONNAIRE_MIGRATION_2019'),
	(539, 18, 18, 844, 2, 89, -1, 3, 1, 0, 0, '', '2019-04-17 15:25:19', 'QUESTIONNAIRE_MIGRATION_2019', '2019-04-17 15:25:19', 'QUESTIONNAIRE_MIGRATION_2019'),
	(540, 18, 18, 845, 2, 89, -1, 3, 1, 0, 0, '', '2019-04-17 15:25:19', 'QUESTIONNAIRE_MIGRATION_2019', '2019-04-17 15:25:19', 'QUESTIONNAIRE_MIGRATION_2019'),
	(541, 18, 18, 846, 2, 89, -1, 3, 1, 0, 0, '', '2019-04-17 15:25:19', 'QUESTIONNAIRE_MIGRATION_2019', '2019-04-17 15:25:19', 'QUESTIONNAIRE_MIGRATION_2019'),
	(542, 18, 18, 847, 2, 89, -1, 3, 1, 0, 0, '', '2019-04-17 15:25:19', 'QUESTIONNAIRE_MIGRATION_2019', '2019-04-17 15:25:19', 'QUESTIONNAIRE_MIGRATION_2019'),
	(543, 18, 18, 848, 2, 89, -1, 3, 1, 0, 0, '', '2019-04-17 15:25:19', 'QUESTIONNAIRE_MIGRATION_2019', '2019-04-17 15:25:19', 'QUESTIONNAIRE_MIGRATION_2019'),
	(544, 18, 18, 849, 2, 89, -1, 3, 1, 0, 0, '', '2019-04-17 15:25:19', 'QUESTIONNAIRE_MIGRATION_2019', '2019-04-17 15:25:19', 'QUESTIONNAIRE_MIGRATION_2019'),
	(545, 18, 18, 850, 2, 89, -1, 3, 1, 0, 0, '', '2019-04-17 15:25:19', 'QUESTIONNAIRE_MIGRATION_2019', '2019-04-17 15:25:19', 'QUESTIONNAIRE_MIGRATION_2019'),
	(546, 18, 18, 851, 2, 89, -1, 3, 1, 0, 0, '', '2019-04-17 15:25:19', 'QUESTIONNAIRE_MIGRATION_2019', '2019-04-17 15:25:19', 'QUESTIONNAIRE_MIGRATION_2019'),
	(547, 18, 18, 852, 2, 89, -1, 3, 1, 0, 0, '', '2019-04-17 15:25:19', 'QUESTIONNAIRE_MIGRATION_2019', '2019-04-17 15:25:19', 'QUESTIONNAIRE_MIGRATION_2019'),
	(548, 19, 19, 853, 2, 90, -1, 3, 1, 0, 0, '', '2019-04-17 15:25:19', 'QUESTIONNAIRE_MIGRATION_2019', '2019-04-17 15:25:19', 'QUESTIONNAIRE_MIGRATION_2019'),
	(549, 19, 19, 854, 2, 90, -1, 3, 1, 0, 0, '', '2019-04-17 15:25:19', 'QUESTIONNAIRE_MIGRATION_2019', '2019-04-17 15:25:19', 'QUESTIONNAIRE_MIGRATION_2019'),
	(550, 19, 19, 855, 4, 90, -1, 3, 1, 0, 0, '', '2019-04-17 15:25:19', 'QUESTIONNAIRE_MIGRATION_2019', '2019-04-17 15:25:19', 'QUESTIONNAIRE_MIGRATION_2019'),
	(551, 19, 19, 856, 4, 90, -1, 3, 1, 0, 0, '', '2019-04-17 15:25:19', 'QUESTIONNAIRE_MIGRATION_2019', '2019-04-17 15:25:19', 'QUESTIONNAIRE_MIGRATION_2019'),
	(552, 19, 19, 857, 1, 90, -1, 3, 1, 0, 0, '', '2019-04-17 15:25:19', 'QUESTIONNAIRE_MIGRATION_2019', '2019-04-17 15:25:19', 'QUESTIONNAIRE_MIGRATION_2019'),
	(553, 19, 19, 859, 3, 90, -1, 3, 1, 0, 0, '', '2019-04-17 15:25:19', 'QUESTIONNAIRE_MIGRATION_2019', '2019-04-17 15:25:19', 'QUESTIONNAIRE_MIGRATION_2019'),
	(554, 19, 19, 853, 2, 91, -1, 3, 1, 0, 0, '', '2019-04-17 15:25:19', 'QUESTIONNAIRE_MIGRATION_2019', '2019-04-17 15:25:19', 'QUESTIONNAIRE_MIGRATION_2019'),
	(555, 19, 19, 854, 2, 91, -1, 3, 1, 0, 0, '', '2019-04-17 15:25:19', 'QUESTIONNAIRE_MIGRATION_2019', '2019-04-17 15:25:19', 'QUESTIONNAIRE_MIGRATION_2019'),
	(556, 19, 19, 855, 4, 91, -1, 3, 1, 0, 0, '', '2019-04-17 15:25:19', 'QUESTIONNAIRE_MIGRATION_2019', '2019-04-17 15:25:19', 'QUESTIONNAIRE_MIGRATION_2019'),
	(557, 19, 19, 856, 4, 91, -1, 3, 1, 0, 0, '', '2019-04-17 15:25:19', 'QUESTIONNAIRE_MIGRATION_2019', '2019-04-17 15:25:19', 'QUESTIONNAIRE_MIGRATION_2019'),
	(558, 19, 19, 857, 1, 91, -1, 3, 1, 0, 0, '', '2019-04-17 15:25:19', 'QUESTIONNAIRE_MIGRATION_2019', '2019-04-17 15:25:19', 'QUESTIONNAIRE_MIGRATION_2019'),
	(559, 19, 19, 853, 2, 92, -1, 3, 1, 0, 0, '', '2019-04-17 15:25:19', 'QUESTIONNAIRE_MIGRATION_2019', '2019-04-17 15:25:19', 'QUESTIONNAIRE_MIGRATION_2019'),
	(560, 19, 19, 854, 2, 92, -1, 3, 1, 0, 0, '', '2019-04-17 15:25:19', 'QUESTIONNAIRE_MIGRATION_2019', '2019-04-17 15:25:19', 'QUESTIONNAIRE_MIGRATION_2019'),
	(561, 19, 19, 855, 4, 92, -1, 3, 1, 0, 0, '', '2019-04-17 15:25:19', 'QUESTIONNAIRE_MIGRATION_2019', '2019-04-17 15:25:19', 'QUESTIONNAIRE_MIGRATION_2019'),
	(562, 19, 19, 856, 4, 92, -1, 3, 1, 0, 0, '', '2019-04-17 15:25:19', 'QUESTIONNAIRE_MIGRATION_2019', '2019-04-17 15:25:19', 'QUESTIONNAIRE_MIGRATION_2019'),
	(563, 19, 19, 857, 1, 92, -1, 3, 1, 0, 0, '', '2019-04-17 15:25:19', 'QUESTIONNAIRE_MIGRATION_2019', '2019-04-17 15:25:19', 'QUESTIONNAIRE_MIGRATION_2019'),
	(564, 18, 18, 842, 2, 93, -1, 3, 1, 0, 0, '', '2019-04-17 15:25:19', 'QUESTIONNAIRE_MIGRATION_2019', '2019-04-17 15:25:19', 'QUESTIONNAIRE_MIGRATION_2019'),
	(565, 18, 18, 843, 2, 93, -1, 3, 1, 0, 0, '', '2019-04-17 15:25:19', 'QUESTIONNAIRE_MIGRATION_2019', '2019-04-17 15:25:19', 'QUESTIONNAIRE_MIGRATION_2019'),
	(566, 18, 18, 844, 2, 93, -1, 3, 1, 0, 0, '', '2019-04-17 15:25:19', 'QUESTIONNAIRE_MIGRATION_2019', '2019-04-17 15:25:19', 'QUESTIONNAIRE_MIGRATION_2019'),
	(567, 18, 18, 845, 2, 93, -1, 3, 1, 0, 0, '', '2019-04-17 15:25:19', 'QUESTIONNAIRE_MIGRATION_2019', '2019-04-17 15:25:19', 'QUESTIONNAIRE_MIGRATION_2019'),
	(568, 18, 18, 846, 2, 93, -1, 3, 1, 0, 0, '', '2019-04-17 15:25:19', 'QUESTIONNAIRE_MIGRATION_2019', '2019-04-17 15:25:19', 'QUESTIONNAIRE_MIGRATION_2019'),
	(569, 18, 18, 847, 2, 93, -1, 3, 1, 0, 0, '', '2019-04-17 15:25:19', 'QUESTIONNAIRE_MIGRATION_2019', '2019-04-17 15:25:19', 'QUESTIONNAIRE_MIGRATION_2019'),
	(570, 18, 18, 848, 2, 93, -1, 3, 1, 0, 0, '', '2019-04-17 15:25:19', 'QUESTIONNAIRE_MIGRATION_2019', '2019-04-17 15:25:19', 'QUESTIONNAIRE_MIGRATION_2019'),
	(571, 18, 18, 849, 2, 93, -1, 3, 1, 0, 0, '', '2019-04-17 15:25:19', 'QUESTIONNAIRE_MIGRATION_2019', '2019-04-17 15:25:19', 'QUESTIONNAIRE_MIGRATION_2019'),
	(572, 18, 18, 850, 2, 93, -1, 3, 1, 0, 0, '', '2019-04-17 15:25:19', 'QUESTIONNAIRE_MIGRATION_2019', '2019-04-17 15:25:19', 'QUESTIONNAIRE_MIGRATION_2019'),
	(573, 18, 18, 851, 2, 93, -1, 3, 1, 0, 0, '', '2019-04-17 15:25:19', 'QUESTIONNAIRE_MIGRATION_2019', '2019-04-17 15:25:19', 'QUESTIONNAIRE_MIGRATION_2019'),
	(574, 18, 18, 852, 2, 93, -1, 3, 1, 0, 0, '', '2019-04-17 15:25:19', 'QUESTIONNAIRE_MIGRATION_2019', '2019-04-17 15:25:19', 'QUESTIONNAIRE_MIGRATION_2019'),
	(575, 19, 19, 853, 2, 94, -1, 3, 1, 0, 0, '', '2019-04-17 15:25:19', 'QUESTIONNAIRE_MIGRATION_2019', '2019-04-17 15:25:19', 'QUESTIONNAIRE_MIGRATION_2019'),
	(576, 19, 19, 854, 2, 94, -1, 3, 1, 0, 0, '', '2019-04-17 15:25:19', 'QUESTIONNAIRE_MIGRATION_2019', '2019-04-17 15:25:19', 'QUESTIONNAIRE_MIGRATION_2019'),
	(577, 19, 19, 855, 4, 94, -1, 3, 1, 0, 0, '', '2019-04-17 15:25:19', 'QUESTIONNAIRE_MIGRATION_2019', '2019-04-17 15:25:19', 'QUESTIONNAIRE_MIGRATION_2019'),
	(578, 19, 19, 856, 4, 94, -1, 3, 1, 0, 0, '', '2019-04-17 15:25:19', 'QUESTIONNAIRE_MIGRATION_2019', '2019-04-17 15:25:19', 'QUESTIONNAIRE_MIGRATION_2019'),
	(579, 19, 19, 857, 1, 94, -1, 3, 1, 0, 0, '', '2019-04-17 15:25:19', 'QUESTIONNAIRE_MIGRATION_2019', '2019-04-17 15:25:19', 'QUESTIONNAIRE_MIGRATION_2019'),
	(580, 19, 19, 859, 3, 94, -1, 3, 1, 0, 0, '', '2019-04-17 15:25:19', 'QUESTIONNAIRE_MIGRATION_2019', '2019-04-17 15:25:19', 'QUESTIONNAIRE_MIGRATION_2019'),
	(581, 18, 18, 842, 2, 95, -1, 3, 1, 0, 0, '', '2019-04-17 15:25:19', 'QUESTIONNAIRE_MIGRATION_2019', '2019-04-17 15:25:19', 'QUESTIONNAIRE_MIGRATION_2019'),
	(582, 18, 18, 843, 2, 95, -1, 3, 1, 0, 0, '', '2019-04-17 15:25:19', 'QUESTIONNAIRE_MIGRATION_2019', '2019-04-17 15:25:19', 'QUESTIONNAIRE_MIGRATION_2019'),
	(583, 18, 18, 844, 2, 95, -1, 3, 1, 0, 0, '', '2019-04-17 15:25:19', 'QUESTIONNAIRE_MIGRATION_2019', '2019-04-17 15:25:19', 'QUESTIONNAIRE_MIGRATION_2019'),
	(584, 18, 18, 845, 2, 95, -1, 3, 1, 0, 0, '', '2019-04-17 15:25:19', 'QUESTIONNAIRE_MIGRATION_2019', '2019-04-17 15:25:19', 'QUESTIONNAIRE_MIGRATION_2019'),
	(585, 18, 18, 846, 2, 95, -1, 3, 1, 0, 0, '', '2019-04-17 15:25:19', 'QUESTIONNAIRE_MIGRATION_2019', '2019-04-17 15:25:19', 'QUESTIONNAIRE_MIGRATION_2019'),
	(586, 18, 18, 847, 2, 95, -1, 3, 1, 0, 0, '', '2019-04-17 15:25:19', 'QUESTIONNAIRE_MIGRATION_2019', '2019-04-17 15:25:19', 'QUESTIONNAIRE_MIGRATION_2019'),
	(587, 18, 18, 848, 2, 95, -1, 3, 1, 0, 0, '', '2019-04-17 15:25:19', 'QUESTIONNAIRE_MIGRATION_2019', '2019-04-17 15:25:19', 'QUESTIONNAIRE_MIGRATION_2019'),
	(588, 18, 18, 849, 2, 95, -1, 3, 1, 0, 0, '', '2019-04-17 15:25:19', 'QUESTIONNAIRE_MIGRATION_2019', '2019-04-17 15:25:19', 'QUESTIONNAIRE_MIGRATION_2019'),
	(589, 18, 18, 850, 2, 95, -1, 3, 1, 0, 0, '', '2019-04-17 15:25:19', 'QUESTIONNAIRE_MIGRATION_2019', '2019-04-17 15:25:19', 'QUESTIONNAIRE_MIGRATION_2019'),
	(590, 18, 18, 851, 2, 95, -1, 3, 1, 0, 0, '', '2019-04-17 15:25:19', 'QUESTIONNAIRE_MIGRATION_2019', '2019-04-17 15:25:19', 'QUESTIONNAIRE_MIGRATION_2019'),
	(591, 18, 18, 852, 2, 95, -1, 3, 1, 0, 0, '', '2019-04-17 15:25:19', 'QUESTIONNAIRE_MIGRATION_2019', '2019-04-17 15:25:19', 'QUESTIONNAIRE_MIGRATION_2019'),
	(592, 19, 19, 853, 2, 96, -1, 3, 1, 0, 0, '', '2019-04-17 15:25:19', 'QUESTIONNAIRE_MIGRATION_2019', '2019-04-17 15:25:19', 'QUESTIONNAIRE_MIGRATION_2019'),
	(593, 19, 19, 854, 2, 96, -1, 3, 1, 0, 0, '', '2019-04-17 15:25:19', 'QUESTIONNAIRE_MIGRATION_2019', '2019-04-17 15:25:19', 'QUESTIONNAIRE_MIGRATION_2019'),
	(594, 19, 19, 855, 4, 96, -1, 3, 1, 0, 0, '', '2019-04-17 15:25:19', 'QUESTIONNAIRE_MIGRATION_2019', '2019-04-17 15:25:19', 'QUESTIONNAIRE_MIGRATION_2019'),
	(595, 19, 19, 856, 4, 96, -1, 3, 1, 0, 0, '', '2019-04-17 15:25:19', 'QUESTIONNAIRE_MIGRATION_2019', '2019-04-17 15:25:19', 'QUESTIONNAIRE_MIGRATION_2019'),
	(596, 19, 19, 857, 1, 96, -1, 3, 1, 0, 0, '', '2019-04-17 15:25:19', 'QUESTIONNAIRE_MIGRATION_2019', '2019-04-17 15:25:19', 'QUESTIONNAIRE_MIGRATION_2019'),
	(597, 19, 19, 858, 4, 96, -1, 3, 1, 0, 0, '', '2019-04-17 15:25:19', 'QUESTIONNAIRE_MIGRATION_2019', '2019-04-17 15:25:19', 'QUESTIONNAIRE_MIGRATION_2019'),
	(598, 19, 19, 859, 3, 96, -1, 3, 1, 0, 0, '', '2019-04-17 15:25:19', 'QUESTIONNAIRE_MIGRATION_2019', '2019-04-17 15:25:19', 'QUESTIONNAIRE_MIGRATION_2019'),
	(599, 19, 19, 853, 2, 97, -1, 3, 1, 0, 0, '', '2019-04-17 15:25:19', 'QUESTIONNAIRE_MIGRATION_2019', '2019-04-17 15:25:19', 'QUESTIONNAIRE_MIGRATION_2019'),
	(600, 19, 19, 854, 2, 97, -1, 3, 1, 0, 0, '', '2019-04-17 15:25:19', 'QUESTIONNAIRE_MIGRATION_2019', '2019-04-17 15:25:19', 'QUESTIONNAIRE_MIGRATION_2019'),
	(601, 19, 19, 855, 4, 97, -1, 3, 1, 0, 0, '', '2019-04-17 15:25:19', 'QUESTIONNAIRE_MIGRATION_2019', '2019-04-17 15:25:19', 'QUESTIONNAIRE_MIGRATION_2019'),
	(602, 19, 19, 856, 4, 97, -1, 3, 1, 0, 0, '', '2019-04-17 15:25:19', 'QUESTIONNAIRE_MIGRATION_2019', '2019-04-17 15:25:19', 'QUESTIONNAIRE_MIGRATION_2019'),
	(603, 19, 19, 857, 1, 97, -1, 3, 1, 0, 0, '', '2019-04-17 15:25:19', 'QUESTIONNAIRE_MIGRATION_2019', '2019-04-17 15:25:19', 'QUESTIONNAIRE_MIGRATION_2019'),
	(604, 19, 19, 858, 4, 97, -1, 3, 1, 0, 0, '', '2019-04-17 15:25:19', 'QUESTIONNAIRE_MIGRATION_2019', '2019-04-17 15:25:19', 'QUESTIONNAIRE_MIGRATION_2019'),
	(605, 19, 19, 859, 3, 97, -1, 3, 1, 0, 0, '', '2019-04-17 15:25:19', 'QUESTIONNAIRE_MIGRATION_2019', '2019-04-17 15:25:19', 'QUESTIONNAIRE_MIGRATION_2019'),
	(606, 19, 19, 853, 2, 98, -1, 3, 1, 0, 0, '', '2019-04-17 15:25:19', 'QUESTIONNAIRE_MIGRATION_2019', '2019-04-17 15:25:19', 'QUESTIONNAIRE_MIGRATION_2019'),
	(607, 19, 19, 854, 2, 98, -1, 3, 1, 0, 0, '', '2019-04-17 15:25:19', 'QUESTIONNAIRE_MIGRATION_2019', '2019-04-17 15:25:19', 'QUESTIONNAIRE_MIGRATION_2019'),
	(608, 19, 19, 855, 4, 98, -1, 3, 1, 0, 0, '', '2019-04-17 15:25:19', 'QUESTIONNAIRE_MIGRATION_2019', '2019-04-17 15:25:19', 'QUESTIONNAIRE_MIGRATION_2019'),
	(609, 19, 19, 856, 4, 98, -1, 3, 1, 0, 0, '', '2019-04-17 15:25:19', 'QUESTIONNAIRE_MIGRATION_2019', '2019-04-17 15:25:19', 'QUESTIONNAIRE_MIGRATION_2019'),
	(610, 19, 19, 857, 1, 98, -1, 3, 1, 0, 0, '', '2019-04-17 15:25:19', 'QUESTIONNAIRE_MIGRATION_2019', '2019-04-17 15:25:19', 'QUESTIONNAIRE_MIGRATION_2019'),
	(611, 19, 19, 858, 4, 98, -1, 3, 1, 0, 0, '', '2019-04-17 15:25:19', 'QUESTIONNAIRE_MIGRATION_2019', '2019-04-17 15:25:19', 'QUESTIONNAIRE_MIGRATION_2019'),
	(612, 19, 19, 859, 3, 98, -1, 3, 1, 0, 0, '', '2019-04-17 15:25:19', 'QUESTIONNAIRE_MIGRATION_2019', '2019-04-17 15:25:19', 'QUESTIONNAIRE_MIGRATION_2019'),
	(613, 19, 19, 853, 2, 99, -1, 3, 1, 0, 0, '', '2019-04-17 15:25:19', 'QUESTIONNAIRE_MIGRATION_2019', '2019-04-17 15:25:19', 'QUESTIONNAIRE_MIGRATION_2019'),
	(614, 19, 19, 854, 2, 99, -1, 3, 1, 0, 0, '', '2019-04-17 15:25:19', 'QUESTIONNAIRE_MIGRATION_2019', '2019-04-17 15:25:19', 'QUESTIONNAIRE_MIGRATION_2019'),
	(615, 19, 19, 855, 4, 99, -1, 3, 1, 0, 0, '', '2019-04-17 15:25:19', 'QUESTIONNAIRE_MIGRATION_2019', '2019-04-17 15:25:19', 'QUESTIONNAIRE_MIGRATION_2019'),
	(616, 19, 19, 856, 4, 99, -1, 3, 1, 0, 0, '', '2019-04-17 15:25:19', 'QUESTIONNAIRE_MIGRATION_2019', '2019-04-17 15:25:19', 'QUESTIONNAIRE_MIGRATION_2019'),
	(617, 19, 19, 857, 1, 99, -1, 3, 1, 0, 0, '', '2019-04-17 15:25:19', 'QUESTIONNAIRE_MIGRATION_2019', '2019-04-17 15:25:19', 'QUESTIONNAIRE_MIGRATION_2019'),
	(618, 19, 19, 858, 4, 99, -1, 3, 1, 0, 0, '', '2019-04-17 15:25:19', 'QUESTIONNAIRE_MIGRATION_2019', '2019-04-17 15:25:19', 'QUESTIONNAIRE_MIGRATION_2019'),
	(619, 19, 19, 859, 3, 99, -1, 3, 1, 0, 0, '', '2019-04-17 15:25:19', 'QUESTIONNAIRE_MIGRATION_2019', '2019-04-17 15:25:19', 'QUESTIONNAIRE_MIGRATION_2019'),
	(620, 19, 19, 853, 2, 100, -1, 3, 1, 0, 0, '', '2019-04-17 15:25:19', 'QUESTIONNAIRE_MIGRATION_2019', '2019-04-17 15:25:19', 'QUESTIONNAIRE_MIGRATION_2019'),
	(621, 19, 19, 854, 2, 100, -1, 3, 1, 0, 0, '', '2019-04-17 15:25:19', 'QUESTIONNAIRE_MIGRATION_2019', '2019-04-17 15:25:19', 'QUESTIONNAIRE_MIGRATION_2019'),
	(622, 19, 19, 855, 4, 100, -1, 3, 1, 0, 0, '', '2019-04-17 15:25:19', 'QUESTIONNAIRE_MIGRATION_2019', '2019-04-17 15:25:19', 'QUESTIONNAIRE_MIGRATION_2019'),
	(623, 19, 19, 856, 4, 100, -1, 3, 1, 0, 0, '', '2019-04-17 15:25:19', 'QUESTIONNAIRE_MIGRATION_2019', '2019-04-17 15:25:19', 'QUESTIONNAIRE_MIGRATION_2019'),
	(624, 19, 19, 857, 1, 100, -1, 3, 1, 0, 0, '', '2019-04-17 15:25:19', 'QUESTIONNAIRE_MIGRATION_2019', '2019-04-17 15:25:19', 'QUESTIONNAIRE_MIGRATION_2019'),
	(625, 19, 19, 858, 4, 100, -1, 3, 1, 0, 0, '', '2019-04-17 15:25:19', 'QUESTIONNAIRE_MIGRATION_2019', '2019-04-17 15:25:19', 'QUESTIONNAIRE_MIGRATION_2019'),
	(626, 19, 19, 859, 3, 100, -1, 3, 1, 0, 0, '', '2019-04-17 15:25:19', 'QUESTIONNAIRE_MIGRATION_2019', '2019-04-17 15:25:19', 'QUESTIONNAIRE_MIGRATION_2019'),
	(627, 19, 19, 853, 2, 101, -1, 3, 1, 0, 0, '', '2019-04-17 15:25:19', 'QUESTIONNAIRE_MIGRATION_2019', '2019-04-17 15:25:19', 'QUESTIONNAIRE_MIGRATION_2019'),
	(628, 19, 19, 854, 2, 101, -1, 3, 1, 0, 0, '', '2019-04-17 15:25:19', 'QUESTIONNAIRE_MIGRATION_2019', '2019-04-17 15:25:19', 'QUESTIONNAIRE_MIGRATION_2019'),
	(629, 19, 19, 855, 4, 101, -1, 3, 1, 0, 0, '', '2019-04-17 15:25:19', 'QUESTIONNAIRE_MIGRATION_2019', '2019-04-17 15:25:19', 'QUESTIONNAIRE_MIGRATION_2019'),
	(630, 19, 19, 856, 4, 101, -1, 3, 1, 0, 0, '', '2019-04-17 15:25:19', 'QUESTIONNAIRE_MIGRATION_2019', '2019-04-17 15:25:19', 'QUESTIONNAIRE_MIGRATION_2019'),
	(631, 19, 19, 857, 1, 101, -1, 3, 1, 0, 0, '', '2019-04-17 15:25:19', 'QUESTIONNAIRE_MIGRATION_2019', '2019-04-17 15:25:19', 'QUESTIONNAIRE_MIGRATION_2019'),
	(632, 19, 19, 858, 4, 101, -1, 3, 1, 0, 0, '', '2019-04-17 15:25:19', 'QUESTIONNAIRE_MIGRATION_2019', '2019-04-17 15:25:19', 'QUESTIONNAIRE_MIGRATION_2019'),
	(633, 19, 19, 853, 2, 102, -1, 3, 1, 0, 0, '', '2019-04-17 15:25:19', 'QUESTIONNAIRE_MIGRATION_2019', '2019-04-17 15:25:19', 'QUESTIONNAIRE_MIGRATION_2019'),
	(634, 19, 19, 854, 2, 102, -1, 3, 1, 0, 0, '', '2019-04-17 15:25:19', 'QUESTIONNAIRE_MIGRATION_2019', '2019-04-17 15:25:19', 'QUESTIONNAIRE_MIGRATION_2019'),
	(635, 19, 19, 855, 4, 102, -1, 3, 1, 0, 0, '', '2019-04-17 15:25:19', 'QUESTIONNAIRE_MIGRATION_2019', '2019-04-17 15:25:19', 'QUESTIONNAIRE_MIGRATION_2019'),
	(636, 19, 19, 856, 4, 102, -1, 3, 1, 0, 0, '', '2019-04-17 15:25:19', 'QUESTIONNAIRE_MIGRATION_2019', '2019-04-17 15:25:19', 'QUESTIONNAIRE_MIGRATION_2019'),
	(637, 19, 19, 857, 1, 102, -1, 3, 1, 0, 0, '', '2019-04-17 15:25:19', 'QUESTIONNAIRE_MIGRATION_2019', '2019-04-17 15:25:19', 'QUESTIONNAIRE_MIGRATION_2019'),
	(638, 19, 19, 858, 4, 102, -1, 3, 1, 0, 0, '', '2019-04-17 15:25:19', 'QUESTIONNAIRE_MIGRATION_2019', '2019-04-17 15:25:19', 'QUESTIONNAIRE_MIGRATION_2019'),
	(639, 19, 19, 853, 2, 103, -1, 3, 1, 0, 0, '', '2019-04-17 15:25:19', 'QUESTIONNAIRE_MIGRATION_2019', '2019-04-17 15:25:19', 'QUESTIONNAIRE_MIGRATION_2019'),
	(640, 19, 19, 854, 2, 103, -1, 3, 1, 0, 0, '', '2019-04-17 15:25:19', 'QUESTIONNAIRE_MIGRATION_2019', '2019-04-17 15:25:19', 'QUESTIONNAIRE_MIGRATION_2019'),
	(641, 19, 19, 855, 4, 103, -1, 3, 1, 0, 0, '', '2019-04-17 15:25:19', 'QUESTIONNAIRE_MIGRATION_2019', '2019-04-17 15:25:19', 'QUESTIONNAIRE_MIGRATION_2019'),
	(642, 19, 19, 856, 4, 103, -1, 3, 1, 0, 0, '', '2019-04-17 15:25:19', 'QUESTIONNAIRE_MIGRATION_2019', '2019-04-17 15:25:19', 'QUESTIONNAIRE_MIGRATION_2019'),
	(643, 19, 19, 857, 1, 103, -1, 3, 1, 0, 0, '', '2019-04-17 15:25:19', 'QUESTIONNAIRE_MIGRATION_2019', '2019-04-17 15:25:19', 'QUESTIONNAIRE_MIGRATION_2019'),
	(644, 19, 19, 858, 4, 103, -1, 3, 1, 0, 0, '', '2019-04-17 15:25:19', 'QUESTIONNAIRE_MIGRATION_2019', '2019-04-17 15:25:19', 'QUESTIONNAIRE_MIGRATION_2019'),
	(645, 18, 18, 842, 2, 104, -1, 3, 1, 0, 0, '', '2019-04-17 15:25:19', 'QUESTIONNAIRE_MIGRATION_2019', '2019-04-17 15:25:19', 'QUESTIONNAIRE_MIGRATION_2019'),
	(646, 18, 18, 843, 2, 104, -1, 3, 1, 0, 0, '', '2019-04-17 15:25:19', 'QUESTIONNAIRE_MIGRATION_2019', '2019-04-17 15:25:19', 'QUESTIONNAIRE_MIGRATION_2019'),
	(647, 18, 18, 844, 2, 104, -1, 3, 1, 0, 0, '', '2019-04-17 15:25:19', 'QUESTIONNAIRE_MIGRATION_2019', '2019-04-17 15:25:19', 'QUESTIONNAIRE_MIGRATION_2019'),
	(648, 18, 18, 845, 2, 104, -1, 3, 1, 0, 0, '', '2019-04-17 15:25:19', 'QUESTIONNAIRE_MIGRATION_2019', '2019-04-17 15:25:19', 'QUESTIONNAIRE_MIGRATION_2019'),
	(649, 18, 18, 846, 2, 104, -1, 3, 1, 0, 0, '', '2019-04-17 15:25:19', 'QUESTIONNAIRE_MIGRATION_2019', '2019-04-17 15:25:19', 'QUESTIONNAIRE_MIGRATION_2019'),
	(650, 18, 18, 847, 2, 104, -1, 3, 1, 0, 0, '', '2019-04-17 15:25:19', 'QUESTIONNAIRE_MIGRATION_2019', '2019-04-17 15:25:19', 'QUESTIONNAIRE_MIGRATION_2019'),
	(651, 18, 18, 848, 2, 104, -1, 3, 1, 0, 0, '', '2019-04-17 15:25:19', 'QUESTIONNAIRE_MIGRATION_2019', '2019-04-17 15:25:19', 'QUESTIONNAIRE_MIGRATION_2019'),
	(652, 18, 18, 849, 2, 104, -1, 3, 1, 0, 0, '', '2019-04-17 15:25:19', 'QUESTIONNAIRE_MIGRATION_2019', '2019-04-17 15:25:19', 'QUESTIONNAIRE_MIGRATION_2019'),
	(653, 18, 18, 850, 2, 104, -1, 3, 1, 0, 0, '', '2019-04-17 15:25:19', 'QUESTIONNAIRE_MIGRATION_2019', '2019-04-17 15:25:19', 'QUESTIONNAIRE_MIGRATION_2019'),
	(654, 18, 18, 851, 2, 104, -1, 3, 1, 0, 0, '', '2019-04-17 15:25:19', 'QUESTIONNAIRE_MIGRATION_2019', '2019-04-17 15:25:19', 'QUESTIONNAIRE_MIGRATION_2019'),
	(655, 18, 18, 852, 2, 104, -1, 3, 1, 0, 0, '', '2019-04-17 15:25:19', 'QUESTIONNAIRE_MIGRATION_2019', '2019-04-17 15:25:19', 'QUESTIONNAIRE_MIGRATION_2019'),
	(656, 19, 19, 853, 2, 105, -1, 3, 1, 0, 0, '', '2019-04-17 15:25:19', 'QUESTIONNAIRE_MIGRATION_2019', '2019-04-17 15:25:19', 'QUESTIONNAIRE_MIGRATION_2019'),
	(657, 19, 19, 854, 2, 105, -1, 3, 1, 0, 0, '', '2019-04-17 15:25:19', 'QUESTIONNAIRE_MIGRATION_2019', '2019-04-17 15:25:19', 'QUESTIONNAIRE_MIGRATION_2019'),
	(658, 19, 19, 855, 4, 105, -1, 3, 1, 0, 0, '', '2019-04-17 15:25:19', 'QUESTIONNAIRE_MIGRATION_2019', '2019-04-17 15:25:19', 'QUESTIONNAIRE_MIGRATION_2019'),
	(659, 19, 19, 856, 4, 105, -1, 3, 1, 0, 0, '', '2019-04-17 15:25:19', 'QUESTIONNAIRE_MIGRATION_2019', '2019-04-17 15:25:19', 'QUESTIONNAIRE_MIGRATION_2019'),
	(660, 19, 19, 857, 1, 105, -1, 3, 1, 0, 0, '', '2019-04-17 15:25:19', 'QUESTIONNAIRE_MIGRATION_2019', '2019-04-17 15:25:19', 'QUESTIONNAIRE_MIGRATION_2019'),
	(661, 19, 19, 858, 4, 105, -1, 3, 1, 0, 0, '', '2019-04-17 15:25:19', 'QUESTIONNAIRE_MIGRATION_2019', '2019-04-17 15:25:19', 'QUESTIONNAIRE_MIGRATION_2019'),
	(662, 19, 19, 859, 3, 105, -1, 3, 1, 0, 0, '', '2019-04-17 15:25:19', 'QUESTIONNAIRE_MIGRATION_2019', '2019-04-17 15:25:19', 'QUESTIONNAIRE_MIGRATION_2019'),
	(663, 20, 20, 860, 4, 106, -1, 3, 1, 0, 0, '', '2019-04-17 15:25:19', 'QUESTIONNAIRE_MIGRATION_2019', '2019-04-17 15:25:19', 'QUESTIONNAIRE_MIGRATION_2019'),
	(664, 20, 20, 861, 4, 106, -1, 3, 1, 0, 0, '', '2019-04-17 15:25:19', 'QUESTIONNAIRE_MIGRATION_2019', '2019-04-17 15:25:19', 'QUESTIONNAIRE_MIGRATION_2019'),
	(665, 20, 20, 862, 4, 106, -1, 3, 1, 0, 0, '', '2019-04-17 15:25:19', 'QUESTIONNAIRE_MIGRATION_2019', '2019-04-17 15:25:19', 'QUESTIONNAIRE_MIGRATION_2019'),
	(666, 19, 19, 853, 2, 107, -1, 3, 1, 0, 0, '', '2019-04-17 15:25:19', 'QUESTIONNAIRE_MIGRATION_2019', '2019-04-17 15:25:19', 'QUESTIONNAIRE_MIGRATION_2019'),
	(667, 19, 19, 854, 2, 107, -1, 3, 1, 0, 0, '', '2019-04-17 15:25:19', 'QUESTIONNAIRE_MIGRATION_2019', '2019-04-17 15:25:19', 'QUESTIONNAIRE_MIGRATION_2019'),
	(668, 19, 19, 855, 4, 107, -1, 3, 1, 0, 0, '', '2019-04-17 15:25:19', 'QUESTIONNAIRE_MIGRATION_2019', '2019-04-17 15:25:19', 'QUESTIONNAIRE_MIGRATION_2019'),
	(669, 19, 19, 856, 4, 107, -1, 3, 1, 0, 0, '', '2019-04-17 15:25:19', 'QUESTIONNAIRE_MIGRATION_2019', '2019-04-17 15:25:19', 'QUESTIONNAIRE_MIGRATION_2019'),
	(670, 19, 19, 857, 1, 107, -1, 3, 1, 0, 0, '', '2019-04-17 15:25:19', 'QUESTIONNAIRE_MIGRATION_2019', '2019-04-17 15:25:19', 'QUESTIONNAIRE_MIGRATION_2019'),
	(671, 19, 19, 858, 4, 107, -1, 3, 1, 0, 0, '', '2019-04-17 15:25:19', 'QUESTIONNAIRE_MIGRATION_2019', '2019-04-17 15:25:19', 'QUESTIONNAIRE_MIGRATION_2019'),
	(672, 12, 12, 793, 2, 108, -1, 3, 1, 0, 0, '', '2019-04-17 15:25:19', 'QUESTIONNAIRE_MIGRATION_2019', '2019-04-17 15:25:19', 'QUESTIONNAIRE_MIGRATION_2019'),
	(673, 12, 12, 794, 2, 108, -1, 3, 1, 0, 0, '', '2019-04-17 15:25:19', 'QUESTIONNAIRE_MIGRATION_2019', '2019-04-17 15:25:19', 'QUESTIONNAIRE_MIGRATION_2019'),
	(674, 12, 12, 795, 2, 108, -1, 3, 1, 0, 0, '', '2019-04-17 15:25:19', 'QUESTIONNAIRE_MIGRATION_2019', '2019-04-17 15:25:19', 'QUESTIONNAIRE_MIGRATION_2019'),
	(675, 12, 12, 791, 2, 108, -1, 3, 1, 0, 0, '', '2019-04-17 15:25:19', 'QUESTIONNAIRE_MIGRATION_2019', '2019-04-17 15:25:19', 'QUESTIONNAIRE_MIGRATION_2019'),
	(676, 12, 12, 796, 2, 108, -1, 3, 1, 0, 0, '', '2019-04-17 15:25:19', 'QUESTIONNAIRE_MIGRATION_2019', '2019-04-17 15:25:19', 'QUESTIONNAIRE_MIGRATION_2019'),
	(677, 12, 12, 792, 2, 108, -1, 3, 1, 0, 0, '', '2019-04-17 15:25:19', 'QUESTIONNAIRE_MIGRATION_2019', '2019-04-17 15:25:19', 'QUESTIONNAIRE_MIGRATION_2019'),
	(678, 12, 12, 799, 2, 108, -1, 3, 1, 0, 0, '', '2019-04-17 15:25:19', 'QUESTIONNAIRE_MIGRATION_2019', '2019-04-17 15:25:19', 'QUESTIONNAIRE_MIGRATION_2019'),
	(679, 12, 12, 797, 2, 108, -1, 3, 1, 0, 0, '', '2019-04-17 15:25:19', 'QUESTIONNAIRE_MIGRATION_2019', '2019-04-17 15:25:19', 'QUESTIONNAIRE_MIGRATION_2019'),
	(680, 12, 12, 798, 2, 108, -1, 3, 1, 0, 0, '', '2019-04-17 15:25:19', 'QUESTIONNAIRE_MIGRATION_2019', '2019-04-17 15:25:19', 'QUESTIONNAIRE_MIGRATION_2019'),
	(681, 21, 21, 863, 4, 109, -1, 3, 1, 0, 0, '', '2019-04-17 15:25:19', 'QUESTIONNAIRE_MIGRATION_2019', '2019-04-17 15:25:19', 'QUESTIONNAIRE_MIGRATION_2019'),
	(682, 21, 21, 864, 4, 109, -1, 3, 1, 0, 0, '', '2019-04-17 15:25:19', 'QUESTIONNAIRE_MIGRATION_2019', '2019-04-17 15:25:19', 'QUESTIONNAIRE_MIGRATION_2019'),
	(683, 21, 21, 865, 4, 109, -1, 3, 1, 0, 0, '', '2019-04-17 15:25:19', 'QUESTIONNAIRE_MIGRATION_2019', '2019-04-17 15:25:19', 'QUESTIONNAIRE_MIGRATION_2019'),
	(684, 21, 21, 866, 4, 109, -1, 3, 1, 0, 0, '', '2019-04-17 15:25:19', 'QUESTIONNAIRE_MIGRATION_2019', '2019-04-17 15:25:19', 'QUESTIONNAIRE_MIGRATION_2019'),
	(685, 21, 21, 867, 4, 109, -1, 3, 1, 0, 0, '', '2019-04-17 15:25:19', 'QUESTIONNAIRE_MIGRATION_2019', '2019-04-17 15:25:19', 'QUESTIONNAIRE_MIGRATION_2019'),
	(686, 19, 19, 853, 2, 110, -1, 3, 1, 0, 0, '', '2019-04-17 15:25:19', 'QUESTIONNAIRE_MIGRATION_2019', '2019-04-17 15:25:19', 'QUESTIONNAIRE_MIGRATION_2019'),
	(687, 19, 19, 854, 2, 110, -1, 3, 1, 0, 0, '', '2019-04-17 15:25:19', 'QUESTIONNAIRE_MIGRATION_2019', '2019-04-17 15:25:19', 'QUESTIONNAIRE_MIGRATION_2019'),
	(688, 19, 19, 855, 4, 110, -1, 3, 1, 0, 0, '', '2019-04-17 15:25:19', 'QUESTIONNAIRE_MIGRATION_2019', '2019-04-17 15:25:19', 'QUESTIONNAIRE_MIGRATION_2019'),
	(689, 19, 19, 856, 4, 110, -1, 3, 1, 0, 0, '', '2019-04-17 15:25:19', 'QUESTIONNAIRE_MIGRATION_2019', '2019-04-17 15:25:19', 'QUESTIONNAIRE_MIGRATION_2019'),
	(690, 19, 19, 857, 1, 110, -1, 3, 1, 0, 0, '', '2019-04-17 15:25:19', 'QUESTIONNAIRE_MIGRATION_2019', '2019-04-17 15:25:19', 'QUESTIONNAIRE_MIGRATION_2019'),
	(691, 19, 19, 858, 4, 110, -1, 3, 1, 0, 0, '', '2019-04-17 15:25:19', 'QUESTIONNAIRE_MIGRATION_2019', '2019-04-17 15:25:19', 'QUESTIONNAIRE_MIGRATION_2019'),
	(692, 18, 18, 842, 2, 111, -1, 3, 1, 0, 0, '', '2019-04-17 15:25:19', 'QUESTIONNAIRE_MIGRATION_2019', '2019-04-17 15:25:19', 'QUESTIONNAIRE_MIGRATION_2019'),
	(693, 18, 18, 843, 2, 111, -1, 3, 1, 0, 0, '', '2019-04-17 15:25:19', 'QUESTIONNAIRE_MIGRATION_2019', '2019-04-17 15:25:19', 'QUESTIONNAIRE_MIGRATION_2019'),
	(694, 18, 18, 844, 2, 111, -1, 3, 1, 0, 0, '', '2019-04-17 15:25:19', 'QUESTIONNAIRE_MIGRATION_2019', '2019-04-17 15:25:19', 'QUESTIONNAIRE_MIGRATION_2019'),
	(695, 18, 18, 845, 2, 111, -1, 3, 1, 0, 0, '', '2019-04-17 15:25:19', 'QUESTIONNAIRE_MIGRATION_2019', '2019-04-17 15:25:19', 'QUESTIONNAIRE_MIGRATION_2019'),
	(696, 18, 18, 846, 2, 111, -1, 3, 1, 0, 0, '', '2019-04-17 15:25:19', 'QUESTIONNAIRE_MIGRATION_2019', '2019-04-17 15:25:19', 'QUESTIONNAIRE_MIGRATION_2019'),
	(697, 18, 18, 847, 2, 111, -1, 3, 1, 0, 0, '', '2019-04-17 15:25:19', 'QUESTIONNAIRE_MIGRATION_2019', '2019-04-17 15:25:19', 'QUESTIONNAIRE_MIGRATION_2019'),
	(698, 18, 18, 848, 2, 111, -1, 3, 1, 0, 0, '', '2019-04-17 15:25:19', 'QUESTIONNAIRE_MIGRATION_2019', '2019-04-17 15:25:19', 'QUESTIONNAIRE_MIGRATION_2019'),
	(699, 18, 18, 849, 2, 111, -1, 3, 1, 0, 0, '', '2019-04-17 15:25:19', 'QUESTIONNAIRE_MIGRATION_2019', '2019-04-17 15:25:19', 'QUESTIONNAIRE_MIGRATION_2019'),
	(700, 18, 18, 850, 2, 111, -1, 3, 1, 0, 0, '', '2019-04-17 15:25:19', 'QUESTIONNAIRE_MIGRATION_2019', '2019-04-17 15:25:19', 'QUESTIONNAIRE_MIGRATION_2019'),
	(701, 18, 18, 851, 2, 111, -1, 3, 1, 0, 0, '', '2019-04-17 15:25:19', 'QUESTIONNAIRE_MIGRATION_2019', '2019-04-17 15:25:19', 'QUESTIONNAIRE_MIGRATION_2019'),
	(702, 18, 18, 852, 2, 111, -1, 3, 1, 0, 0, '', '2019-04-17 15:25:19', 'QUESTIONNAIRE_MIGRATION_2019', '2019-04-17 15:25:19', 'QUESTIONNAIRE_MIGRATION_2019'),
	(703, 19, 19, 853, 2, 112, -1, 3, 1, 0, 0, '', '2019-04-17 15:25:19', 'QUESTIONNAIRE_MIGRATION_2019', '2019-04-17 15:25:19', 'QUESTIONNAIRE_MIGRATION_2019'),
	(704, 19, 19, 854, 2, 112, -1, 3, 1, 0, 0, '', '2019-04-17 15:25:19', 'QUESTIONNAIRE_MIGRATION_2019', '2019-04-17 15:25:19', 'QUESTIONNAIRE_MIGRATION_2019'),
	(705, 19, 19, 855, 4, 112, -1, 3, 1, 0, 0, '', '2019-04-17 15:25:19', 'QUESTIONNAIRE_MIGRATION_2019', '2019-04-17 15:25:19', 'QUESTIONNAIRE_MIGRATION_2019'),
	(706, 19, 19, 856, 4, 112, -1, 3, 1, 0, 0, '', '2019-04-17 15:25:19', 'QUESTIONNAIRE_MIGRATION_2019', '2019-04-17 15:25:19', 'QUESTIONNAIRE_MIGRATION_2019'),
	(707, 19, 19, 857, 1, 112, -1, 3, 1, 0, 0, '', '2019-04-17 15:25:19', 'QUESTIONNAIRE_MIGRATION_2019', '2019-04-17 15:25:19', 'QUESTIONNAIRE_MIGRATION_2019'),
	(708, 19, 19, 858, 4, 112, -1, 3, 1, 0, 0, '', '2019-04-17 15:25:19', 'QUESTIONNAIRE_MIGRATION_2019', '2019-04-17 15:25:19', 'QUESTIONNAIRE_MIGRATION_2019'),
	(709, 19, 19, 853, 2, 113, -1, 3, 1, 0, 0, '', '2019-04-17 15:25:19', 'QUESTIONNAIRE_MIGRATION_2019', '2019-04-17 15:25:19', 'QUESTIONNAIRE_MIGRATION_2019'),
	(710, 19, 19, 854, 2, 113, -1, 3, 1, 0, 0, '', '2019-04-17 15:25:19', 'QUESTIONNAIRE_MIGRATION_2019', '2019-04-17 15:25:19', 'QUESTIONNAIRE_MIGRATION_2019'),
	(711, 19, 19, 855, 4, 113, -1, 3, 1, 0, 0, '', '2019-04-17 15:25:19', 'QUESTIONNAIRE_MIGRATION_2019', '2019-04-17 15:25:19', 'QUESTIONNAIRE_MIGRATION_2019'),
	(712, 19, 19, 856, 4, 113, -1, 3, 1, 0, 0, '', '2019-04-17 15:25:19', 'QUESTIONNAIRE_MIGRATION_2019', '2019-04-17 15:25:19', 'QUESTIONNAIRE_MIGRATION_2019'),
	(713, 19, 19, 857, 1, 113, -1, 3, 1, 0, 0, '', '2019-04-17 15:25:19', 'QUESTIONNAIRE_MIGRATION_2019', '2019-04-17 15:25:19', 'QUESTIONNAIRE_MIGRATION_2019'),
	(714, 19, 19, 858, 4, 113, -1, 3, 1, 0, 0, '', '2019-04-17 15:25:19', 'QUESTIONNAIRE_MIGRATION_2019', '2019-04-17 15:25:19', 'QUESTIONNAIRE_MIGRATION_2019'),
	(715, 19, 19, 853, 2, 114, -1, 3, 1, 0, 0, '', '2019-04-17 15:25:19', 'QUESTIONNAIRE_MIGRATION_2019', '2019-04-17 15:25:19', 'QUESTIONNAIRE_MIGRATION_2019'),
	(716, 19, 19, 854, 2, 114, -1, 3, 1, 0, 0, '', '2019-04-17 15:25:19', 'QUESTIONNAIRE_MIGRATION_2019', '2019-04-17 15:25:19', 'QUESTIONNAIRE_MIGRATION_2019'),
	(717, 19, 19, 855, 4, 114, -1, 3, 1, 0, 0, '', '2019-04-17 15:25:19', 'QUESTIONNAIRE_MIGRATION_2019', '2019-04-17 15:25:19', 'QUESTIONNAIRE_MIGRATION_2019'),
	(718, 19, 19, 856, 4, 114, -1, 3, 1, 0, 0, '', '2019-04-17 15:25:19', 'QUESTIONNAIRE_MIGRATION_2019', '2019-04-17 15:25:19', 'QUESTIONNAIRE_MIGRATION_2019'),
	(719, 19, 19, 857, 1, 114, -1, 3, 1, 0, 0, '', '2019-04-17 15:25:19', 'QUESTIONNAIRE_MIGRATION_2019', '2019-04-17 15:25:19', 'QUESTIONNAIRE_MIGRATION_2019'),
	(720, 19, 19, 858, 4, 114, -1, 3, 1, 0, 0, '', '2019-04-17 15:25:19', 'QUESTIONNAIRE_MIGRATION_2019', '2019-04-17 15:25:19', 'QUESTIONNAIRE_MIGRATION_2019'),
	(721, 19, 19, 853, 2, 115, -1, 3, 1, 0, 0, '', '2019-04-17 15:25:19', 'QUESTIONNAIRE_MIGRATION_2019', '2019-04-17 15:25:19', 'QUESTIONNAIRE_MIGRATION_2019'),
	(722, 19, 19, 854, 2, 115, -1, 3, 1, 0, 0, '', '2019-04-17 15:25:19', 'QUESTIONNAIRE_MIGRATION_2019', '2019-04-17 15:25:19', 'QUESTIONNAIRE_MIGRATION_2019'),
	(723, 19, 19, 855, 4, 115, -1, 3, 1, 0, 0, '', '2019-04-17 15:25:19', 'QUESTIONNAIRE_MIGRATION_2019', '2019-04-17 15:25:19', 'QUESTIONNAIRE_MIGRATION_2019'),
	(724, 19, 19, 856, 4, 115, -1, 3, 1, 0, 0, '', '2019-04-17 15:25:19', 'QUESTIONNAIRE_MIGRATION_2019', '2019-04-17 15:25:19', 'QUESTIONNAIRE_MIGRATION_2019'),
	(725, 19, 19, 857, 1, 115, -1, 3, 1, 0, 0, '', '2019-04-17 15:25:19', 'QUESTIONNAIRE_MIGRATION_2019', '2019-04-17 15:25:19', 'QUESTIONNAIRE_MIGRATION_2019'),
	(726, 19, 19, 858, 4, 115, -1, 3, 1, 0, 0, '', '2019-04-17 15:25:19', 'QUESTIONNAIRE_MIGRATION_2019', '2019-04-17 15:25:19', 'QUESTIONNAIRE_MIGRATION_2019'),
	(727, 19, 19, 859, 3, 115, -1, 3, 1, 0, 0, '', '2019-04-17 15:25:19', 'QUESTIONNAIRE_MIGRATION_2019', '2019-04-17 15:25:19', 'QUESTIONNAIRE_MIGRATION_2019'),
	(728, 19, 19, 853, 2, 116, -1, 3, 1, 0, 0, '', '2019-04-17 15:25:19', 'QUESTIONNAIRE_MIGRATION_2019', '2019-04-17 15:25:19', 'QUESTIONNAIRE_MIGRATION_2019'),
	(729, 19, 19, 854, 2, 116, -1, 3, 1, 0, 0, '', '2019-04-17 15:25:19', 'QUESTIONNAIRE_MIGRATION_2019', '2019-04-17 15:25:19', 'QUESTIONNAIRE_MIGRATION_2019'),
	(730, 19, 19, 855, 4, 116, -1, 3, 1, 0, 0, '', '2019-04-17 15:25:19', 'QUESTIONNAIRE_MIGRATION_2019', '2019-04-17 15:25:19', 'QUESTIONNAIRE_MIGRATION_2019'),
	(731, 19, 19, 856, 4, 116, -1, 3, 1, 0, 0, '', '2019-04-17 15:25:19', 'QUESTIONNAIRE_MIGRATION_2019', '2019-04-17 15:25:19', 'QUESTIONNAIRE_MIGRATION_2019'),
	(732, 19, 19, 857, 1, 116, -1, 3, 1, 0, 0, '', '2019-04-17 15:25:19', 'QUESTIONNAIRE_MIGRATION_2019', '2019-04-17 15:25:19', 'QUESTIONNAIRE_MIGRATION_2019'),
	(733, 19, 19, 858, 4, 116, -1, 3, 1, 0, 0, '', '2019-04-17 15:25:19', 'QUESTIONNAIRE_MIGRATION_2019', '2019-04-17 15:25:19', 'QUESTIONNAIRE_MIGRATION_2019'),
	(734, 19, 19, 859, 3, 116, -1, 3, 1, 0, 0, '', '2019-04-17 15:25:19', 'QUESTIONNAIRE_MIGRATION_2019', '2019-04-17 15:25:19', 'QUESTIONNAIRE_MIGRATION_2019'),
	(735, 19, 19, 853, 2, 117, -1, 3, 1, 0, 0, '', '2019-04-17 15:25:19', 'QUESTIONNAIRE_MIGRATION_2019', '2019-04-17 15:25:19', 'QUESTIONNAIRE_MIGRATION_2019'),
	(736, 19, 19, 854, 2, 117, -1, 3, 1, 0, 0, '', '2019-04-17 15:25:19', 'QUESTIONNAIRE_MIGRATION_2019', '2019-04-17 15:25:19', 'QUESTIONNAIRE_MIGRATION_2019'),
	(737, 19, 19, 855, 4, 117, -1, 3, 1, 0, 0, '', '2019-04-17 15:25:19', 'QUESTIONNAIRE_MIGRATION_2019', '2019-04-17 15:25:19', 'QUESTIONNAIRE_MIGRATION_2019'),
	(738, 19, 19, 856, 4, 117, -1, 3, 1, 0, 0, '', '2019-04-17 15:25:19', 'QUESTIONNAIRE_MIGRATION_2019', '2019-04-17 15:25:19', 'QUESTIONNAIRE_MIGRATION_2019'),
	(739, 19, 19, 857, 1, 117, -1, 3, 1, 0, 0, '', '2019-04-17 15:25:19', 'QUESTIONNAIRE_MIGRATION_2019', '2019-04-17 15:25:19', 'QUESTIONNAIRE_MIGRATION_2019'),
	(740, 19, 19, 858, 4, 117, -1, 3, 1, 0, 0, '', '2019-04-17 15:25:19', 'QUESTIONNAIRE_MIGRATION_2019', '2019-04-17 15:25:19', 'QUESTIONNAIRE_MIGRATION_2019'),
	(741, 19, 19, 859, 3, 117, -1, 3, 1, 0, 0, '', '2019-04-17 15:25:19', 'QUESTIONNAIRE_MIGRATION_2019', '2019-04-17 15:25:19', 'QUESTIONNAIRE_MIGRATION_2019'),
	(742, 18, 18, 842, 2, 118, -1, 3, 1, 0, 0, '', '2019-04-17 15:25:19', 'QUESTIONNAIRE_MIGRATION_2019', '2019-04-17 15:25:19', 'QUESTIONNAIRE_MIGRATION_2019'),
	(743, 18, 18, 843, 2, 118, -1, 3, 1, 0, 0, '', '2019-04-17 15:25:19', 'QUESTIONNAIRE_MIGRATION_2019', '2019-04-17 15:25:19', 'QUESTIONNAIRE_MIGRATION_2019'),
	(744, 18, 18, 844, 2, 118, -1, 3, 1, 0, 0, '', '2019-04-17 15:25:19', 'QUESTIONNAIRE_MIGRATION_2019', '2019-04-17 15:25:19', 'QUESTIONNAIRE_MIGRATION_2019'),
	(745, 18, 18, 845, 2, 118, -1, 3, 1, 0, 0, '', '2019-04-17 15:25:19', 'QUESTIONNAIRE_MIGRATION_2019', '2019-04-17 15:25:19', 'QUESTIONNAIRE_MIGRATION_2019'),
	(746, 18, 18, 846, 2, 118, -1, 3, 1, 0, 0, '', '2019-04-17 15:25:19', 'QUESTIONNAIRE_MIGRATION_2019', '2019-04-17 15:25:19', 'QUESTIONNAIRE_MIGRATION_2019'),
	(747, 18, 18, 847, 2, 118, -1, 3, 1, 0, 0, '', '2019-04-17 15:25:19', 'QUESTIONNAIRE_MIGRATION_2019', '2019-04-17 15:25:19', 'QUESTIONNAIRE_MIGRATION_2019'),
	(748, 18, 18, 848, 2, 118, -1, 3, 1, 0, 0, '', '2019-04-17 15:25:19', 'QUESTIONNAIRE_MIGRATION_2019', '2019-04-17 15:25:19', 'QUESTIONNAIRE_MIGRATION_2019'),
	(749, 18, 18, 849, 2, 118, -1, 3, 1, 0, 0, '', '2019-04-17 15:25:19', 'QUESTIONNAIRE_MIGRATION_2019', '2019-04-17 15:25:19', 'QUESTIONNAIRE_MIGRATION_2019'),
	(750, 18, 18, 850, 2, 118, -1, 3, 1, 0, 0, '', '2019-04-17 15:25:19', 'QUESTIONNAIRE_MIGRATION_2019', '2019-04-17 15:25:19', 'QUESTIONNAIRE_MIGRATION_2019'),
	(751, 18, 18, 851, 2, 118, -1, 3, 1, 0, 0, '', '2019-04-17 15:25:19', 'QUESTIONNAIRE_MIGRATION_2019', '2019-04-17 15:25:19', 'QUESTIONNAIRE_MIGRATION_2019'),
	(752, 18, 18, 852, 2, 118, -1, 3, 1, 0, 0, '', '2019-04-17 15:25:19', 'QUESTIONNAIRE_MIGRATION_2019', '2019-04-17 15:25:19', 'QUESTIONNAIRE_MIGRATION_2019'),
	(753, 11, 11, 823, 2, 119, -1, 3, 1, 0, 0, '', '2019-04-17 15:25:19', 'QUESTIONNAIRE_MIGRATION_2019', '2019-04-17 15:25:19', 'QUESTIONNAIRE_MIGRATION_2019'),
	(754, 11, 11, 824, 2, 119, -1, 3, 1, 0, 0, '', '2019-04-17 15:25:19', 'QUESTIONNAIRE_MIGRATION_2019', '2019-04-17 15:25:19', 'QUESTIONNAIRE_MIGRATION_2019'),
	(755, 11, 11, 811, 1, 119, -1, 3, 1, 0, 0, '', '2019-04-17 15:25:19', 'QUESTIONNAIRE_MIGRATION_2019', '2019-04-17 15:25:19', 'QUESTIONNAIRE_MIGRATION_2019'),
	(756, 20, 20, 860, 4, 120, -1, 3, 1, 0, 0, '', '2019-04-17 15:25:19', 'QUESTIONNAIRE_MIGRATION_2019', '2019-04-17 15:25:19', 'QUESTIONNAIRE_MIGRATION_2019'),
	(757, 20, 20, 861, 4, 120, -1, 3, 1, 0, 0, '', '2019-04-17 15:25:19', 'QUESTIONNAIRE_MIGRATION_2019', '2019-04-17 15:25:19', 'QUESTIONNAIRE_MIGRATION_2019'),
	(758, 20, 20, 862, 4, 120, -1, 3, 1, 0, 0, '', '2019-04-17 15:25:19', 'QUESTIONNAIRE_MIGRATION_2019', '2019-04-17 15:25:19', 'QUESTIONNAIRE_MIGRATION_2019'),
	(759, 19, 19, 853, 2, 121, -1, 3, 1, 0, 0, '', '2019-04-17 15:25:19', 'QUESTIONNAIRE_MIGRATION_2019', '2019-04-17 15:25:19', 'QUESTIONNAIRE_MIGRATION_2019'),
	(760, 19, 19, 854, 2, 121, -1, 3, 1, 0, 0, '', '2019-04-17 15:25:19', 'QUESTIONNAIRE_MIGRATION_2019', '2019-04-17 15:25:19', 'QUESTIONNAIRE_MIGRATION_2019'),
	(761, 19, 19, 855, 4, 121, -1, 3, 1, 0, 0, '', '2019-04-17 15:25:19', 'QUESTIONNAIRE_MIGRATION_2019', '2019-04-17 15:25:19', 'QUESTIONNAIRE_MIGRATION_2019'),
	(762, 19, 19, 856, 4, 121, -1, 3, 1, 0, 0, '', '2019-04-17 15:25:19', 'QUESTIONNAIRE_MIGRATION_2019', '2019-04-17 15:25:19', 'QUESTIONNAIRE_MIGRATION_2019'),
	(763, 19, 19, 857, 1, 121, -1, 3, 1, 0, 0, '', '2019-04-17 15:25:19', 'QUESTIONNAIRE_MIGRATION_2019', '2019-04-17 15:25:19', 'QUESTIONNAIRE_MIGRATION_2019'),
	(764, 19, 19, 858, 4, 121, -1, 3, 1, 0, 0, '', '2019-04-17 15:25:19', 'QUESTIONNAIRE_MIGRATION_2019', '2019-04-17 15:25:19', 'QUESTIONNAIRE_MIGRATION_2019'),
	(765, 11, 11, 823, 2, 122, -1, 3, 1, 0, 0, '', '2019-04-17 15:25:19', 'QUESTIONNAIRE_MIGRATION_2019', '2019-04-17 15:25:19', 'QUESTIONNAIRE_MIGRATION_2019'),
	(766, 11, 11, 824, 2, 122, -1, 3, 1, 0, 0, '', '2019-04-17 15:25:19', 'QUESTIONNAIRE_MIGRATION_2019', '2019-04-17 15:25:19', 'QUESTIONNAIRE_MIGRATION_2019'),
	(767, 11, 11, 811, 1, 122, -1, 3, 1, 0, 0, '', '2019-04-17 15:25:19', 'QUESTIONNAIRE_MIGRATION_2019', '2019-04-17 15:25:19', 'QUESTIONNAIRE_MIGRATION_2019'),
	(768, 20, 20, 860, 4, 123, -1, 3, 1, 0, 0, '', '2019-04-17 15:25:19', 'QUESTIONNAIRE_MIGRATION_2019', '2019-04-17 15:25:19', 'QUESTIONNAIRE_MIGRATION_2019'),
	(769, 20, 20, 861, 4, 123, -1, 3, 1, 0, 0, '', '2019-04-17 15:25:19', 'QUESTIONNAIRE_MIGRATION_2019', '2019-04-17 15:25:19', 'QUESTIONNAIRE_MIGRATION_2019'),
	(770, 20, 20, 862, 4, 123, -1, 3, 1, 0, 0, '', '2019-04-17 15:25:19', 'QUESTIONNAIRE_MIGRATION_2019', '2019-04-17 15:25:19', 'QUESTIONNAIRE_MIGRATION_2019'),
	(771, 21, 21, 863, 4, 124, -1, 3, 1, 0, 0, '', '2019-04-17 15:25:20', 'QUESTIONNAIRE_MIGRATION_2019', '2019-04-17 15:25:20', 'QUESTIONNAIRE_MIGRATION_2019'),
	(772, 21, 21, 864, 4, 124, -1, 3, 1, 0, 0, '', '2019-04-17 15:25:20', 'QUESTIONNAIRE_MIGRATION_2019', '2019-04-17 15:25:20', 'QUESTIONNAIRE_MIGRATION_2019'),
	(773, 21, 21, 865, 4, 124, -1, 3, 1, 0, 0, '', '2019-04-17 15:25:20', 'QUESTIONNAIRE_MIGRATION_2019', '2019-04-17 15:25:20', 'QUESTIONNAIRE_MIGRATION_2019'),
	(774, 21, 21, 866, 4, 124, -1, 3, 1, 0, 0, '', '2019-04-17 15:25:20', 'QUESTIONNAIRE_MIGRATION_2019', '2019-04-17 15:25:20', 'QUESTIONNAIRE_MIGRATION_2019'),
	(775, 21, 21, 867, 4, 124, -1, 3, 1, 0, 0, '', '2019-04-17 15:25:20', 'QUESTIONNAIRE_MIGRATION_2019', '2019-04-17 15:25:20', 'QUESTIONNAIRE_MIGRATION_2019'),
	(776, 19, 19, 853, 2, 125, -1, 3, 1, 0, 0, '', '2019-04-17 15:25:20', 'QUESTIONNAIRE_MIGRATION_2019', '2019-04-17 15:25:20', 'QUESTIONNAIRE_MIGRATION_2019'),
	(777, 19, 19, 854, 2, 125, -1, 3, 1, 0, 0, '', '2019-04-17 15:25:20', 'QUESTIONNAIRE_MIGRATION_2019', '2019-04-17 15:25:20', 'QUESTIONNAIRE_MIGRATION_2019'),
	(778, 19, 19, 855, 4, 125, -1, 3, 1, 0, 0, '', '2019-04-17 15:25:20', 'QUESTIONNAIRE_MIGRATION_2019', '2019-04-17 15:25:20', 'QUESTIONNAIRE_MIGRATION_2019'),
	(779, 19, 19, 856, 4, 125, -1, 3, 1, 0, 0, '', '2019-04-17 15:25:20', 'QUESTIONNAIRE_MIGRATION_2019', '2019-04-17 15:25:20', 'QUESTIONNAIRE_MIGRATION_2019'),
	(780, 19, 19, 857, 1, 125, -1, 3, 1, 0, 0, '', '2019-04-17 15:25:20', 'QUESTIONNAIRE_MIGRATION_2019', '2019-04-17 15:25:20', 'QUESTIONNAIRE_MIGRATION_2019'),
	(781, 19, 19, 858, 4, 125, -1, 3, 1, 0, 0, '', '2019-04-17 15:25:20', 'QUESTIONNAIRE_MIGRATION_2019', '2019-04-17 15:25:20', 'QUESTIONNAIRE_MIGRATION_2019'),
	(782, 21, 21, 863, 4, 126, -1, 3, 1, 0, 0, '', '2019-04-17 15:25:20', 'QUESTIONNAIRE_MIGRATION_2019', '2019-04-17 15:25:20', 'QUESTIONNAIRE_MIGRATION_2019'),
	(783, 21, 21, 864, 4, 126, -1, 3, 1, 0, 0, '', '2019-04-17 15:25:20', 'QUESTIONNAIRE_MIGRATION_2019', '2019-04-17 15:25:20', 'QUESTIONNAIRE_MIGRATION_2019'),
	(784, 21, 21, 865, 4, 126, -1, 3, 1, 0, 0, '', '2019-04-17 15:25:20', 'QUESTIONNAIRE_MIGRATION_2019', '2019-04-17 15:25:20', 'QUESTIONNAIRE_MIGRATION_2019'),
	(785, 21, 21, 866, 4, 126, -1, 3, 1, 0, 0, '', '2019-04-17 15:25:20', 'QUESTIONNAIRE_MIGRATION_2019', '2019-04-17 15:25:20', 'QUESTIONNAIRE_MIGRATION_2019'),
	(786, 21, 21, 867, 4, 126, -1, 3, 1, 0, 0, '', '2019-04-17 15:25:20', 'QUESTIONNAIRE_MIGRATION_2019', '2019-04-17 15:25:20', 'QUESTIONNAIRE_MIGRATION_2019'),
	(787, 12, 12, 793, 2, 127, -1, 3, 1, 0, 0, '', '2019-04-17 15:25:20', 'QUESTIONNAIRE_MIGRATION_2019', '2019-04-17 15:25:20', 'QUESTIONNAIRE_MIGRATION_2019'),
	(788, 12, 12, 794, 2, 127, -1, 3, 1, 0, 0, '', '2019-04-17 15:25:20', 'QUESTIONNAIRE_MIGRATION_2019', '2019-04-17 15:25:20', 'QUESTIONNAIRE_MIGRATION_2019'),
	(789, 12, 12, 795, 2, 127, -1, 3, 1, 0, 0, '', '2019-04-17 15:25:20', 'QUESTIONNAIRE_MIGRATION_2019', '2019-04-17 15:25:20', 'QUESTIONNAIRE_MIGRATION_2019'),
	(790, 12, 12, 791, 2, 127, -1, 3, 1, 0, 0, '', '2019-04-17 15:25:20', 'QUESTIONNAIRE_MIGRATION_2019', '2019-04-17 15:25:20', 'QUESTIONNAIRE_MIGRATION_2019'),
	(791, 12, 12, 796, 2, 127, -1, 3, 1, 0, 0, '', '2019-04-17 15:25:20', 'QUESTIONNAIRE_MIGRATION_2019', '2019-04-17 15:25:20', 'QUESTIONNAIRE_MIGRATION_2019'),
	(792, 12, 12, 792, 2, 127, -1, 3, 1, 0, 0, '', '2019-04-17 15:25:20', 'QUESTIONNAIRE_MIGRATION_2019', '2019-04-17 15:25:20', 'QUESTIONNAIRE_MIGRATION_2019'),
	(793, 12, 12, 799, 2, 127, -1, 3, 1, 0, 0, '', '2019-04-17 15:25:20', 'QUESTIONNAIRE_MIGRATION_2019', '2019-04-17 15:25:20', 'QUESTIONNAIRE_MIGRATION_2019'),
	(794, 12, 12, 797, 2, 127, -1, 3, 1, 0, 0, '', '2019-04-17 15:25:20', 'QUESTIONNAIRE_MIGRATION_2019', '2019-04-17 15:25:20', 'QUESTIONNAIRE_MIGRATION_2019'),
	(795, 12, 12, 798, 2, 127, -1, 3, 1, 0, 0, '', '2019-04-17 15:25:20', 'QUESTIONNAIRE_MIGRATION_2019', '2019-04-17 15:25:20', 'QUESTIONNAIRE_MIGRATION_2019'),
	(796, 19, 19, 853, 2, 128, -1, 3, 1, 0, 0, '', '2019-04-17 15:25:20', 'QUESTIONNAIRE_MIGRATION_2019', '2019-04-17 15:25:20', 'QUESTIONNAIRE_MIGRATION_2019'),
	(797, 19, 19, 854, 2, 128, -1, 3, 1, 0, 0, '', '2019-04-17 15:25:20', 'QUESTIONNAIRE_MIGRATION_2019', '2019-04-17 15:25:20', 'QUESTIONNAIRE_MIGRATION_2019'),
	(798, 19, 19, 855, 4, 128, -1, 3, 1, 0, 0, '', '2019-04-17 15:25:20', 'QUESTIONNAIRE_MIGRATION_2019', '2019-04-17 15:25:20', 'QUESTIONNAIRE_MIGRATION_2019'),
	(799, 19, 19, 856, 4, 128, -1, 3, 1, 0, 0, '', '2019-04-17 15:25:20', 'QUESTIONNAIRE_MIGRATION_2019', '2019-04-17 15:25:20', 'QUESTIONNAIRE_MIGRATION_2019'),
	(800, 19, 19, 857, 1, 128, -1, 3, 1, 0, 0, '', '2019-04-17 15:25:20', 'QUESTIONNAIRE_MIGRATION_2019', '2019-04-17 15:25:20', 'QUESTIONNAIRE_MIGRATION_2019'),
	(801, 19, 19, 858, 4, 128, -1, 3, 1, 0, 0, '', '2019-04-17 15:25:20', 'QUESTIONNAIRE_MIGRATION_2019', '2019-04-17 15:25:20', 'QUESTIONNAIRE_MIGRATION_2019'),
	(802, 19, 19, 859, 3, 128, -1, 3, 1, 0, 0, '', '2019-04-17 15:25:20', 'QUESTIONNAIRE_MIGRATION_2019', '2019-04-17 15:25:20', 'QUESTIONNAIRE_MIGRATION_2019'),
	(803, 18, 18, 842, 2, 129, -1, 3, 1, 0, 0, '', '2019-04-17 15:25:20', 'QUESTIONNAIRE_MIGRATION_2019', '2019-04-17 15:25:20', 'QUESTIONNAIRE_MIGRATION_2019'),
	(804, 18, 18, 843, 2, 129, -1, 3, 1, 0, 0, '', '2019-04-17 15:25:20', 'QUESTIONNAIRE_MIGRATION_2019', '2019-04-17 15:25:20', 'QUESTIONNAIRE_MIGRATION_2019'),
	(805, 18, 18, 844, 2, 129, -1, 3, 1, 0, 0, '', '2019-04-17 15:25:20', 'QUESTIONNAIRE_MIGRATION_2019', '2019-04-17 15:25:20', 'QUESTIONNAIRE_MIGRATION_2019'),
	(806, 18, 18, 845, 2, 129, -1, 3, 1, 0, 0, '', '2019-04-17 15:25:20', 'QUESTIONNAIRE_MIGRATION_2019', '2019-04-17 15:25:20', 'QUESTIONNAIRE_MIGRATION_2019'),
	(807, 18, 18, 846, 2, 129, -1, 3, 1, 0, 0, '', '2019-04-17 15:25:20', 'QUESTIONNAIRE_MIGRATION_2019', '2019-04-17 15:25:20', 'QUESTIONNAIRE_MIGRATION_2019'),
	(808, 18, 18, 847, 2, 129, -1, 3, 1, 0, 0, '', '2019-04-17 15:25:20', 'QUESTIONNAIRE_MIGRATION_2019', '2019-04-17 15:25:20', 'QUESTIONNAIRE_MIGRATION_2019'),
	(809, 18, 18, 848, 2, 129, -1, 3, 1, 0, 0, '', '2019-04-17 15:25:20', 'QUESTIONNAIRE_MIGRATION_2019', '2019-04-17 15:25:20', 'QUESTIONNAIRE_MIGRATION_2019'),
	(810, 18, 18, 849, 2, 129, -1, 3, 1, 0, 0, '', '2019-04-17 15:25:20', 'QUESTIONNAIRE_MIGRATION_2019', '2019-04-17 15:25:20', 'QUESTIONNAIRE_MIGRATION_2019'),
	(811, 18, 18, 850, 2, 129, -1, 3, 1, 0, 0, '', '2019-04-17 15:25:20', 'QUESTIONNAIRE_MIGRATION_2019', '2019-04-17 15:25:20', 'QUESTIONNAIRE_MIGRATION_2019'),
	(812, 18, 18, 851, 2, 129, -1, 3, 1, 0, 0, '', '2019-04-17 15:25:20', 'QUESTIONNAIRE_MIGRATION_2019', '2019-04-17 15:25:20', 'QUESTIONNAIRE_MIGRATION_2019'),
	(813, 18, 18, 852, 2, 129, -1, 3, 1, 0, 0, '', '2019-04-17 15:25:20', 'QUESTIONNAIRE_MIGRATION_2019', '2019-04-17 15:25:20', 'QUESTIONNAIRE_MIGRATION_2019'),
	(814, 21, 21, 863, 4, 130, -1, 3, 1, 0, 0, '', '2019-04-17 15:25:20', 'QUESTIONNAIRE_MIGRATION_2019', '2019-04-17 15:25:20', 'QUESTIONNAIRE_MIGRATION_2019'),
	(815, 21, 21, 864, 4, 130, -1, 3, 1, 0, 0, '', '2019-04-17 15:25:20', 'QUESTIONNAIRE_MIGRATION_2019', '2019-04-17 15:25:20', 'QUESTIONNAIRE_MIGRATION_2019'),
	(816, 21, 21, 865, 4, 130, -1, 3, 1, 0, 0, '', '2019-04-17 15:25:20', 'QUESTIONNAIRE_MIGRATION_2019', '2019-04-17 15:25:20', 'QUESTIONNAIRE_MIGRATION_2019'),
	(817, 21, 21, 866, 4, 130, -1, 3, 1, 0, 0, '', '2019-04-17 15:25:20', 'QUESTIONNAIRE_MIGRATION_2019', '2019-04-17 15:25:20', 'QUESTIONNAIRE_MIGRATION_2019'),
	(818, 21, 21, 867, 4, 130, -1, 3, 1, 0, 0, '', '2019-04-17 15:25:20', 'QUESTIONNAIRE_MIGRATION_2019', '2019-04-17 15:25:20', 'QUESTIONNAIRE_MIGRATION_2019'),
	(819, 12, 12, 793, 2, 131, -1, 3, 1, 0, 0, '', '2019-04-17 15:25:20', 'QUESTIONNAIRE_MIGRATION_2019', '2019-04-17 15:25:20', 'QUESTIONNAIRE_MIGRATION_2019'),
	(820, 12, 12, 794, 2, 131, -1, 3, 1, 0, 0, '', '2019-04-17 15:25:20', 'QUESTIONNAIRE_MIGRATION_2019', '2019-04-17 15:25:20', 'QUESTIONNAIRE_MIGRATION_2019'),
	(821, 12, 12, 795, 2, 131, -1, 3, 1, 0, 0, '', '2019-04-17 15:25:20', 'QUESTIONNAIRE_MIGRATION_2019', '2019-04-17 15:25:20', 'QUESTIONNAIRE_MIGRATION_2019'),
	(822, 12, 12, 791, 2, 131, -1, 3, 1, 0, 0, '', '2019-04-17 15:25:20', 'QUESTIONNAIRE_MIGRATION_2019', '2019-04-17 15:25:20', 'QUESTIONNAIRE_MIGRATION_2019'),
	(823, 12, 12, 796, 2, 131, -1, 3, 1, 0, 0, '', '2019-04-17 15:25:20', 'QUESTIONNAIRE_MIGRATION_2019', '2019-04-17 15:25:20', 'QUESTIONNAIRE_MIGRATION_2019'),
	(824, 12, 12, 792, 2, 131, -1, 3, 1, 0, 0, '', '2019-04-17 15:25:20', 'QUESTIONNAIRE_MIGRATION_2019', '2019-04-17 15:25:20', 'QUESTIONNAIRE_MIGRATION_2019'),
	(825, 12, 12, 799, 2, 131, -1, 3, 1, 0, 0, '', '2019-04-17 15:25:20', 'QUESTIONNAIRE_MIGRATION_2019', '2019-04-17 15:25:20', 'QUESTIONNAIRE_MIGRATION_2019'),
	(826, 12, 12, 797, 2, 131, -1, 3, 1, 0, 0, '', '2019-04-17 15:25:20', 'QUESTIONNAIRE_MIGRATION_2019', '2019-04-17 15:25:20', 'QUESTIONNAIRE_MIGRATION_2019'),
	(827, 12, 12, 798, 2, 131, -1, 3, 1, 0, 0, '', '2019-04-17 15:25:20', 'QUESTIONNAIRE_MIGRATION_2019', '2019-04-17 15:25:20', 'QUESTIONNAIRE_MIGRATION_2019'),
	(828, 18, 18, 842, 2, 132, -1, 3, 1, 0, 0, '', '2019-04-17 15:25:20', 'QUESTIONNAIRE_MIGRATION_2019', '2019-04-17 15:25:20', 'QUESTIONNAIRE_MIGRATION_2019'),
	(829, 18, 18, 843, 2, 132, -1, 3, 1, 0, 0, '', '2019-04-17 15:25:20', 'QUESTIONNAIRE_MIGRATION_2019', '2019-04-17 15:25:20', 'QUESTIONNAIRE_MIGRATION_2019'),
	(830, 18, 18, 844, 2, 132, -1, 3, 1, 0, 0, '', '2019-04-17 15:25:20', 'QUESTIONNAIRE_MIGRATION_2019', '2019-04-17 15:25:20', 'QUESTIONNAIRE_MIGRATION_2019'),
	(831, 18, 18, 845, 2, 132, -1, 3, 1, 0, 0, '', '2019-04-17 15:25:20', 'QUESTIONNAIRE_MIGRATION_2019', '2019-04-17 15:25:20', 'QUESTIONNAIRE_MIGRATION_2019'),
	(832, 18, 18, 846, 2, 132, -1, 3, 1, 0, 0, '', '2019-04-17 15:25:20', 'QUESTIONNAIRE_MIGRATION_2019', '2019-04-17 15:25:20', 'QUESTIONNAIRE_MIGRATION_2019'),
	(833, 18, 18, 847, 2, 132, -1, 3, 1, 0, 0, '', '2019-04-17 15:25:20', 'QUESTIONNAIRE_MIGRATION_2019', '2019-04-17 15:25:20', 'QUESTIONNAIRE_MIGRATION_2019'),
	(834, 18, 18, 848, 2, 132, -1, 3, 1, 0, 0, '', '2019-04-17 15:25:20', 'QUESTIONNAIRE_MIGRATION_2019', '2019-04-17 15:25:20', 'QUESTIONNAIRE_MIGRATION_2019'),
	(835, 18, 18, 849, 2, 132, -1, 3, 1, 0, 0, '', '2019-04-17 15:25:20', 'QUESTIONNAIRE_MIGRATION_2019', '2019-04-17 15:25:20', 'QUESTIONNAIRE_MIGRATION_2019'),
	(836, 18, 18, 850, 2, 132, -1, 3, 1, 0, 0, '', '2019-04-17 15:25:20', 'QUESTIONNAIRE_MIGRATION_2019', '2019-04-17 15:25:20', 'QUESTIONNAIRE_MIGRATION_2019'),
	(837, 18, 18, 851, 2, 132, -1, 3, 1, 0, 0, '', '2019-04-17 15:25:20', 'QUESTIONNAIRE_MIGRATION_2019', '2019-04-17 15:25:20', 'QUESTIONNAIRE_MIGRATION_2019'),
	(838, 18, 18, 852, 2, 132, -1, 3, 1, 0, 0, '', '2019-04-17 15:25:20', 'QUESTIONNAIRE_MIGRATION_2019', '2019-04-17 15:25:20', 'QUESTIONNAIRE_MIGRATION_2019'),
	(839, 18, 18, 842, 2, 133, -1, 3, 1, 0, 0, '', '2019-04-17 15:25:20', 'QUESTIONNAIRE_MIGRATION_2019', '2019-04-17 15:25:20', 'QUESTIONNAIRE_MIGRATION_2019'),
	(840, 18, 18, 843, 2, 133, -1, 3, 1, 0, 0, '', '2019-04-17 15:25:20', 'QUESTIONNAIRE_MIGRATION_2019', '2019-04-17 15:25:20', 'QUESTIONNAIRE_MIGRATION_2019'),
	(841, 18, 18, 844, 2, 133, -1, 3, 1, 0, 0, '', '2019-04-17 15:25:20', 'QUESTIONNAIRE_MIGRATION_2019', '2019-04-17 15:25:20', 'QUESTIONNAIRE_MIGRATION_2019'),
	(842, 18, 18, 845, 2, 133, -1, 3, 1, 0, 0, '', '2019-04-17 15:25:20', 'QUESTIONNAIRE_MIGRATION_2019', '2019-04-17 15:25:20', 'QUESTIONNAIRE_MIGRATION_2019'),
	(843, 18, 18, 846, 2, 133, -1, 3, 1, 0, 0, '', '2019-04-17 15:25:20', 'QUESTIONNAIRE_MIGRATION_2019', '2019-04-17 15:25:20', 'QUESTIONNAIRE_MIGRATION_2019'),
	(844, 18, 18, 847, 2, 133, -1, 3, 1, 0, 0, '', '2019-04-17 15:25:20', 'QUESTIONNAIRE_MIGRATION_2019', '2019-04-17 15:25:20', 'QUESTIONNAIRE_MIGRATION_2019'),
	(845, 18, 18, 848, 2, 133, -1, 3, 1, 0, 0, '', '2019-04-17 15:25:20', 'QUESTIONNAIRE_MIGRATION_2019', '2019-04-17 15:25:20', 'QUESTIONNAIRE_MIGRATION_2019'),
	(846, 18, 18, 849, 2, 133, -1, 3, 1, 0, 0, '', '2019-04-17 15:25:20', 'QUESTIONNAIRE_MIGRATION_2019', '2019-04-17 15:25:20', 'QUESTIONNAIRE_MIGRATION_2019'),
	(847, 18, 18, 850, 2, 133, -1, 3, 1, 0, 0, '', '2019-04-17 15:25:20', 'QUESTIONNAIRE_MIGRATION_2019', '2019-04-17 15:25:20', 'QUESTIONNAIRE_MIGRATION_2019'),
	(848, 18, 18, 851, 2, 133, -1, 3, 1, 0, 0, '', '2019-04-17 15:25:20', 'QUESTIONNAIRE_MIGRATION_2019', '2019-04-17 15:25:20', 'QUESTIONNAIRE_MIGRATION_2019'),
	(849, 18, 18, 852, 2, 133, -1, 3, 1, 0, 0, '', '2019-04-17 15:25:20', 'QUESTIONNAIRE_MIGRATION_2019', '2019-04-17 15:25:20', 'QUESTIONNAIRE_MIGRATION_2019'),
	(850, 18, 18, 842, 2, 134, -1, 3, 1, 0, 0, '', '2019-04-17 15:25:20', 'QUESTIONNAIRE_MIGRATION_2019', '2019-04-17 15:25:20', 'QUESTIONNAIRE_MIGRATION_2019'),
	(851, 18, 18, 843, 2, 134, -1, 3, 1, 0, 0, '', '2019-04-17 15:25:20', 'QUESTIONNAIRE_MIGRATION_2019', '2019-04-17 15:25:20', 'QUESTIONNAIRE_MIGRATION_2019'),
	(852, 18, 18, 844, 2, 134, -1, 3, 1, 0, 0, '', '2019-04-17 15:25:20', 'QUESTIONNAIRE_MIGRATION_2019', '2019-04-17 15:25:20', 'QUESTIONNAIRE_MIGRATION_2019'),
	(853, 18, 18, 845, 2, 134, -1, 3, 1, 0, 0, '', '2019-04-17 15:25:20', 'QUESTIONNAIRE_MIGRATION_2019', '2019-04-17 15:25:20', 'QUESTIONNAIRE_MIGRATION_2019'),
	(854, 18, 18, 846, 2, 134, -1, 3, 1, 0, 0, '', '2019-04-17 15:25:20', 'QUESTIONNAIRE_MIGRATION_2019', '2019-04-17 15:25:20', 'QUESTIONNAIRE_MIGRATION_2019'),
	(855, 18, 18, 847, 2, 134, -1, 3, 1, 0, 0, '', '2019-04-17 15:25:20', 'QUESTIONNAIRE_MIGRATION_2019', '2019-04-17 15:25:20', 'QUESTIONNAIRE_MIGRATION_2019'),
	(856, 18, 18, 848, 2, 134, -1, 3, 1, 0, 0, '', '2019-04-17 15:25:20', 'QUESTIONNAIRE_MIGRATION_2019', '2019-04-17 15:25:20', 'QUESTIONNAIRE_MIGRATION_2019'),
	(857, 18, 18, 849, 2, 134, -1, 3, 1, 0, 0, '', '2019-04-17 15:25:20', 'QUESTIONNAIRE_MIGRATION_2019', '2019-04-17 15:25:20', 'QUESTIONNAIRE_MIGRATION_2019'),
	(858, 18, 18, 850, 2, 134, -1, 3, 1, 0, 0, '', '2019-04-17 15:25:20', 'QUESTIONNAIRE_MIGRATION_2019', '2019-04-17 15:25:20', 'QUESTIONNAIRE_MIGRATION_2019'),
	(859, 18, 18, 851, 2, 134, -1, 3, 1, 0, 0, '', '2019-04-17 15:25:20', 'QUESTIONNAIRE_MIGRATION_2019', '2019-04-17 15:25:20', 'QUESTIONNAIRE_MIGRATION_2019'),
	(860, 18, 18, 852, 2, 134, -1, 3, 1, 0, 0, '', '2019-04-17 15:25:20', 'QUESTIONNAIRE_MIGRATION_2019', '2019-04-17 15:25:20', 'QUESTIONNAIRE_MIGRATION_2019'),
	(861, 25, 25, 869, 4, 135, -1, 3, 1, 0, 0, '', '2019-04-17 15:25:20', 'QUESTIONNAIRE_MIGRATION_2019', '2019-04-17 15:25:20', 'QUESTIONNAIRE_MIGRATION_2019'),
	(862, 25, 25, 871, 1, 135, -1, 3, 1, 0, 0, '', '2019-04-17 15:25:20', 'QUESTIONNAIRE_MIGRATION_2019', '2019-04-17 15:25:20', 'QUESTIONNAIRE_MIGRATION_2019'),
	(863, 25, 25, 874, 4, 135, -1, 3, 1, 0, 0, '', '2019-04-17 15:25:20', 'QUESTIONNAIRE_MIGRATION_2019', '2019-04-17 15:25:20', 'QUESTIONNAIRE_MIGRATION_2019'),
	(864, 25, 25, 876, 4, 135, -1, 3, 1, 0, 0, '', '2019-04-17 15:25:20', 'QUESTIONNAIRE_MIGRATION_2019', '2019-04-17 15:25:20', 'QUESTIONNAIRE_MIGRATION_2019'),
	(865, 25, 25, 877, 4, 135, -1, 3, 1, 0, 0, '', '2019-04-17 15:25:20', 'QUESTIONNAIRE_MIGRATION_2019', '2019-04-17 15:25:20', 'QUESTIONNAIRE_MIGRATION_2019'),
	(866, 25, 25, 879, 4, 135, -1, 3, 1, 0, 0, '', '2019-04-17 15:25:20', 'QUESTIONNAIRE_MIGRATION_2019', '2019-04-17 15:25:20', 'QUESTIONNAIRE_MIGRATION_2019'),
	(867, 25, 25, 880, 4, 135, -1, 3, 1, 0, 0, '', '2019-04-17 15:25:20', 'QUESTIONNAIRE_MIGRATION_2019', '2019-04-17 15:25:20', 'QUESTIONNAIRE_MIGRATION_2019'),
	(868, 25, 25, 883, 4, 135, -1, 3, 1, 0, 0, '', '2019-04-17 15:25:20', 'QUESTIONNAIRE_MIGRATION_2019', '2019-04-17 15:25:20', 'QUESTIONNAIRE_MIGRATION_2019'),
	(869, 18, 18, 842, 2, 136, -1, 3, 1, 0, 0, '', '2019-04-17 15:25:20', 'QUESTIONNAIRE_MIGRATION_2019', '2019-04-17 15:25:20', 'QUESTIONNAIRE_MIGRATION_2019'),
	(870, 18, 18, 843, 2, 136, -1, 3, 1, 0, 0, '', '2019-04-17 15:25:20', 'QUESTIONNAIRE_MIGRATION_2019', '2019-04-17 15:25:20', 'QUESTIONNAIRE_MIGRATION_2019'),
	(871, 18, 18, 844, 2, 136, -1, 3, 1, 0, 0, '', '2019-04-17 15:25:20', 'QUESTIONNAIRE_MIGRATION_2019', '2019-04-17 15:25:20', 'QUESTIONNAIRE_MIGRATION_2019'),
	(872, 18, 18, 845, 2, 136, -1, 3, 1, 0, 0, '', '2019-04-17 15:25:20', 'QUESTIONNAIRE_MIGRATION_2019', '2019-04-17 15:25:20', 'QUESTIONNAIRE_MIGRATION_2019'),
	(873, 18, 18, 846, 2, 136, -1, 3, 1, 0, 0, '', '2019-04-17 15:25:20', 'QUESTIONNAIRE_MIGRATION_2019', '2019-04-17 15:25:20', 'QUESTIONNAIRE_MIGRATION_2019'),
	(874, 18, 18, 847, 2, 136, -1, 3, 1, 0, 0, '', '2019-04-17 15:25:20', 'QUESTIONNAIRE_MIGRATION_2019', '2019-04-17 15:25:20', 'QUESTIONNAIRE_MIGRATION_2019'),
	(875, 18, 18, 848, 2, 136, -1, 3, 1, 0, 0, '', '2019-04-17 15:25:20', 'QUESTIONNAIRE_MIGRATION_2019', '2019-04-17 15:25:20', 'QUESTIONNAIRE_MIGRATION_2019'),
	(876, 18, 18, 849, 2, 136, -1, 3, 1, 0, 0, '', '2019-04-17 15:25:20', 'QUESTIONNAIRE_MIGRATION_2019', '2019-04-17 15:25:20', 'QUESTIONNAIRE_MIGRATION_2019'),
	(877, 18, 18, 850, 2, 136, -1, 3, 1, 0, 0, '', '2019-04-17 15:25:20', 'QUESTIONNAIRE_MIGRATION_2019', '2019-04-17 15:25:20', 'QUESTIONNAIRE_MIGRATION_2019'),
	(878, 18, 18, 851, 2, 136, -1, 3, 1, 0, 0, '', '2019-04-17 15:25:20', 'QUESTIONNAIRE_MIGRATION_2019', '2019-04-17 15:25:20', 'QUESTIONNAIRE_MIGRATION_2019'),
	(879, 18, 18, 852, 2, 136, -1, 3, 1, 0, 0, '', '2019-04-17 15:25:20', 'QUESTIONNAIRE_MIGRATION_2019', '2019-04-17 15:25:20', 'QUESTIONNAIRE_MIGRATION_2019'),
	(880, 18, 18, 842, 2, 137, -1, 3, 1, 0, 0, '', '2019-04-17 15:25:20', 'QUESTIONNAIRE_MIGRATION_2019', '2019-04-17 15:25:20', 'QUESTIONNAIRE_MIGRATION_2019'),
	(881, 18, 18, 843, 2, 137, -1, 3, 1, 0, 0, '', '2019-04-17 15:25:20', 'QUESTIONNAIRE_MIGRATION_2019', '2019-04-17 15:25:20', 'QUESTIONNAIRE_MIGRATION_2019'),
	(882, 18, 18, 844, 2, 137, -1, 3, 1, 0, 0, '', '2019-04-17 15:25:20', 'QUESTIONNAIRE_MIGRATION_2019', '2019-04-17 15:25:20', 'QUESTIONNAIRE_MIGRATION_2019'),
	(883, 18, 18, 845, 2, 137, -1, 3, 1, 0, 0, '', '2019-04-17 15:25:20', 'QUESTIONNAIRE_MIGRATION_2019', '2019-04-17 15:25:20', 'QUESTIONNAIRE_MIGRATION_2019'),
	(884, 18, 18, 846, 2, 137, -1, 3, 1, 0, 0, '', '2019-04-17 15:25:20', 'QUESTIONNAIRE_MIGRATION_2019', '2019-04-17 15:25:20', 'QUESTIONNAIRE_MIGRATION_2019'),
	(885, 18, 18, 847, 2, 137, -1, 3, 1, 0, 0, '', '2019-04-17 15:25:20', 'QUESTIONNAIRE_MIGRATION_2019', '2019-04-17 15:25:20', 'QUESTIONNAIRE_MIGRATION_2019'),
	(886, 18, 18, 848, 2, 137, -1, 3, 1, 0, 0, '', '2019-04-17 15:25:20', 'QUESTIONNAIRE_MIGRATION_2019', '2019-04-17 15:25:20', 'QUESTIONNAIRE_MIGRATION_2019'),
	(887, 18, 18, 849, 2, 137, -1, 3, 1, 0, 0, '', '2019-04-17 15:25:20', 'QUESTIONNAIRE_MIGRATION_2019', '2019-04-17 15:25:20', 'QUESTIONNAIRE_MIGRATION_2019'),
	(888, 18, 18, 850, 2, 137, -1, 3, 1, 0, 0, '', '2019-04-17 15:25:20', 'QUESTIONNAIRE_MIGRATION_2019', '2019-04-17 15:25:20', 'QUESTIONNAIRE_MIGRATION_2019'),
	(889, 18, 18, 851, 2, 137, -1, 3, 1, 0, 0, '', '2019-04-17 15:25:20', 'QUESTIONNAIRE_MIGRATION_2019', '2019-04-17 15:25:20', 'QUESTIONNAIRE_MIGRATION_2019'),
	(890, 18, 18, 852, 2, 137, -1, 3, 1, 0, 0, '', '2019-04-17 15:25:20', 'QUESTIONNAIRE_MIGRATION_2019', '2019-04-17 15:25:20', 'QUESTIONNAIRE_MIGRATION_2019'),
	(891, 18, 18, 842, 2, 138, -1, 3, 1, 0, 0, '', '2019-04-17 15:25:20', 'QUESTIONNAIRE_MIGRATION_2019', '2019-04-17 15:25:20', 'QUESTIONNAIRE_MIGRATION_2019'),
	(892, 18, 18, 843, 2, 138, -1, 3, 1, 0, 0, '', '2019-04-17 15:25:20', 'QUESTIONNAIRE_MIGRATION_2019', '2019-04-17 15:25:20', 'QUESTIONNAIRE_MIGRATION_2019'),
	(893, 18, 18, 844, 2, 138, -1, 3, 1, 0, 0, '', '2019-04-17 15:25:20', 'QUESTIONNAIRE_MIGRATION_2019', '2019-04-17 15:25:20', 'QUESTIONNAIRE_MIGRATION_2019'),
	(894, 18, 18, 845, 2, 138, -1, 3, 1, 0, 0, '', '2019-04-17 15:25:20', 'QUESTIONNAIRE_MIGRATION_2019', '2019-04-17 15:25:20', 'QUESTIONNAIRE_MIGRATION_2019'),
	(895, 18, 18, 846, 2, 138, -1, 3, 1, 0, 0, '', '2019-04-17 15:25:20', 'QUESTIONNAIRE_MIGRATION_2019', '2019-04-17 15:25:20', 'QUESTIONNAIRE_MIGRATION_2019'),
	(896, 18, 18, 847, 2, 138, -1, 3, 1, 0, 0, '', '2019-04-17 15:25:20', 'QUESTIONNAIRE_MIGRATION_2019', '2019-04-17 15:25:20', 'QUESTIONNAIRE_MIGRATION_2019'),
	(897, 18, 18, 848, 2, 138, -1, 3, 1, 0, 0, '', '2019-04-17 15:25:20', 'QUESTIONNAIRE_MIGRATION_2019', '2019-04-17 15:25:20', 'QUESTIONNAIRE_MIGRATION_2019'),
	(898, 18, 18, 849, 2, 138, -1, 3, 1, 0, 0, '', '2019-04-17 15:25:20', 'QUESTIONNAIRE_MIGRATION_2019', '2019-04-17 15:25:20', 'QUESTIONNAIRE_MIGRATION_2019'),
	(899, 18, 18, 850, 2, 138, -1, 3, 1, 0, 0, '', '2019-04-17 15:25:20', 'QUESTIONNAIRE_MIGRATION_2019', '2019-04-17 15:25:20', 'QUESTIONNAIRE_MIGRATION_2019'),
	(900, 18, 18, 851, 2, 138, -1, 3, 1, 0, 0, '', '2019-04-17 15:25:20', 'QUESTIONNAIRE_MIGRATION_2019', '2019-04-17 15:25:20', 'QUESTIONNAIRE_MIGRATION_2019'),
	(901, 18, 18, 852, 2, 138, -1, 3, 1, 0, 0, '', '2019-04-17 15:25:20', 'QUESTIONNAIRE_MIGRATION_2019', '2019-04-17 15:25:20', 'QUESTIONNAIRE_MIGRATION_2019'),
	(902, 20, 20, 860, 4, 139, -1, 3, 1, 0, 0, '', '2019-04-17 15:25:20', 'QUESTIONNAIRE_MIGRATION_2019', '2019-04-17 15:25:20', 'QUESTIONNAIRE_MIGRATION_2019'),
	(903, 20, 20, 861, 4, 139, -1, 3, 1, 0, 0, '', '2019-04-17 15:25:20', 'QUESTIONNAIRE_MIGRATION_2019', '2019-04-17 15:25:20', 'QUESTIONNAIRE_MIGRATION_2019'),
	(904, 20, 20, 862, 4, 139, -1, 3, 1, 0, 0, '', '2019-04-17 15:25:20', 'QUESTIONNAIRE_MIGRATION_2019', '2019-04-17 15:25:20', 'QUESTIONNAIRE_MIGRATION_2019'),
	(905, 18, 18, 842, 2, 140, -1, 3, 1, 0, 0, '', '2019-04-17 15:25:20', 'QUESTIONNAIRE_MIGRATION_2019', '2019-04-17 15:25:20', 'QUESTIONNAIRE_MIGRATION_2019'),
	(906, 18, 18, 843, 2, 140, -1, 3, 1, 0, 0, '', '2019-04-17 15:25:20', 'QUESTIONNAIRE_MIGRATION_2019', '2019-04-17 15:25:20', 'QUESTIONNAIRE_MIGRATION_2019'),
	(907, 18, 18, 844, 2, 140, -1, 3, 1, 0, 0, '', '2019-04-17 15:25:20', 'QUESTIONNAIRE_MIGRATION_2019', '2019-04-17 15:25:20', 'QUESTIONNAIRE_MIGRATION_2019'),
	(908, 18, 18, 845, 2, 140, -1, 3, 1, 0, 0, '', '2019-04-17 15:25:20', 'QUESTIONNAIRE_MIGRATION_2019', '2019-04-17 15:25:20', 'QUESTIONNAIRE_MIGRATION_2019'),
	(909, 18, 18, 846, 2, 140, -1, 3, 1, 0, 0, '', '2019-04-17 15:25:20', 'QUESTIONNAIRE_MIGRATION_2019', '2019-04-17 15:25:20', 'QUESTIONNAIRE_MIGRATION_2019'),
	(910, 18, 18, 847, 2, 140, -1, 3, 1, 0, 0, '', '2019-04-17 15:25:20', 'QUESTIONNAIRE_MIGRATION_2019', '2019-04-17 15:25:20', 'QUESTIONNAIRE_MIGRATION_2019'),
	(911, 18, 18, 848, 2, 140, -1, 3, 1, 0, 0, '', '2019-04-17 15:25:20', 'QUESTIONNAIRE_MIGRATION_2019', '2019-04-17 15:25:20', 'QUESTIONNAIRE_MIGRATION_2019'),
	(912, 18, 18, 849, 2, 140, -1, 3, 1, 0, 0, '', '2019-04-17 15:25:20', 'QUESTIONNAIRE_MIGRATION_2019', '2019-04-17 15:25:20', 'QUESTIONNAIRE_MIGRATION_2019'),
	(913, 18, 18, 850, 2, 140, -1, 3, 1, 0, 0, '', '2019-04-17 15:25:20', 'QUESTIONNAIRE_MIGRATION_2019', '2019-04-17 15:25:20', 'QUESTIONNAIRE_MIGRATION_2019'),
	(914, 18, 18, 851, 2, 140, -1, 3, 1, 0, 0, '', '2019-04-17 15:25:20', 'QUESTIONNAIRE_MIGRATION_2019', '2019-04-17 15:25:20', 'QUESTIONNAIRE_MIGRATION_2019'),
	(915, 18, 18, 852, 2, 140, -1, 3, 1, 0, 0, '', '2019-04-17 15:25:20', 'QUESTIONNAIRE_MIGRATION_2019', '2019-04-17 15:25:20', 'QUESTIONNAIRE_MIGRATION_2019'),
	(916, 20, 20, 860, 4, 141, -1, 3, 1, 0, 0, '', '2019-04-17 15:25:20', 'QUESTIONNAIRE_MIGRATION_2019', '2019-04-17 15:25:20', 'QUESTIONNAIRE_MIGRATION_2019'),
	(917, 20, 20, 861, 4, 141, -1, 3, 1, 0, 0, '', '2019-04-17 15:25:20', 'QUESTIONNAIRE_MIGRATION_2019', '2019-04-17 15:25:20', 'QUESTIONNAIRE_MIGRATION_2019'),
	(918, 20, 20, 862, 4, 141, -1, 3, 1, 0, 0, '', '2019-04-17 15:25:20', 'QUESTIONNAIRE_MIGRATION_2019', '2019-04-17 15:25:20', 'QUESTIONNAIRE_MIGRATION_2019'),
	(919, 18, 18, 842, 2, 142, -1, 3, 1, 0, 0, '', '2019-04-17 15:25:20', 'QUESTIONNAIRE_MIGRATION_2019', '2019-04-17 15:25:20', 'QUESTIONNAIRE_MIGRATION_2019'),
	(920, 18, 18, 843, 2, 142, -1, 3, 1, 0, 0, '', '2019-04-17 15:25:20', 'QUESTIONNAIRE_MIGRATION_2019', '2019-04-17 15:25:20', 'QUESTIONNAIRE_MIGRATION_2019'),
	(921, 18, 18, 844, 2, 142, -1, 3, 1, 0, 0, '', '2019-04-17 15:25:20', 'QUESTIONNAIRE_MIGRATION_2019', '2019-04-17 15:25:20', 'QUESTIONNAIRE_MIGRATION_2019'),
	(922, 18, 18, 845, 2, 142, -1, 3, 1, 0, 0, '', '2019-04-17 15:25:20', 'QUESTIONNAIRE_MIGRATION_2019', '2019-04-17 15:25:20', 'QUESTIONNAIRE_MIGRATION_2019'),
	(923, 18, 18, 846, 2, 142, -1, 3, 1, 0, 0, '', '2019-04-17 15:25:20', 'QUESTIONNAIRE_MIGRATION_2019', '2019-04-17 15:25:20', 'QUESTIONNAIRE_MIGRATION_2019'),
	(924, 18, 18, 847, 2, 142, -1, 3, 1, 0, 0, '', '2019-04-17 15:25:20', 'QUESTIONNAIRE_MIGRATION_2019', '2019-04-17 15:25:20', 'QUESTIONNAIRE_MIGRATION_2019'),
	(925, 18, 18, 848, 2, 142, -1, 3, 1, 0, 0, '', '2019-04-17 15:25:20', 'QUESTIONNAIRE_MIGRATION_2019', '2019-04-17 15:25:20', 'QUESTIONNAIRE_MIGRATION_2019'),
	(926, 18, 18, 849, 2, 142, -1, 3, 1, 0, 0, '', '2019-04-17 15:25:20', 'QUESTIONNAIRE_MIGRATION_2019', '2019-04-17 15:25:20', 'QUESTIONNAIRE_MIGRATION_2019'),
	(927, 18, 18, 850, 2, 142, -1, 3, 1, 0, 0, '', '2019-04-17 15:25:20', 'QUESTIONNAIRE_MIGRATION_2019', '2019-04-17 15:25:20', 'QUESTIONNAIRE_MIGRATION_2019'),
	(928, 18, 18, 851, 2, 142, -1, 3, 1, 0, 0, '', '2019-04-17 15:25:20', 'QUESTIONNAIRE_MIGRATION_2019', '2019-04-17 15:25:20', 'QUESTIONNAIRE_MIGRATION_2019'),
	(929, 18, 18, 852, 2, 142, -1, 3, 1, 0, 0, '', '2019-04-17 15:25:20', 'QUESTIONNAIRE_MIGRATION_2019', '2019-04-17 15:25:20', 'QUESTIONNAIRE_MIGRATION_2019'),
	(930, 19, 19, 853, 2, 143, -1, 3, 1, 0, 0, '', '2019-04-17 15:25:20', 'QUESTIONNAIRE_MIGRATION_2019', '2019-04-17 15:25:20', 'QUESTIONNAIRE_MIGRATION_2019'),
	(931, 19, 19, 854, 2, 143, -1, 3, 1, 0, 0, '', '2019-04-17 15:25:20', 'QUESTIONNAIRE_MIGRATION_2019', '2019-04-17 15:25:20', 'QUESTIONNAIRE_MIGRATION_2019'),
	(932, 19, 19, 855, 4, 143, -1, 3, 1, 0, 0, '', '2019-04-17 15:25:20', 'QUESTIONNAIRE_MIGRATION_2019', '2019-04-17 15:25:20', 'QUESTIONNAIRE_MIGRATION_2019'),
	(933, 19, 19, 856, 4, 143, -1, 3, 1, 0, 0, '', '2019-04-17 15:25:20', 'QUESTIONNAIRE_MIGRATION_2019', '2019-04-17 15:25:20', 'QUESTIONNAIRE_MIGRATION_2019'),
	(934, 19, 19, 857, 1, 143, -1, 3, 1, 0, 0, '', '2019-04-17 15:25:20', 'QUESTIONNAIRE_MIGRATION_2019', '2019-04-17 15:25:20', 'QUESTIONNAIRE_MIGRATION_2019'),
	(935, 19, 19, 858, 4, 143, -1, 3, 1, 0, 0, '', '2019-04-17 15:25:20', 'QUESTIONNAIRE_MIGRATION_2019', '2019-04-17 15:25:20', 'QUESTIONNAIRE_MIGRATION_2019'),
	(936, 19, 19, 859, 3, 143, -1, 3, 1, 0, 0, '', '2019-04-17 15:25:20', 'QUESTIONNAIRE_MIGRATION_2019', '2019-04-17 15:25:20', 'QUESTIONNAIRE_MIGRATION_2019'),
	(937, 12, 12, 793, 2, 144, -1, 3, 1, 0, 0, '', '2019-04-17 15:25:20', 'QUESTIONNAIRE_MIGRATION_2019', '2019-04-17 15:25:20', 'QUESTIONNAIRE_MIGRATION_2019'),
	(938, 12, 12, 794, 2, 144, -1, 3, 1, 0, 0, '', '2019-04-17 15:25:20', 'QUESTIONNAIRE_MIGRATION_2019', '2019-04-17 15:25:20', 'QUESTIONNAIRE_MIGRATION_2019'),
	(939, 12, 12, 795, 2, 144, -1, 3, 1, 0, 0, '', '2019-04-17 15:25:20', 'QUESTIONNAIRE_MIGRATION_2019', '2019-04-17 15:25:20', 'QUESTIONNAIRE_MIGRATION_2019'),
	(940, 12, 12, 791, 2, 144, -1, 3, 1, 0, 0, '', '2019-04-17 15:25:20', 'QUESTIONNAIRE_MIGRATION_2019', '2019-04-17 15:25:20', 'QUESTIONNAIRE_MIGRATION_2019'),
	(941, 12, 12, 796, 2, 144, -1, 3, 1, 0, 0, '', '2019-04-17 15:25:20', 'QUESTIONNAIRE_MIGRATION_2019', '2019-04-17 15:25:20', 'QUESTIONNAIRE_MIGRATION_2019'),
	(942, 12, 12, 792, 2, 144, -1, 3, 1, 0, 0, '', '2019-04-17 15:25:20', 'QUESTIONNAIRE_MIGRATION_2019', '2019-04-17 15:25:20', 'QUESTIONNAIRE_MIGRATION_2019'),
	(943, 12, 12, 799, 2, 144, -1, 3, 1, 0, 0, '', '2019-04-17 15:25:20', 'QUESTIONNAIRE_MIGRATION_2019', '2019-04-17 15:25:20', 'QUESTIONNAIRE_MIGRATION_2019'),
	(944, 12, 12, 797, 2, 144, -1, 3, 1, 0, 0, '', '2019-04-17 15:25:20', 'QUESTIONNAIRE_MIGRATION_2019', '2019-04-17 15:25:20', 'QUESTIONNAIRE_MIGRATION_2019'),
	(945, 12, 12, 798, 2, 144, -1, 3, 1, 0, 0, '', '2019-04-17 15:25:20', 'QUESTIONNAIRE_MIGRATION_2019', '2019-04-17 15:25:20', 'QUESTIONNAIRE_MIGRATION_2019'),
	(946, 20, 20, 860, 4, 145, -1, 3, 1, 0, 0, '', '2019-04-17 15:25:20', 'QUESTIONNAIRE_MIGRATION_2019', '2019-04-17 15:25:20', 'QUESTIONNAIRE_MIGRATION_2019'),
	(947, 20, 20, 861, 4, 145, -1, 3, 1, 0, 0, '', '2019-04-17 15:25:20', 'QUESTIONNAIRE_MIGRATION_2019', '2019-04-17 15:25:20', 'QUESTIONNAIRE_MIGRATION_2019'),
	(948, 20, 20, 862, 4, 145, -1, 3, 1, 0, 0, '', '2019-04-17 15:25:20', 'QUESTIONNAIRE_MIGRATION_2019', '2019-04-17 15:25:20', 'QUESTIONNAIRE_MIGRATION_2019'),
	(949, 12, 12, 793, 2, 146, -1, 3, 1, 0, 0, '', '2019-04-17 15:25:20', 'QUESTIONNAIRE_MIGRATION_2019', '2019-04-17 15:25:20', 'QUESTIONNAIRE_MIGRATION_2019'),
	(950, 12, 12, 794, 2, 146, -1, 3, 1, 0, 0, '', '2019-04-17 15:25:20', 'QUESTIONNAIRE_MIGRATION_2019', '2019-04-17 15:25:20', 'QUESTIONNAIRE_MIGRATION_2019'),
	(951, 12, 12, 795, 2, 146, -1, 3, 1, 0, 0, '', '2019-04-17 15:25:20', 'QUESTIONNAIRE_MIGRATION_2019', '2019-04-17 15:25:20', 'QUESTIONNAIRE_MIGRATION_2019'),
	(952, 12, 12, 791, 2, 146, -1, 3, 1, 0, 0, '', '2019-04-17 15:25:20', 'QUESTIONNAIRE_MIGRATION_2019', '2019-04-17 15:25:20', 'QUESTIONNAIRE_MIGRATION_2019'),
	(953, 12, 12, 796, 2, 146, -1, 3, 1, 0, 0, '', '2019-04-17 15:25:20', 'QUESTIONNAIRE_MIGRATION_2019', '2019-04-17 15:25:20', 'QUESTIONNAIRE_MIGRATION_2019'),
	(954, 12, 12, 792, 2, 146, -1, 3, 1, 0, 0, '', '2019-04-17 15:25:20', 'QUESTIONNAIRE_MIGRATION_2019', '2019-04-17 15:25:20', 'QUESTIONNAIRE_MIGRATION_2019'),
	(955, 12, 12, 799, 2, 146, -1, 3, 1, 0, 0, '', '2019-04-17 15:25:20', 'QUESTIONNAIRE_MIGRATION_2019', '2019-04-17 15:25:20', 'QUESTIONNAIRE_MIGRATION_2019'),
	(956, 12, 12, 797, 2, 146, -1, 3, 1, 0, 0, '', '2019-04-17 15:25:20', 'QUESTIONNAIRE_MIGRATION_2019', '2019-04-17 15:25:20', 'QUESTIONNAIRE_MIGRATION_2019'),
	(957, 12, 12, 798, 2, 146, -1, 3, 1, 0, 0, '', '2019-04-17 15:25:20', 'QUESTIONNAIRE_MIGRATION_2019', '2019-04-17 15:25:20', 'QUESTIONNAIRE_MIGRATION_2019'),
	(958, 18, 18, 842, 2, 147, -1, 3, 1, 0, 0, '', '2019-04-17 15:25:20', 'QUESTIONNAIRE_MIGRATION_2019', '2019-04-17 15:25:20', 'QUESTIONNAIRE_MIGRATION_2019'),
	(959, 18, 18, 843, 2, 147, -1, 3, 1, 0, 0, '', '2019-04-17 15:25:20', 'QUESTIONNAIRE_MIGRATION_2019', '2019-04-17 15:25:20', 'QUESTIONNAIRE_MIGRATION_2019'),
	(960, 18, 18, 844, 2, 147, -1, 3, 1, 0, 0, '', '2019-04-17 15:25:20', 'QUESTIONNAIRE_MIGRATION_2019', '2019-04-17 15:25:20', 'QUESTIONNAIRE_MIGRATION_2019'),
	(961, 18, 18, 845, 2, 147, -1, 3, 1, 0, 0, '', '2019-04-17 15:25:20', 'QUESTIONNAIRE_MIGRATION_2019', '2019-04-17 15:25:20', 'QUESTIONNAIRE_MIGRATION_2019'),
	(962, 18, 18, 846, 2, 147, -1, 3, 1, 0, 0, '', '2019-04-17 15:25:20', 'QUESTIONNAIRE_MIGRATION_2019', '2019-04-17 15:25:20', 'QUESTIONNAIRE_MIGRATION_2019'),
	(963, 18, 18, 847, 2, 147, -1, 3, 1, 0, 0, '', '2019-04-17 15:25:20', 'QUESTIONNAIRE_MIGRATION_2019', '2019-04-17 15:25:20', 'QUESTIONNAIRE_MIGRATION_2019'),
	(964, 18, 18, 848, 2, 147, -1, 3, 1, 0, 0, '', '2019-04-17 15:25:20', 'QUESTIONNAIRE_MIGRATION_2019', '2019-04-17 15:25:20', 'QUESTIONNAIRE_MIGRATION_2019'),
	(965, 18, 18, 849, 2, 147, -1, 3, 1, 0, 0, '', '2019-04-17 15:25:20', 'QUESTIONNAIRE_MIGRATION_2019', '2019-04-17 15:25:20', 'QUESTIONNAIRE_MIGRATION_2019'),
	(966, 18, 18, 850, 2, 147, -1, 3, 1, 0, 0, '', '2019-04-17 15:25:20', 'QUESTIONNAIRE_MIGRATION_2019', '2019-04-17 15:25:20', 'QUESTIONNAIRE_MIGRATION_2019'),
	(967, 18, 18, 851, 2, 147, -1, 3, 1, 0, 0, '', '2019-04-17 15:25:20', 'QUESTIONNAIRE_MIGRATION_2019', '2019-04-17 15:25:20', 'QUESTIONNAIRE_MIGRATION_2019'),
	(968, 18, 18, 852, 2, 147, -1, 3, 1, 0, 0, '', '2019-04-17 15:25:20', 'QUESTIONNAIRE_MIGRATION_2019', '2019-04-17 15:25:20', 'QUESTIONNAIRE_MIGRATION_2019'),
	(969, 18, 18, 842, 2, 148, -1, 3, 1, 0, 0, '', '2019-04-17 15:25:20', 'QUESTIONNAIRE_MIGRATION_2019', '2019-04-17 15:25:20', 'QUESTIONNAIRE_MIGRATION_2019'),
	(970, 18, 18, 843, 2, 148, -1, 3, 1, 0, 0, '', '2019-04-17 15:25:20', 'QUESTIONNAIRE_MIGRATION_2019', '2019-04-17 15:25:20', 'QUESTIONNAIRE_MIGRATION_2019'),
	(971, 18, 18, 844, 2, 148, -1, 3, 1, 0, 0, '', '2019-04-17 15:25:20', 'QUESTIONNAIRE_MIGRATION_2019', '2019-04-17 15:25:20', 'QUESTIONNAIRE_MIGRATION_2019'),
	(972, 18, 18, 845, 2, 148, -1, 3, 1, 0, 0, '', '2019-04-17 15:25:20', 'QUESTIONNAIRE_MIGRATION_2019', '2019-04-17 15:25:20', 'QUESTIONNAIRE_MIGRATION_2019'),
	(973, 18, 18, 846, 2, 148, -1, 3, 1, 0, 0, '', '2019-04-17 15:25:20', 'QUESTIONNAIRE_MIGRATION_2019', '2019-04-17 15:25:20', 'QUESTIONNAIRE_MIGRATION_2019'),
	(974, 18, 18, 847, 2, 148, -1, 3, 1, 0, 0, '', '2019-04-17 15:25:20', 'QUESTIONNAIRE_MIGRATION_2019', '2019-04-17 15:25:20', 'QUESTIONNAIRE_MIGRATION_2019'),
	(975, 18, 18, 848, 2, 148, -1, 3, 1, 0, 0, '', '2019-04-17 15:25:20', 'QUESTIONNAIRE_MIGRATION_2019', '2019-04-17 15:25:20', 'QUESTIONNAIRE_MIGRATION_2019'),
	(976, 18, 18, 849, 2, 148, -1, 3, 1, 0, 0, '', '2019-04-17 15:25:20', 'QUESTIONNAIRE_MIGRATION_2019', '2019-04-17 15:25:20', 'QUESTIONNAIRE_MIGRATION_2019'),
	(977, 18, 18, 850, 2, 148, -1, 3, 1, 0, 0, '', '2019-04-17 15:25:20', 'QUESTIONNAIRE_MIGRATION_2019', '2019-04-17 15:25:20', 'QUESTIONNAIRE_MIGRATION_2019'),
	(978, 18, 18, 851, 2, 148, -1, 3, 1, 0, 0, '', '2019-04-17 15:25:20', 'QUESTIONNAIRE_MIGRATION_2019', '2019-04-17 15:25:20', 'QUESTIONNAIRE_MIGRATION_2019'),
	(979, 18, 18, 852, 2, 148, -1, 3, 1, 0, 0, '', '2019-04-17 15:25:20', 'QUESTIONNAIRE_MIGRATION_2019', '2019-04-17 15:25:20', 'QUESTIONNAIRE_MIGRATION_2019'),
	(980, 18, 18, 842, 2, 149, -1, 3, 1, 0, 0, '', '2019-04-17 15:25:20', 'QUESTIONNAIRE_MIGRATION_2019', '2019-04-17 15:25:20', 'QUESTIONNAIRE_MIGRATION_2019'),
	(981, 18, 18, 843, 2, 149, -1, 3, 1, 0, 0, '', '2019-04-17 15:25:20', 'QUESTIONNAIRE_MIGRATION_2019', '2019-04-17 15:25:20', 'QUESTIONNAIRE_MIGRATION_2019'),
	(982, 18, 18, 844, 2, 149, -1, 3, 1, 0, 0, '', '2019-04-17 15:25:20', 'QUESTIONNAIRE_MIGRATION_2019', '2019-04-17 15:25:20', 'QUESTIONNAIRE_MIGRATION_2019'),
	(983, 18, 18, 845, 2, 149, -1, 3, 1, 0, 0, '', '2019-04-17 15:25:20', 'QUESTIONNAIRE_MIGRATION_2019', '2019-04-17 15:25:20', 'QUESTIONNAIRE_MIGRATION_2019'),
	(984, 18, 18, 846, 2, 149, -1, 3, 1, 0, 0, '', '2019-04-17 15:25:20', 'QUESTIONNAIRE_MIGRATION_2019', '2019-04-17 15:25:20', 'QUESTIONNAIRE_MIGRATION_2019'),
	(985, 18, 18, 847, 2, 149, -1, 3, 1, 0, 0, '', '2019-04-17 15:25:20', 'QUESTIONNAIRE_MIGRATION_2019', '2019-04-17 15:25:20', 'QUESTIONNAIRE_MIGRATION_2019'),
	(986, 18, 18, 848, 2, 149, -1, 3, 1, 0, 0, '', '2019-04-17 15:25:20', 'QUESTIONNAIRE_MIGRATION_2019', '2019-04-17 15:25:20', 'QUESTIONNAIRE_MIGRATION_2019'),
	(987, 18, 18, 849, 2, 149, -1, 3, 1, 0, 0, '', '2019-04-17 15:25:20', 'QUESTIONNAIRE_MIGRATION_2019', '2019-04-17 15:25:20', 'QUESTIONNAIRE_MIGRATION_2019'),
	(988, 18, 18, 850, 2, 149, -1, 3, 1, 0, 0, '', '2019-04-17 15:25:20', 'QUESTIONNAIRE_MIGRATION_2019', '2019-04-17 15:25:20', 'QUESTIONNAIRE_MIGRATION_2019'),
	(989, 18, 18, 851, 2, 149, -1, 3, 1, 0, 0, '', '2019-04-17 15:25:20', 'QUESTIONNAIRE_MIGRATION_2019', '2019-04-17 15:25:20', 'QUESTIONNAIRE_MIGRATION_2019'),
	(990, 18, 18, 852, 2, 149, -1, 3, 1, 0, 0, '', '2019-04-17 15:25:20', 'QUESTIONNAIRE_MIGRATION_2019', '2019-04-17 15:25:20', 'QUESTIONNAIRE_MIGRATION_2019'),
	(991, 21, 21, 863, 4, 150, -1, 3, 1, 0, 0, '', '2019-04-17 15:25:20', 'QUESTIONNAIRE_MIGRATION_2019', '2019-04-17 15:25:20', 'QUESTIONNAIRE_MIGRATION_2019'),
	(992, 21, 21, 864, 4, 150, -1, 3, 1, 0, 0, '', '2019-04-17 15:25:20', 'QUESTIONNAIRE_MIGRATION_2019', '2019-04-17 15:25:20', 'QUESTIONNAIRE_MIGRATION_2019'),
	(993, 21, 21, 865, 4, 150, -1, 3, 1, 0, 0, '', '2019-04-17 15:25:20', 'QUESTIONNAIRE_MIGRATION_2019', '2019-04-17 15:25:20', 'QUESTIONNAIRE_MIGRATION_2019'),
	(994, 21, 21, 866, 4, 150, -1, 3, 1, 0, 0, '', '2019-04-17 15:25:20', 'QUESTIONNAIRE_MIGRATION_2019', '2019-04-17 15:25:20', 'QUESTIONNAIRE_MIGRATION_2019'),
	(995, 21, 21, 867, 4, 150, -1, 3, 1, 0, 0, '', '2019-04-17 15:25:20', 'QUESTIONNAIRE_MIGRATION_2019', '2019-04-17 15:25:20', 'QUESTIONNAIRE_MIGRATION_2019'),
	(996, 18, 18, 842, 2, 151, -1, 3, 1, 0, 0, '', '2019-04-17 15:25:20', 'QUESTIONNAIRE_MIGRATION_2019', '2019-04-17 15:25:20', 'QUESTIONNAIRE_MIGRATION_2019'),
	(997, 18, 18, 843, 2, 151, -1, 3, 1, 0, 0, '', '2019-04-17 15:25:20', 'QUESTIONNAIRE_MIGRATION_2019', '2019-04-17 15:25:20', 'QUESTIONNAIRE_MIGRATION_2019'),
	(998, 18, 18, 844, 2, 151, -1, 3, 1, 0, 0, '', '2019-04-17 15:25:20', 'QUESTIONNAIRE_MIGRATION_2019', '2019-04-17 15:25:20', 'QUESTIONNAIRE_MIGRATION_2019'),
	(999, 18, 18, 845, 2, 151, -1, 3, 1, 0, 0, '', '2019-04-17 15:25:20', 'QUESTIONNAIRE_MIGRATION_2019', '2019-04-17 15:25:20', 'QUESTIONNAIRE_MIGRATION_2019'),
	(1000, 18, 18, 846, 2, 151, -1, 3, 1, 0, 0, '', '2019-04-17 15:25:20', 'QUESTIONNAIRE_MIGRATION_2019', '2019-04-17 15:25:20', 'QUESTIONNAIRE_MIGRATION_2019'),
	(1001, 18, 18, 847, 2, 151, -1, 3, 1, 0, 0, '', '2019-04-17 15:25:20', 'QUESTIONNAIRE_MIGRATION_2019', '2019-04-17 15:25:20', 'QUESTIONNAIRE_MIGRATION_2019'),
	(1002, 18, 18, 848, 2, 151, -1, 3, 1, 0, 0, '', '2019-04-17 15:25:20', 'QUESTIONNAIRE_MIGRATION_2019', '2019-04-17 15:25:20', 'QUESTIONNAIRE_MIGRATION_2019'),
	(1003, 18, 18, 849, 2, 151, -1, 3, 1, 0, 0, '', '2019-04-17 15:25:20', 'QUESTIONNAIRE_MIGRATION_2019', '2019-04-17 15:25:20', 'QUESTIONNAIRE_MIGRATION_2019'),
	(1004, 18, 18, 850, 2, 151, -1, 3, 1, 0, 0, '', '2019-04-17 15:25:20', 'QUESTIONNAIRE_MIGRATION_2019', '2019-04-17 15:25:20', 'QUESTIONNAIRE_MIGRATION_2019'),
	(1005, 18, 18, 851, 2, 151, -1, 3, 1, 0, 0, '', '2019-04-17 15:25:20', 'QUESTIONNAIRE_MIGRATION_2019', '2019-04-17 15:25:20', 'QUESTIONNAIRE_MIGRATION_2019'),
	(1006, 18, 18, 852, 2, 151, -1, 3, 1, 0, 0, '', '2019-04-17 15:25:20', 'QUESTIONNAIRE_MIGRATION_2019', '2019-04-17 15:25:20', 'QUESTIONNAIRE_MIGRATION_2019'),
	(1007, 18, 18, 842, 2, 152, -1, 3, 1, 0, 0, '', '2019-04-17 15:25:20', 'QUESTIONNAIRE_MIGRATION_2019', '2019-04-17 15:25:20', 'QUESTIONNAIRE_MIGRATION_2019'),
	(1008, 18, 18, 843, 2, 152, -1, 3, 1, 0, 0, '', '2019-04-17 15:25:20', 'QUESTIONNAIRE_MIGRATION_2019', '2019-04-17 15:25:20', 'QUESTIONNAIRE_MIGRATION_2019'),
	(1009, 18, 18, 844, 2, 152, -1, 3, 1, 0, 0, '', '2019-04-17 15:25:20', 'QUESTIONNAIRE_MIGRATION_2019', '2019-04-17 15:25:20', 'QUESTIONNAIRE_MIGRATION_2019'),
	(1010, 18, 18, 845, 2, 152, -1, 3, 1, 0, 0, '', '2019-04-17 15:25:20', 'QUESTIONNAIRE_MIGRATION_2019', '2019-04-17 15:25:20', 'QUESTIONNAIRE_MIGRATION_2019'),
	(1011, 18, 18, 846, 2, 152, -1, 3, 1, 0, 0, '', '2019-04-17 15:25:20', 'QUESTIONNAIRE_MIGRATION_2019', '2019-04-17 15:25:20', 'QUESTIONNAIRE_MIGRATION_2019'),
	(1012, 18, 18, 847, 2, 152, -1, 3, 1, 0, 0, '', '2019-04-17 15:25:20', 'QUESTIONNAIRE_MIGRATION_2019', '2019-04-17 15:25:20', 'QUESTIONNAIRE_MIGRATION_2019'),
	(1013, 18, 18, 848, 2, 152, -1, 3, 1, 0, 0, '', '2019-04-17 15:25:20', 'QUESTIONNAIRE_MIGRATION_2019', '2019-04-17 15:25:20', 'QUESTIONNAIRE_MIGRATION_2019'),
	(1014, 18, 18, 849, 2, 152, -1, 3, 1, 0, 0, '', '2019-04-17 15:25:20', 'QUESTIONNAIRE_MIGRATION_2019', '2019-04-17 15:25:20', 'QUESTIONNAIRE_MIGRATION_2019'),
	(1015, 18, 18, 850, 2, 152, -1, 3, 1, 0, 0, '', '2019-04-17 15:25:20', 'QUESTIONNAIRE_MIGRATION_2019', '2019-04-17 15:25:20', 'QUESTIONNAIRE_MIGRATION_2019'),
	(1016, 18, 18, 851, 2, 152, -1, 3, 1, 0, 0, '', '2019-04-17 15:25:20', 'QUESTIONNAIRE_MIGRATION_2019', '2019-04-17 15:25:20', 'QUESTIONNAIRE_MIGRATION_2019'),
	(1017, 18, 18, 852, 2, 152, -1, 3, 1, 0, 0, '', '2019-04-17 15:25:20', 'QUESTIONNAIRE_MIGRATION_2019', '2019-04-17 15:25:20', 'QUESTIONNAIRE_MIGRATION_2019'),
	(1018, 12, 12, 793, 2, 153, -1, 3, 1, 0, 0, '', '2019-04-17 15:25:20', 'QUESTIONNAIRE_MIGRATION_2019', '2019-04-17 15:25:20', 'QUESTIONNAIRE_MIGRATION_2019'),
	(1019, 12, 12, 794, 2, 153, -1, 3, 1, 0, 0, '', '2019-04-17 15:25:20', 'QUESTIONNAIRE_MIGRATION_2019', '2019-04-17 15:25:20', 'QUESTIONNAIRE_MIGRATION_2019'),
	(1020, 12, 12, 795, 2, 153, -1, 3, 1, 0, 0, '', '2019-04-17 15:25:20', 'QUESTIONNAIRE_MIGRATION_2019', '2019-04-17 15:25:20', 'QUESTIONNAIRE_MIGRATION_2019'),
	(1021, 12, 12, 791, 2, 153, -1, 3, 1, 0, 0, '', '2019-04-17 15:25:20', 'QUESTIONNAIRE_MIGRATION_2019', '2019-04-17 15:25:20', 'QUESTIONNAIRE_MIGRATION_2019'),
	(1022, 12, 12, 796, 2, 153, -1, 3, 1, 0, 0, '', '2019-04-17 15:25:20', 'QUESTIONNAIRE_MIGRATION_2019', '2019-04-17 15:25:20', 'QUESTIONNAIRE_MIGRATION_2019'),
	(1023, 12, 12, 792, 2, 153, -1, 3, 1, 0, 0, '', '2019-04-17 15:25:20', 'QUESTIONNAIRE_MIGRATION_2019', '2019-04-17 15:25:20', 'QUESTIONNAIRE_MIGRATION_2019'),
	(1024, 12, 12, 799, 2, 153, -1, 3, 1, 0, 0, '', '2019-04-17 15:25:20', 'QUESTIONNAIRE_MIGRATION_2019', '2019-04-17 15:25:20', 'QUESTIONNAIRE_MIGRATION_2019'),
	(1025, 12, 12, 797, 2, 153, -1, 3, 1, 0, 0, '', '2019-04-17 15:25:20', 'QUESTIONNAIRE_MIGRATION_2019', '2019-04-17 15:25:20', 'QUESTIONNAIRE_MIGRATION_2019'),
	(1026, 12, 12, 798, 2, 153, -1, 3, 1, 0, 0, '', '2019-04-17 15:25:20', 'QUESTIONNAIRE_MIGRATION_2019', '2019-04-17 15:25:20', 'QUESTIONNAIRE_MIGRATION_2019'),
	(1027, 25, 25, 869, 4, 154, -1, 3, 1, 0, 0, '', '2019-04-17 15:25:20', 'QUESTIONNAIRE_MIGRATION_2019', '2019-04-17 15:25:20', 'QUESTIONNAIRE_MIGRATION_2019'),
	(1028, 25, 25, 870, 3, 154, -1, 3, 1, 0, 0, '', '2019-04-17 15:25:20', 'QUESTIONNAIRE_MIGRATION_2019', '2019-04-17 15:25:20', 'QUESTIONNAIRE_MIGRATION_2019'),
	(1029, 25, 25, 871, 1, 154, -1, 3, 1, 0, 0, '', '2019-04-17 15:25:20', 'QUESTIONNAIRE_MIGRATION_2019', '2019-04-17 15:25:20', 'QUESTIONNAIRE_MIGRATION_2019'),
	(1030, 25, 25, 872, 3, 154, -1, 3, 1, 0, 0, '', '2019-04-17 15:25:20', 'QUESTIONNAIRE_MIGRATION_2019', '2019-04-17 15:25:20', 'QUESTIONNAIRE_MIGRATION_2019'),
	(1031, 25, 25, 873, 3, 154, -1, 3, 1, 0, 0, '', '2019-04-17 15:25:20', 'QUESTIONNAIRE_MIGRATION_2019', '2019-04-17 15:25:20', 'QUESTIONNAIRE_MIGRATION_2019'),
	(1032, 25, 25, 874, 4, 154, -1, 3, 1, 0, 0, '', '2019-04-17 15:25:20', 'QUESTIONNAIRE_MIGRATION_2019', '2019-04-17 15:25:20', 'QUESTIONNAIRE_MIGRATION_2019'),
	(1033, 25, 25, 875, 3, 154, -1, 3, 1, 0, 0, '', '2019-04-17 15:25:20', 'QUESTIONNAIRE_MIGRATION_2019', '2019-04-17 15:25:20', 'QUESTIONNAIRE_MIGRATION_2019'),
	(1034, 25, 25, 876, 4, 154, -1, 3, 1, 0, 0, '', '2019-04-17 15:25:20', 'QUESTIONNAIRE_MIGRATION_2019', '2019-04-17 15:25:20', 'QUESTIONNAIRE_MIGRATION_2019'),
	(1035, 25, 25, 877, 4, 154, -1, 3, 1, 0, 0, '', '2019-04-17 15:25:21', 'QUESTIONNAIRE_MIGRATION_2019', '2019-04-17 15:25:21', 'QUESTIONNAIRE_MIGRATION_2019'),
	(1036, 25, 25, 878, 3, 154, -1, 3, 1, 0, 0, '', '2019-04-17 15:25:21', 'QUESTIONNAIRE_MIGRATION_2019', '2019-04-17 15:25:21', 'QUESTIONNAIRE_MIGRATION_2019'),
	(1037, 25, 25, 879, 4, 154, -1, 3, 1, 0, 0, '', '2019-04-17 15:25:21', 'QUESTIONNAIRE_MIGRATION_2019', '2019-04-17 15:25:21', 'QUESTIONNAIRE_MIGRATION_2019'),
	(1038, 25, 25, 880, 4, 154, -1, 3, 1, 0, 0, '', '2019-04-17 15:25:21', 'QUESTIONNAIRE_MIGRATION_2019', '2019-04-17 15:25:21', 'QUESTIONNAIRE_MIGRATION_2019'),
	(1039, 25, 25, 881, 3, 154, -1, 3, 1, 0, 0, '', '2019-04-17 15:25:21', 'QUESTIONNAIRE_MIGRATION_2019', '2019-04-17 15:25:21', 'QUESTIONNAIRE_MIGRATION_2019'),
	(1040, 25, 25, 882, 3, 154, -1, 3, 1, 0, 0, '', '2019-04-17 15:25:21', 'QUESTIONNAIRE_MIGRATION_2019', '2019-04-17 15:25:21', 'QUESTIONNAIRE_MIGRATION_2019'),
	(1041, 25, 25, 883, 4, 154, -1, 3, 1, 0, 0, '', '2019-04-17 15:25:21', 'QUESTIONNAIRE_MIGRATION_2019', '2019-04-17 15:25:21', 'QUESTIONNAIRE_MIGRATION_2019'),
	(1042, 25, 25, 884, 3, 154, -1, 3, 1, 0, 0, '', '2019-04-17 15:25:21', 'QUESTIONNAIRE_MIGRATION_2019', '2019-04-17 15:25:21', 'QUESTIONNAIRE_MIGRATION_2019'),
	(1043, 19, 19, 853, 2, 155, -1, 3, 1, 0, 0, '', '2019-04-17 15:25:21', 'QUESTIONNAIRE_MIGRATION_2019', '2019-04-17 15:25:21', 'QUESTIONNAIRE_MIGRATION_2019'),
	(1044, 19, 19, 854, 2, 155, -1, 3, 1, 0, 0, '', '2019-04-17 15:25:21', 'QUESTIONNAIRE_MIGRATION_2019', '2019-04-17 15:25:21', 'QUESTIONNAIRE_MIGRATION_2019'),
	(1045, 19, 19, 855, 4, 155, -1, 3, 1, 0, 0, '', '2019-04-17 15:25:21', 'QUESTIONNAIRE_MIGRATION_2019', '2019-04-17 15:25:21', 'QUESTIONNAIRE_MIGRATION_2019'),
	(1046, 19, 19, 856, 4, 155, -1, 3, 1, 0, 0, '', '2019-04-17 15:25:21', 'QUESTIONNAIRE_MIGRATION_2019', '2019-04-17 15:25:21', 'QUESTIONNAIRE_MIGRATION_2019'),
	(1047, 19, 19, 857, 1, 155, -1, 3, 1, 0, 0, '', '2019-04-17 15:25:21', 'QUESTIONNAIRE_MIGRATION_2019', '2019-04-17 15:25:21', 'QUESTIONNAIRE_MIGRATION_2019'),
	(1048, 19, 19, 858, 4, 155, -1, 3, 1, 0, 0, '', '2019-04-17 15:25:21', 'QUESTIONNAIRE_MIGRATION_2019', '2019-04-17 15:25:21', 'QUESTIONNAIRE_MIGRATION_2019'),
	(1049, 19, 19, 859, 3, 155, -1, 3, 1, 0, 0, '', '2019-04-17 15:25:21', 'QUESTIONNAIRE_MIGRATION_2019', '2019-04-17 15:25:21', 'QUESTIONNAIRE_MIGRATION_2019'),
	(1050, 25, 25, 869, 4, 156, -1, 3, 1, 0, 0, '', '2019-04-17 15:25:21', 'QUESTIONNAIRE_MIGRATION_2019', '2019-04-17 15:25:21', 'QUESTIONNAIRE_MIGRATION_2019'),
	(1051, 25, 25, 870, 3, 156, -1, 3, 1, 0, 0, '', '2019-04-17 15:25:21', 'QUESTIONNAIRE_MIGRATION_2019', '2019-04-17 15:25:21', 'QUESTIONNAIRE_MIGRATION_2019'),
	(1052, 25, 25, 871, 1, 156, -1, 3, 1, 0, 0, '', '2019-04-17 15:25:21', 'QUESTIONNAIRE_MIGRATION_2019', '2019-04-17 15:25:21', 'QUESTIONNAIRE_MIGRATION_2019'),
	(1053, 25, 25, 872, 3, 156, -1, 3, 1, 0, 0, '', '2019-04-17 15:25:21', 'QUESTIONNAIRE_MIGRATION_2019', '2019-04-17 15:25:21', 'QUESTIONNAIRE_MIGRATION_2019'),
	(1054, 25, 25, 873, 3, 156, -1, 3, 1, 0, 0, '', '2019-04-17 15:25:21', 'QUESTIONNAIRE_MIGRATION_2019', '2019-04-17 15:25:21', 'QUESTIONNAIRE_MIGRATION_2019'),
	(1055, 25, 25, 874, 4, 156, -1, 3, 1, 0, 0, '', '2019-04-17 15:25:21', 'QUESTIONNAIRE_MIGRATION_2019', '2019-04-17 15:25:21', 'QUESTIONNAIRE_MIGRATION_2019'),
	(1056, 25, 25, 875, 3, 156, -1, 3, 1, 0, 0, '', '2019-04-17 15:25:21', 'QUESTIONNAIRE_MIGRATION_2019', '2019-04-17 15:25:21', 'QUESTIONNAIRE_MIGRATION_2019'),
	(1057, 25, 25, 876, 4, 156, -1, 3, 1, 0, 0, '', '2019-04-17 15:25:21', 'QUESTIONNAIRE_MIGRATION_2019', '2019-04-17 15:25:21', 'QUESTIONNAIRE_MIGRATION_2019'),
	(1058, 25, 25, 877, 4, 156, -1, 3, 1, 0, 0, '', '2019-04-17 15:25:21', 'QUESTIONNAIRE_MIGRATION_2019', '2019-04-17 15:25:21', 'QUESTIONNAIRE_MIGRATION_2019'),
	(1059, 25, 25, 878, 3, 156, -1, 3, 1, 0, 0, '', '2019-04-17 15:25:21', 'QUESTIONNAIRE_MIGRATION_2019', '2019-04-17 15:25:21', 'QUESTIONNAIRE_MIGRATION_2019'),
	(1060, 25, 25, 879, 4, 156, -1, 3, 1, 0, 0, '', '2019-04-17 15:25:21', 'QUESTIONNAIRE_MIGRATION_2019', '2019-04-17 15:25:21', 'QUESTIONNAIRE_MIGRATION_2019'),
	(1061, 25, 25, 880, 4, 156, -1, 3, 1, 0, 0, '', '2019-04-17 15:25:21', 'QUESTIONNAIRE_MIGRATION_2019', '2019-04-17 15:25:21', 'QUESTIONNAIRE_MIGRATION_2019'),
	(1062, 25, 25, 881, 3, 156, -1, 3, 1, 0, 0, '', '2019-04-17 15:25:21', 'QUESTIONNAIRE_MIGRATION_2019', '2019-04-17 15:25:21', 'QUESTIONNAIRE_MIGRATION_2019'),
	(1063, 25, 25, 882, 3, 156, -1, 3, 1, 0, 0, '', '2019-04-17 15:25:21', 'QUESTIONNAIRE_MIGRATION_2019', '2019-04-17 15:25:21', 'QUESTIONNAIRE_MIGRATION_2019'),
	(1064, 25, 25, 883, 4, 156, -1, 3, 1, 0, 0, '', '2019-04-17 15:25:21', 'QUESTIONNAIRE_MIGRATION_2019', '2019-04-17 15:25:21', 'QUESTIONNAIRE_MIGRATION_2019'),
	(1065, 25, 25, 884, 3, 156, -1, 3, 1, 0, 0, '', '2019-04-17 15:25:21', 'QUESTIONNAIRE_MIGRATION_2019', '2019-04-17 15:25:21', 'QUESTIONNAIRE_MIGRATION_2019'),
	(1066, 12, 12, 793, 2, 157, -1, 3, 1, 0, 0, '', '2019-04-17 15:25:21', 'QUESTIONNAIRE_MIGRATION_2019', '2019-04-17 15:25:21', 'QUESTIONNAIRE_MIGRATION_2019'),
	(1067, 12, 12, 794, 2, 157, -1, 3, 1, 0, 0, '', '2019-04-17 15:25:21', 'QUESTIONNAIRE_MIGRATION_2019', '2019-04-17 15:25:21', 'QUESTIONNAIRE_MIGRATION_2019'),
	(1068, 12, 12, 795, 2, 157, -1, 3, 1, 0, 0, '', '2019-04-17 15:25:21', 'QUESTIONNAIRE_MIGRATION_2019', '2019-04-17 15:25:21', 'QUESTIONNAIRE_MIGRATION_2019'),
	(1069, 12, 12, 791, 2, 157, -1, 3, 1, 0, 0, '', '2019-04-17 15:25:21', 'QUESTIONNAIRE_MIGRATION_2019', '2019-04-17 15:25:21', 'QUESTIONNAIRE_MIGRATION_2019'),
	(1070, 12, 12, 796, 2, 157, -1, 3, 1, 0, 0, '', '2019-04-17 15:25:21', 'QUESTIONNAIRE_MIGRATION_2019', '2019-04-17 15:25:21', 'QUESTIONNAIRE_MIGRATION_2019'),
	(1071, 12, 12, 792, 2, 157, -1, 3, 1, 0, 0, '', '2019-04-17 15:25:21', 'QUESTIONNAIRE_MIGRATION_2019', '2019-04-17 15:25:21', 'QUESTIONNAIRE_MIGRATION_2019'),
	(1072, 12, 12, 799, 2, 157, -1, 3, 1, 0, 0, '', '2019-04-17 15:25:21', 'QUESTIONNAIRE_MIGRATION_2019', '2019-04-17 15:25:21', 'QUESTIONNAIRE_MIGRATION_2019'),
	(1073, 12, 12, 797, 2, 157, -1, 3, 1, 0, 0, '', '2019-04-17 15:25:21', 'QUESTIONNAIRE_MIGRATION_2019', '2019-04-17 15:25:21', 'QUESTIONNAIRE_MIGRATION_2019'),
	(1074, 12, 12, 798, 2, 157, -1, 3, 1, 0, 0, '', '2019-04-17 15:25:21', 'QUESTIONNAIRE_MIGRATION_2019', '2019-04-17 15:25:21', 'QUESTIONNAIRE_MIGRATION_2019'),
	(1075, 11, 11, 823, 2, 158, -1, 3, 1, 0, 0, '', '2019-04-17 15:25:21', 'QUESTIONNAIRE_MIGRATION_2019', '2019-04-17 15:25:21', 'QUESTIONNAIRE_MIGRATION_2019'),
	(1076, 11, 11, 824, 2, 158, -1, 3, 1, 0, 0, '', '2019-04-17 15:25:21', 'QUESTIONNAIRE_MIGRATION_2019', '2019-04-17 15:25:21', 'QUESTIONNAIRE_MIGRATION_2019'),
	(1077, 11, 11, 811, 1, 158, -1, 3, 1, 0, 0, '', '2019-04-17 15:25:21', 'QUESTIONNAIRE_MIGRATION_2019', '2019-04-17 15:25:21', 'QUESTIONNAIRE_MIGRATION_2019'),
	(1078, 25, 25, 869, 4, 159, -1, 3, 1, 0, 0, '', '2019-04-17 15:25:21', 'QUESTIONNAIRE_MIGRATION_2019', '2019-04-17 15:25:21', 'QUESTIONNAIRE_MIGRATION_2019'),
	(1079, 25, 25, 871, 1, 159, -1, 3, 1, 0, 0, '', '2019-04-17 15:25:21', 'QUESTIONNAIRE_MIGRATION_2019', '2019-04-17 15:25:21', 'QUESTIONNAIRE_MIGRATION_2019'),
	(1080, 25, 25, 874, 4, 159, -1, 3, 1, 0, 0, '', '2019-04-17 15:25:21', 'QUESTIONNAIRE_MIGRATION_2019', '2019-04-17 15:25:21', 'QUESTIONNAIRE_MIGRATION_2019'),
	(1081, 25, 25, 876, 4, 159, -1, 3, 1, 0, 0, '', '2019-04-17 15:25:21', 'QUESTIONNAIRE_MIGRATION_2019', '2019-04-17 15:25:21', 'QUESTIONNAIRE_MIGRATION_2019'),
	(1082, 25, 25, 877, 4, 159, -1, 3, 1, 0, 0, '', '2019-04-17 15:25:21', 'QUESTIONNAIRE_MIGRATION_2019', '2019-04-17 15:25:21', 'QUESTIONNAIRE_MIGRATION_2019'),
	(1083, 25, 25, 879, 4, 159, -1, 3, 1, 0, 0, '', '2019-04-17 15:25:21', 'QUESTIONNAIRE_MIGRATION_2019', '2019-04-17 15:25:21', 'QUESTIONNAIRE_MIGRATION_2019'),
	(1084, 25, 25, 880, 4, 159, -1, 3, 1, 0, 0, '', '2019-04-17 15:25:21', 'QUESTIONNAIRE_MIGRATION_2019', '2019-04-17 15:25:21', 'QUESTIONNAIRE_MIGRATION_2019'),
	(1085, 25, 25, 883, 4, 159, -1, 3, 1, 0, 0, '', '2019-04-17 15:25:21', 'QUESTIONNAIRE_MIGRATION_2019', '2019-04-17 15:25:21', 'QUESTIONNAIRE_MIGRATION_2019'),
	(1086, 11, 11, 823, 2, 160, -1, 3, 1, 0, 0, '', '2019-04-17 15:25:21', 'QUESTIONNAIRE_MIGRATION_2019', '2019-04-17 15:25:21', 'QUESTIONNAIRE_MIGRATION_2019'),
	(1087, 11, 11, 824, 2, 160, -1, 3, 1, 0, 0, '', '2019-04-17 15:25:21', 'QUESTIONNAIRE_MIGRATION_2019', '2019-04-17 15:25:21', 'QUESTIONNAIRE_MIGRATION_2019'),
	(1088, 11, 11, 811, 1, 160, -1, 3, 1, 0, 0, '', '2019-04-17 15:25:21', 'QUESTIONNAIRE_MIGRATION_2019', '2019-04-17 15:25:21', 'QUESTIONNAIRE_MIGRATION_2019'),
	(1089, 11, 11, 830, 3, 160, -1, 3, 1, 0, 0, '', '2019-04-17 15:25:21', 'QUESTIONNAIRE_MIGRATION_2019', '2019-04-17 15:25:21', 'QUESTIONNAIRE_MIGRATION_2019'),
	(1090, 11, 11, 832, 3, 160, -1, 3, 1, 0, 0, '', '2019-04-17 15:25:21', 'QUESTIONNAIRE_MIGRATION_2019', '2019-04-17 15:25:21', 'QUESTIONNAIRE_MIGRATION_2019'),
	(1091, 12, 12, 793, 2, 161, -1, 3, 1, 0, 0, '', '2019-04-17 15:25:21', 'QUESTIONNAIRE_MIGRATION_2019', '2019-04-17 15:25:21', 'QUESTIONNAIRE_MIGRATION_2019'),
	(1092, 12, 12, 794, 2, 161, -1, 3, 1, 0, 0, '', '2019-04-17 15:25:21', 'QUESTIONNAIRE_MIGRATION_2019', '2019-04-17 15:25:21', 'QUESTIONNAIRE_MIGRATION_2019'),
	(1093, 12, 12, 795, 2, 161, -1, 3, 1, 0, 0, '', '2019-04-17 15:25:21', 'QUESTIONNAIRE_MIGRATION_2019', '2019-04-17 15:25:21', 'QUESTIONNAIRE_MIGRATION_2019'),
	(1094, 12, 12, 791, 2, 161, -1, 3, 1, 0, 0, '', '2019-04-17 15:25:21', 'QUESTIONNAIRE_MIGRATION_2019', '2019-04-17 15:25:21', 'QUESTIONNAIRE_MIGRATION_2019'),
	(1095, 12, 12, 796, 2, 161, -1, 3, 1, 0, 0, '', '2019-04-17 15:25:21', 'QUESTIONNAIRE_MIGRATION_2019', '2019-04-17 15:25:21', 'QUESTIONNAIRE_MIGRATION_2019'),
	(1096, 12, 12, 792, 2, 161, -1, 3, 1, 0, 0, '', '2019-04-17 15:25:21', 'QUESTIONNAIRE_MIGRATION_2019', '2019-04-17 15:25:21', 'QUESTIONNAIRE_MIGRATION_2019'),
	(1097, 12, 12, 799, 2, 161, -1, 3, 1, 0, 0, '', '2019-04-17 15:25:21', 'QUESTIONNAIRE_MIGRATION_2019', '2019-04-17 15:25:21', 'QUESTIONNAIRE_MIGRATION_2019'),
	(1098, 12, 12, 797, 2, 161, -1, 3, 1, 0, 0, '', '2019-04-17 15:25:21', 'QUESTIONNAIRE_MIGRATION_2019', '2019-04-17 15:25:21', 'QUESTIONNAIRE_MIGRATION_2019'),
	(1099, 12, 12, 798, 2, 161, -1, 3, 1, 0, 0, '', '2019-04-17 15:25:21', 'QUESTIONNAIRE_MIGRATION_2019', '2019-04-17 15:25:21', 'QUESTIONNAIRE_MIGRATION_2019'),
	(1100, 12, 12, 793, 2, 162, -1, 3, 1, 0, 0, '', '2019-04-17 15:25:21', 'QUESTIONNAIRE_MIGRATION_2019', '2019-04-17 15:25:21', 'QUESTIONNAIRE_MIGRATION_2019'),
	(1101, 12, 12, 794, 2, 162, -1, 3, 1, 0, 0, '', '2019-04-17 15:25:21', 'QUESTIONNAIRE_MIGRATION_2019', '2019-04-17 15:25:21', 'QUESTIONNAIRE_MIGRATION_2019'),
	(1102, 12, 12, 795, 2, 162, -1, 3, 1, 0, 0, '', '2019-04-17 15:25:21', 'QUESTIONNAIRE_MIGRATION_2019', '2019-04-17 15:25:21', 'QUESTIONNAIRE_MIGRATION_2019'),
	(1103, 12, 12, 791, 2, 162, -1, 3, 1, 0, 0, '', '2019-04-17 15:25:21', 'QUESTIONNAIRE_MIGRATION_2019', '2019-04-17 15:25:21', 'QUESTIONNAIRE_MIGRATION_2019'),
	(1104, 12, 12, 796, 2, 162, -1, 3, 1, 0, 0, '', '2019-04-17 15:25:21', 'QUESTIONNAIRE_MIGRATION_2019', '2019-04-17 15:25:21', 'QUESTIONNAIRE_MIGRATION_2019'),
	(1105, 12, 12, 792, 2, 162, -1, 3, 1, 0, 0, '', '2019-04-17 15:25:21', 'QUESTIONNAIRE_MIGRATION_2019', '2019-04-17 15:25:21', 'QUESTIONNAIRE_MIGRATION_2019'),
	(1106, 12, 12, 799, 2, 162, -1, 3, 1, 0, 0, '', '2019-04-17 15:25:21', 'QUESTIONNAIRE_MIGRATION_2019', '2019-04-17 15:25:21', 'QUESTIONNAIRE_MIGRATION_2019'),
	(1107, 12, 12, 797, 2, 162, -1, 3, 1, 0, 0, '', '2019-04-17 15:25:21', 'QUESTIONNAIRE_MIGRATION_2019', '2019-04-17 15:25:21', 'QUESTIONNAIRE_MIGRATION_2019'),
	(1108, 12, 12, 798, 2, 162, -1, 3, 1, 0, 0, '', '2019-04-17 15:25:21', 'QUESTIONNAIRE_MIGRATION_2019', '2019-04-17 15:25:21', 'QUESTIONNAIRE_MIGRATION_2019'),
	(1109, 11, 11, 823, 2, 163, -1, 9, 1, 0, 0, '', '2019-04-17 15:25:21', 'QUESTIONNAIRE_MIGRATION_2019', '2019-04-17 15:25:21', 'QUESTIONNAIRE_MIGRATION_2019'),
	(1110, 11, 11, 824, 2, 163, -1, 9, 1, 0, 0, '', '2019-04-17 15:25:21', 'QUESTIONNAIRE_MIGRATION_2019', '2019-04-17 15:25:21', 'QUESTIONNAIRE_MIGRATION_2019'),
	(1111, 11, 11, 811, 1, 163, -1, 9, 1, 0, 0, '', '2019-04-17 15:25:21', 'QUESTIONNAIRE_MIGRATION_2019', '2019-04-17 15:25:21', 'QUESTIONNAIRE_MIGRATION_2019'),
	(1112, 11, 11, 830, 3, 163, -1, 9, 1, 0, 0, '', '2019-04-17 15:25:21', 'QUESTIONNAIRE_MIGRATION_2019', '2019-04-17 15:25:21', 'QUESTIONNAIRE_MIGRATION_2019'),
	(1113, 11, 11, 832, 3, 163, -1, 9, 1, 0, 0, '', '2019-04-17 15:25:21', 'QUESTIONNAIRE_MIGRATION_2019', '2019-04-17 15:25:21', 'QUESTIONNAIRE_MIGRATION_2019'),
	(1114, 11, 11, 823, 2, 164, -1, 9, 1, 0, 0, '', '2019-04-17 15:25:21', 'QUESTIONNAIRE_MIGRATION_2019', '2019-04-17 15:25:21', 'QUESTIONNAIRE_MIGRATION_2019'),
	(1115, 11, 11, 824, 2, 164, -1, 9, 1, 0, 0, '', '2019-04-17 15:25:21', 'QUESTIONNAIRE_MIGRATION_2019', '2019-04-17 15:25:21', 'QUESTIONNAIRE_MIGRATION_2019'),
	(1116, 11, 11, 811, 1, 164, -1, 9, 1, 0, 0, '', '2019-04-17 15:25:21', 'QUESTIONNAIRE_MIGRATION_2019', '2019-04-17 15:25:21', 'QUESTIONNAIRE_MIGRATION_2019'),
	(1117, 11, 11, 830, 3, 164, -1, 9, 1, 0, 0, '', '2019-04-17 15:25:21', 'QUESTIONNAIRE_MIGRATION_2019', '2019-04-17 15:25:21', 'QUESTIONNAIRE_MIGRATION_2019'),
	(1118, 11, 11, 832, 3, 164, -1, 9, 1, 0, 0, '', '2019-04-17 15:25:21', 'QUESTIONNAIRE_MIGRATION_2019', '2019-04-17 15:25:21', 'QUESTIONNAIRE_MIGRATION_2019'),
	(1119, 11, 11, 823, 2, 165, -1, 9, 1, 0, 0, '', '2019-04-17 15:25:21', 'QUESTIONNAIRE_MIGRATION_2019', '2019-04-17 15:25:21', 'QUESTIONNAIRE_MIGRATION_2019'),
	(1120, 11, 11, 824, 2, 165, -1, 9, 1, 0, 0, '', '2019-04-17 15:25:21', 'QUESTIONNAIRE_MIGRATION_2019', '2019-04-17 15:25:21', 'QUESTIONNAIRE_MIGRATION_2019'),
	(1121, 11, 11, 811, 1, 165, -1, 9, 1, 0, 0, '', '2019-04-17 15:25:21', 'QUESTIONNAIRE_MIGRATION_2019', '2019-04-17 15:25:21', 'QUESTIONNAIRE_MIGRATION_2019'),
	(1122, 11, 11, 830, 3, 165, -1, 9, 1, 0, 0, '', '2019-04-17 15:25:21', 'QUESTIONNAIRE_MIGRATION_2019', '2019-04-17 15:25:21', 'QUESTIONNAIRE_MIGRATION_2019'),
	(1123, 11, 11, 832, 3, 165, -1, 9, 1, 0, 0, '', '2019-04-17 15:25:21', 'QUESTIONNAIRE_MIGRATION_2019', '2019-04-17 15:25:21', 'QUESTIONNAIRE_MIGRATION_2019'),
	(1124, 11, 11, 823, 2, 166, -1, 9, 1, 0, 0, '', '2019-04-17 15:25:21', 'QUESTIONNAIRE_MIGRATION_2019', '2019-04-17 15:25:21', 'QUESTIONNAIRE_MIGRATION_2019'),
	(1125, 11, 11, 824, 2, 166, -1, 9, 1, 0, 0, '', '2019-04-17 15:25:21', 'QUESTIONNAIRE_MIGRATION_2019', '2019-04-17 15:25:21', 'QUESTIONNAIRE_MIGRATION_2019'),
	(1126, 11, 11, 811, 1, 166, -1, 9, 1, 0, 0, '', '2019-04-17 15:25:21', 'QUESTIONNAIRE_MIGRATION_2019', '2019-04-17 15:25:21', 'QUESTIONNAIRE_MIGRATION_2019'),
	(1127, 11, 11, 830, 3, 166, -1, 9, 1, 0, 0, '', '2019-04-17 15:25:21', 'QUESTIONNAIRE_MIGRATION_2019', '2019-04-17 15:25:21', 'QUESTIONNAIRE_MIGRATION_2019'),
	(1128, 11, 11, 832, 3, 166, -1, 9, 1, 0, 0, '', '2019-04-17 15:25:21', 'QUESTIONNAIRE_MIGRATION_2019', '2019-04-17 15:25:21', 'QUESTIONNAIRE_MIGRATION_2019'),
	(1129, 18, 18, 842, 2, 167, -1, 9, 1, 0, 0, '', '2019-04-17 15:25:21', 'QUESTIONNAIRE_MIGRATION_2019', '2019-04-17 15:25:21', 'QUESTIONNAIRE_MIGRATION_2019'),
	(1130, 18, 18, 843, 2, 167, -1, 9, 1, 0, 0, '', '2019-04-17 15:25:21', 'QUESTIONNAIRE_MIGRATION_2019', '2019-04-17 15:25:21', 'QUESTIONNAIRE_MIGRATION_2019'),
	(1131, 18, 18, 844, 2, 167, -1, 9, 1, 0, 0, '', '2019-04-17 15:25:21', 'QUESTIONNAIRE_MIGRATION_2019', '2019-04-17 15:25:21', 'QUESTIONNAIRE_MIGRATION_2019'),
	(1132, 18, 18, 845, 2, 167, -1, 9, 1, 0, 0, '', '2019-04-17 15:25:21', 'QUESTIONNAIRE_MIGRATION_2019', '2019-04-17 15:25:21', 'QUESTIONNAIRE_MIGRATION_2019'),
	(1133, 18, 18, 846, 2, 167, -1, 9, 1, 0, 0, '', '2019-04-17 15:25:21', 'QUESTIONNAIRE_MIGRATION_2019', '2019-04-17 15:25:21', 'QUESTIONNAIRE_MIGRATION_2019'),
	(1134, 18, 18, 847, 2, 167, -1, 9, 1, 0, 0, '', '2019-04-17 15:25:21', 'QUESTIONNAIRE_MIGRATION_2019', '2019-04-17 15:25:21', 'QUESTIONNAIRE_MIGRATION_2019'),
	(1135, 18, 18, 848, 2, 167, -1, 9, 1, 0, 0, '', '2019-04-17 15:25:21', 'QUESTIONNAIRE_MIGRATION_2019', '2019-04-17 15:25:21', 'QUESTIONNAIRE_MIGRATION_2019'),
	(1136, 18, 18, 849, 2, 167, -1, 9, 1, 0, 0, '', '2019-04-17 15:25:21', 'QUESTIONNAIRE_MIGRATION_2019', '2019-04-17 15:25:21', 'QUESTIONNAIRE_MIGRATION_2019'),
	(1137, 18, 18, 850, 2, 167, -1, 9, 1, 0, 0, '', '2019-04-17 15:25:21', 'QUESTIONNAIRE_MIGRATION_2019', '2019-04-17 15:25:21', 'QUESTIONNAIRE_MIGRATION_2019'),
	(1138, 18, 18, 851, 2, 167, -1, 9, 1, 0, 0, '', '2019-04-17 15:25:21', 'QUESTIONNAIRE_MIGRATION_2019', '2019-04-17 15:25:21', 'QUESTIONNAIRE_MIGRATION_2019'),
	(1139, 18, 18, 852, 2, 167, -1, 9, 1, 0, 0, '', '2019-04-17 15:25:21', 'QUESTIONNAIRE_MIGRATION_2019', '2019-04-17 15:25:21', 'QUESTIONNAIRE_MIGRATION_2019'),
	(1140, 11, 11, 823, 2, 168, -1, 9, 1, 0, 0, '', '2019-04-17 15:25:21', 'QUESTIONNAIRE_MIGRATION_2019', '2019-04-17 15:25:21', 'QUESTIONNAIRE_MIGRATION_2019'),
	(1141, 11, 11, 824, 2, 168, -1, 9, 1, 0, 0, '', '2019-04-17 15:25:21', 'QUESTIONNAIRE_MIGRATION_2019', '2019-04-17 15:25:21', 'QUESTIONNAIRE_MIGRATION_2019'),
	(1142, 11, 11, 811, 1, 168, -1, 9, 1, 0, 0, '', '2019-04-17 15:25:21', 'QUESTIONNAIRE_MIGRATION_2019', '2019-04-17 15:25:21', 'QUESTIONNAIRE_MIGRATION_2019'),
	(1143, 11, 11, 830, 3, 168, -1, 9, 1, 0, 0, '', '2019-04-17 15:25:21', 'QUESTIONNAIRE_MIGRATION_2019', '2019-04-17 15:25:21', 'QUESTIONNAIRE_MIGRATION_2019'),
	(1144, 11, 11, 832, 3, 168, -1, 9, 1, 0, 0, '', '2019-04-17 15:25:21', 'QUESTIONNAIRE_MIGRATION_2019', '2019-04-17 15:25:21', 'QUESTIONNAIRE_MIGRATION_2019'),
	(1145, 19, 19, 853, 2, 169, -1, 9, 1, 0, 0, '', '2019-04-17 15:25:21', 'QUESTIONNAIRE_MIGRATION_2019', '2019-04-17 15:25:21', 'QUESTIONNAIRE_MIGRATION_2019'),
	(1146, 19, 19, 854, 2, 169, -1, 9, 1, 0, 0, '', '2019-04-17 15:25:21', 'QUESTIONNAIRE_MIGRATION_2019', '2019-04-17 15:25:21', 'QUESTIONNAIRE_MIGRATION_2019'),
	(1147, 19, 19, 855, 4, 169, -1, 9, 1, 0, 0, '', '2019-04-17 15:25:21', 'QUESTIONNAIRE_MIGRATION_2019', '2019-04-17 15:25:21', 'QUESTIONNAIRE_MIGRATION_2019'),
	(1148, 19, 19, 856, 4, 169, -1, 9, 1, 0, 0, '', '2019-04-17 15:25:21', 'QUESTIONNAIRE_MIGRATION_2019', '2019-04-17 15:25:21', 'QUESTIONNAIRE_MIGRATION_2019'),
	(1149, 19, 19, 857, 1, 169, -1, 9, 1, 0, 0, '', '2019-04-17 15:25:21', 'QUESTIONNAIRE_MIGRATION_2019', '2019-04-17 15:25:21', 'QUESTIONNAIRE_MIGRATION_2019'),
	(1150, 19, 19, 858, 4, 169, -1, 9, 1, 0, 0, '', '2019-04-17 15:25:21', 'QUESTIONNAIRE_MIGRATION_2019', '2019-04-17 15:25:21', 'QUESTIONNAIRE_MIGRATION_2019'),
	(1151, 19, 19, 859, 3, 169, -1, 9, 1, 0, 0, '', '2019-04-17 15:25:21', 'QUESTIONNAIRE_MIGRATION_2019', '2019-04-17 15:25:21', 'QUESTIONNAIRE_MIGRATION_2019'),
	(1152, 19, 19, 853, 2, 170, -1, 9, 1, 0, 0, '', '2019-04-17 15:25:21', 'QUESTIONNAIRE_MIGRATION_2019', '2019-04-17 15:25:21', 'QUESTIONNAIRE_MIGRATION_2019'),
	(1153, 19, 19, 854, 2, 170, -1, 9, 1, 0, 0, '', '2019-04-17 15:25:21', 'QUESTIONNAIRE_MIGRATION_2019', '2019-04-17 15:25:21', 'QUESTIONNAIRE_MIGRATION_2019'),
	(1154, 19, 19, 855, 4, 170, -1, 9, 1, 0, 0, '', '2019-04-17 15:25:21', 'QUESTIONNAIRE_MIGRATION_2019', '2019-04-17 15:25:21', 'QUESTIONNAIRE_MIGRATION_2019'),
	(1155, 19, 19, 856, 4, 170, -1, 9, 1, 0, 0, '', '2019-04-17 15:25:21', 'QUESTIONNAIRE_MIGRATION_2019', '2019-04-17 15:25:21', 'QUESTIONNAIRE_MIGRATION_2019'),
	(1156, 19, 19, 857, 1, 170, -1, 9, 1, 0, 0, '', '2019-04-17 15:25:21', 'QUESTIONNAIRE_MIGRATION_2019', '2019-04-17 15:25:21', 'QUESTIONNAIRE_MIGRATION_2019'),
	(1157, 19, 19, 858, 4, 170, -1, 9, 1, 0, 0, '', '2019-04-17 15:25:21', 'QUESTIONNAIRE_MIGRATION_2019', '2019-04-17 15:25:21', 'QUESTIONNAIRE_MIGRATION_2019'),
	(1158, 19, 19, 859, 3, 170, -1, 9, 1, 0, 0, '', '2019-04-17 15:25:21', 'QUESTIONNAIRE_MIGRATION_2019', '2019-04-17 15:25:21', 'QUESTIONNAIRE_MIGRATION_2019'),
	(1159, 18, 18, 842, 2, 171, -1, 9, 1, 0, 0, '', '2019-04-17 15:25:21', 'QUESTIONNAIRE_MIGRATION_2019', '2019-04-17 15:25:21', 'QUESTIONNAIRE_MIGRATION_2019'),
	(1160, 18, 18, 843, 2, 171, -1, 9, 1, 0, 0, '', '2019-04-17 15:25:21', 'QUESTIONNAIRE_MIGRATION_2019', '2019-04-17 15:25:21', 'QUESTIONNAIRE_MIGRATION_2019'),
	(1161, 18, 18, 844, 2, 171, -1, 9, 1, 0, 0, '', '2019-04-17 15:25:21', 'QUESTIONNAIRE_MIGRATION_2019', '2019-04-17 15:25:21', 'QUESTIONNAIRE_MIGRATION_2019'),
	(1162, 18, 18, 845, 2, 171, -1, 9, 1, 0, 0, '', '2019-04-17 15:25:21', 'QUESTIONNAIRE_MIGRATION_2019', '2019-04-17 15:25:21', 'QUESTIONNAIRE_MIGRATION_2019'),
	(1163, 18, 18, 846, 2, 171, -1, 9, 1, 0, 0, '', '2019-04-17 15:25:21', 'QUESTIONNAIRE_MIGRATION_2019', '2019-04-17 15:25:21', 'QUESTIONNAIRE_MIGRATION_2019'),
	(1164, 18, 18, 847, 2, 171, -1, 9, 1, 0, 0, '', '2019-04-17 15:25:21', 'QUESTIONNAIRE_MIGRATION_2019', '2019-04-17 15:25:21', 'QUESTIONNAIRE_MIGRATION_2019'),
	(1165, 18, 18, 848, 2, 171, -1, 9, 1, 0, 0, '', '2019-04-17 15:25:21', 'QUESTIONNAIRE_MIGRATION_2019', '2019-04-17 15:25:21', 'QUESTIONNAIRE_MIGRATION_2019'),
	(1166, 18, 18, 849, 2, 171, -1, 9, 1, 0, 0, '', '2019-04-17 15:25:21', 'QUESTIONNAIRE_MIGRATION_2019', '2019-04-17 15:25:21', 'QUESTIONNAIRE_MIGRATION_2019'),
	(1167, 18, 18, 850, 2, 171, -1, 9, 1, 0, 0, '', '2019-04-17 15:25:21', 'QUESTIONNAIRE_MIGRATION_2019', '2019-04-17 15:25:21', 'QUESTIONNAIRE_MIGRATION_2019'),
	(1168, 18, 18, 851, 2, 171, -1, 9, 1, 0, 0, '', '2019-04-17 15:25:21', 'QUESTIONNAIRE_MIGRATION_2019', '2019-04-17 15:25:21', 'QUESTIONNAIRE_MIGRATION_2019'),
	(1169, 18, 18, 852, 2, 171, -1, 9, 1, 0, 0, '', '2019-04-17 15:25:21', 'QUESTIONNAIRE_MIGRATION_2019', '2019-04-17 15:25:21', 'QUESTIONNAIRE_MIGRATION_2019'),
	(1170, 19, 19, 853, 2, 172, -1, 9, 1, 0, 0, '', '2019-04-17 15:25:21', 'QUESTIONNAIRE_MIGRATION_2019', '2019-04-17 15:25:21', 'QUESTIONNAIRE_MIGRATION_2019'),
	(1171, 19, 19, 854, 2, 172, -1, 9, 1, 0, 0, '', '2019-04-17 15:25:21', 'QUESTIONNAIRE_MIGRATION_2019', '2019-04-17 15:25:21', 'QUESTIONNAIRE_MIGRATION_2019'),
	(1172, 19, 19, 855, 4, 172, -1, 9, 1, 0, 0, '', '2019-04-17 15:25:21', 'QUESTIONNAIRE_MIGRATION_2019', '2019-04-17 15:25:21', 'QUESTIONNAIRE_MIGRATION_2019'),
	(1173, 19, 19, 856, 4, 172, -1, 9, 1, 0, 0, '', '2019-04-17 15:25:21', 'QUESTIONNAIRE_MIGRATION_2019', '2019-04-17 15:25:21', 'QUESTIONNAIRE_MIGRATION_2019'),
	(1174, 19, 19, 857, 1, 172, -1, 9, 1, 0, 0, '', '2019-04-17 15:25:21', 'QUESTIONNAIRE_MIGRATION_2019', '2019-04-17 15:25:21', 'QUESTIONNAIRE_MIGRATION_2019'),
	(1175, 19, 19, 858, 4, 172, -1, 9, 1, 0, 0, '', '2019-04-17 15:25:21', 'QUESTIONNAIRE_MIGRATION_2019', '2019-04-17 15:25:21', 'QUESTIONNAIRE_MIGRATION_2019'),
	(1176, 12, 12, 793, 2, 173, -1, 9, 1, 0, 0, '', '2019-04-17 15:25:21', 'QUESTIONNAIRE_MIGRATION_2019', '2019-04-17 15:25:21', 'QUESTIONNAIRE_MIGRATION_2019'),
	(1177, 12, 12, 794, 2, 173, -1, 9, 1, 0, 0, '', '2019-04-17 15:25:21', 'QUESTIONNAIRE_MIGRATION_2019', '2019-04-17 15:25:21', 'QUESTIONNAIRE_MIGRATION_2019'),
	(1178, 12, 12, 795, 2, 173, -1, 9, 1, 0, 0, '', '2019-04-17 15:25:21', 'QUESTIONNAIRE_MIGRATION_2019', '2019-04-17 15:25:21', 'QUESTIONNAIRE_MIGRATION_2019'),
	(1179, 12, 12, 791, 2, 173, -1, 9, 1, 0, 0, '', '2019-04-17 15:25:21', 'QUESTIONNAIRE_MIGRATION_2019', '2019-04-17 15:25:21', 'QUESTIONNAIRE_MIGRATION_2019'),
	(1180, 12, 12, 796, 2, 173, -1, 9, 1, 0, 0, '', '2019-04-17 15:25:21', 'QUESTIONNAIRE_MIGRATION_2019', '2019-04-17 15:25:21', 'QUESTIONNAIRE_MIGRATION_2019'),
	(1181, 12, 12, 792, 2, 173, -1, 9, 1, 0, 0, '', '2019-04-17 15:25:21', 'QUESTIONNAIRE_MIGRATION_2019', '2019-04-17 15:25:21', 'QUESTIONNAIRE_MIGRATION_2019'),
	(1182, 12, 12, 799, 2, 173, -1, 9, 1, 0, 0, '', '2019-04-17 15:25:21', 'QUESTIONNAIRE_MIGRATION_2019', '2019-04-17 15:25:21', 'QUESTIONNAIRE_MIGRATION_2019'),
	(1183, 12, 12, 797, 2, 173, -1, 9, 1, 0, 0, '', '2019-04-17 15:25:21', 'QUESTIONNAIRE_MIGRATION_2019', '2019-04-17 15:25:21', 'QUESTIONNAIRE_MIGRATION_2019'),
	(1184, 12, 12, 798, 2, 173, -1, 9, 1, 0, 0, '', '2019-04-17 15:25:21', 'QUESTIONNAIRE_MIGRATION_2019', '2019-04-17 15:25:21', 'QUESTIONNAIRE_MIGRATION_2019'),
	(1185, 12, 12, 793, 2, 174, -1, 9, 1, 0, 0, '', '2019-04-17 15:25:21', 'QUESTIONNAIRE_MIGRATION_2019', '2019-04-17 15:25:21', 'QUESTIONNAIRE_MIGRATION_2019'),
	(1186, 12, 12, 794, 2, 174, -1, 9, 1, 0, 0, '', '2019-04-17 15:25:21', 'QUESTIONNAIRE_MIGRATION_2019', '2019-04-17 15:25:21', 'QUESTIONNAIRE_MIGRATION_2019'),
	(1187, 12, 12, 795, 2, 174, -1, 9, 1, 0, 0, '', '2019-04-17 15:25:21', 'QUESTIONNAIRE_MIGRATION_2019', '2019-04-17 15:25:21', 'QUESTIONNAIRE_MIGRATION_2019'),
	(1188, 12, 12, 791, 2, 174, -1, 9, 1, 0, 0, '', '2019-04-17 15:25:21', 'QUESTIONNAIRE_MIGRATION_2019', '2019-04-17 15:25:21', 'QUESTIONNAIRE_MIGRATION_2019'),
	(1189, 12, 12, 796, 2, 174, -1, 9, 1, 0, 0, '', '2019-04-17 15:25:21', 'QUESTIONNAIRE_MIGRATION_2019', '2019-04-17 15:25:21', 'QUESTIONNAIRE_MIGRATION_2019'),
	(1190, 12, 12, 792, 2, 174, -1, 9, 1, 0, 0, '', '2019-04-17 15:25:21', 'QUESTIONNAIRE_MIGRATION_2019', '2019-04-17 15:25:21', 'QUESTIONNAIRE_MIGRATION_2019'),
	(1191, 12, 12, 799, 2, 174, -1, 9, 1, 0, 0, '', '2019-04-17 15:25:21', 'QUESTIONNAIRE_MIGRATION_2019', '2019-04-17 15:25:21', 'QUESTIONNAIRE_MIGRATION_2019'),
	(1192, 12, 12, 797, 2, 174, -1, 9, 1, 0, 0, '', '2019-04-17 15:25:21', 'QUESTIONNAIRE_MIGRATION_2019', '2019-04-17 15:25:21', 'QUESTIONNAIRE_MIGRATION_2019'),
	(1193, 12, 12, 798, 2, 174, -1, 9, 1, 0, 0, '', '2019-04-17 15:25:21', 'QUESTIONNAIRE_MIGRATION_2019', '2019-04-17 15:25:21', 'QUESTIONNAIRE_MIGRATION_2019'),
	(1194, 19, 19, 853, 2, 175, -1, 9, 1, 0, 0, '', '2019-04-17 15:25:21', 'QUESTIONNAIRE_MIGRATION_2019', '2019-04-17 15:25:21', 'QUESTIONNAIRE_MIGRATION_2019'),
	(1195, 19, 19, 854, 2, 175, -1, 9, 1, 0, 0, '', '2019-04-17 15:25:21', 'QUESTIONNAIRE_MIGRATION_2019', '2019-04-17 15:25:21', 'QUESTIONNAIRE_MIGRATION_2019'),
	(1196, 19, 19, 855, 4, 175, -1, 9, 1, 0, 0, '', '2019-04-17 15:25:21', 'QUESTIONNAIRE_MIGRATION_2019', '2019-04-17 15:25:21', 'QUESTIONNAIRE_MIGRATION_2019'),
	(1197, 19, 19, 856, 4, 175, -1, 9, 1, 0, 0, '', '2019-04-17 15:25:21', 'QUESTIONNAIRE_MIGRATION_2019', '2019-04-17 15:25:21', 'QUESTIONNAIRE_MIGRATION_2019'),
	(1198, 19, 19, 857, 1, 175, -1, 9, 1, 0, 0, '', '2019-04-17 15:25:21', 'QUESTIONNAIRE_MIGRATION_2019', '2019-04-17 15:25:21', 'QUESTIONNAIRE_MIGRATION_2019'),
	(1199, 19, 19, 859, 3, 175, -1, 9, 1, 0, 0, '', '2019-04-17 15:25:21', 'QUESTIONNAIRE_MIGRATION_2019', '2019-04-17 15:25:21', 'QUESTIONNAIRE_MIGRATION_2019'),
	(1200, 19, 19, 853, 2, 176, -1, 9, 1, 0, 0, '', '2019-04-17 15:25:21', 'QUESTIONNAIRE_MIGRATION_2019', '2019-04-17 15:25:21', 'QUESTIONNAIRE_MIGRATION_2019'),
	(1201, 19, 19, 854, 2, 176, -1, 9, 1, 0, 0, '', '2019-04-17 15:25:21', 'QUESTIONNAIRE_MIGRATION_2019', '2019-04-17 15:25:21', 'QUESTIONNAIRE_MIGRATION_2019'),
	(1202, 19, 19, 855, 4, 176, -1, 9, 1, 0, 0, '', '2019-04-17 15:25:21', 'QUESTIONNAIRE_MIGRATION_2019', '2019-04-17 15:25:21', 'QUESTIONNAIRE_MIGRATION_2019'),
	(1203, 19, 19, 856, 4, 176, -1, 9, 1, 0, 0, '', '2019-04-17 15:25:21', 'QUESTIONNAIRE_MIGRATION_2019', '2019-04-17 15:25:21', 'QUESTIONNAIRE_MIGRATION_2019'),
	(1204, 19, 19, 857, 1, 176, -1, 9, 1, 0, 0, '', '2019-04-17 15:25:21', 'QUESTIONNAIRE_MIGRATION_2019', '2019-04-17 15:25:21', 'QUESTIONNAIRE_MIGRATION_2019'),
	(1205, 19, 19, 859, 3, 176, -1, 9, 1, 0, 0, '', '2019-04-17 15:25:21', 'QUESTIONNAIRE_MIGRATION_2019', '2019-04-17 15:25:21', 'QUESTIONNAIRE_MIGRATION_2019'),
	(1206, 11, 11, 823, 2, 177, -1, 9, 1, 0, 0, '', '2019-04-17 15:25:21', 'QUESTIONNAIRE_MIGRATION_2019', '2019-04-17 15:25:21', 'QUESTIONNAIRE_MIGRATION_2019'),
	(1207, 11, 11, 824, 2, 177, -1, 9, 1, 0, 0, '', '2019-04-17 15:25:21', 'QUESTIONNAIRE_MIGRATION_2019', '2019-04-17 15:25:21', 'QUESTIONNAIRE_MIGRATION_2019'),
	(1208, 11, 11, 811, 1, 177, -1, 9, 1, 0, 0, '', '2019-04-17 15:25:21', 'QUESTIONNAIRE_MIGRATION_2019', '2019-04-17 15:25:21', 'QUESTIONNAIRE_MIGRATION_2019'),
	(1209, 11, 11, 830, 3, 177, -1, 9, 1, 0, 0, '', '2019-04-17 15:25:21', 'QUESTIONNAIRE_MIGRATION_2019', '2019-04-17 15:25:21', 'QUESTIONNAIRE_MIGRATION_2019'),
	(1210, 11, 11, 832, 3, 177, -1, 9, 1, 0, 0, '', '2019-04-17 15:25:21', 'QUESTIONNAIRE_MIGRATION_2019', '2019-04-17 15:25:21', 'QUESTIONNAIRE_MIGRATION_2019'),
	(1211, 18, 18, 842, 2, 178, -1, 9, 1, 0, 0, '', '2019-04-17 15:25:21', 'QUESTIONNAIRE_MIGRATION_2019', '2019-04-17 15:25:21', 'QUESTIONNAIRE_MIGRATION_2019'),
	(1212, 18, 18, 843, 2, 178, -1, 9, 1, 0, 0, '', '2019-04-17 15:25:21', 'QUESTIONNAIRE_MIGRATION_2019', '2019-04-17 15:25:21', 'QUESTIONNAIRE_MIGRATION_2019'),
	(1213, 18, 18, 844, 2, 178, -1, 9, 1, 0, 0, '', '2019-04-17 15:25:21', 'QUESTIONNAIRE_MIGRATION_2019', '2019-04-17 15:25:21', 'QUESTIONNAIRE_MIGRATION_2019'),
	(1214, 18, 18, 845, 2, 178, -1, 9, 1, 0, 0, '', '2019-04-17 15:25:21', 'QUESTIONNAIRE_MIGRATION_2019', '2019-04-17 15:25:21', 'QUESTIONNAIRE_MIGRATION_2019'),
	(1215, 18, 18, 846, 2, 178, -1, 9, 1, 0, 0, '', '2019-04-17 15:25:21', 'QUESTIONNAIRE_MIGRATION_2019', '2019-04-17 15:25:21', 'QUESTIONNAIRE_MIGRATION_2019'),
	(1216, 18, 18, 847, 2, 178, -1, 9, 1, 0, 0, '', '2019-04-17 15:25:21', 'QUESTIONNAIRE_MIGRATION_2019', '2019-04-17 15:25:21', 'QUESTIONNAIRE_MIGRATION_2019'),
	(1217, 18, 18, 848, 2, 178, -1, 9, 1, 0, 0, '', '2019-04-17 15:25:21', 'QUESTIONNAIRE_MIGRATION_2019', '2019-04-17 15:25:21', 'QUESTIONNAIRE_MIGRATION_2019'),
	(1218, 18, 18, 849, 2, 178, -1, 9, 1, 0, 0, '', '2019-04-17 15:25:21', 'QUESTIONNAIRE_MIGRATION_2019', '2019-04-17 15:25:21', 'QUESTIONNAIRE_MIGRATION_2019'),
	(1219, 18, 18, 850, 2, 178, -1, 9, 1, 0, 0, '', '2019-04-17 15:25:21', 'QUESTIONNAIRE_MIGRATION_2019', '2019-04-17 15:25:21', 'QUESTIONNAIRE_MIGRATION_2019'),
	(1220, 18, 18, 851, 2, 178, -1, 9, 1, 0, 0, '', '2019-04-17 15:25:21', 'QUESTIONNAIRE_MIGRATION_2019', '2019-04-17 15:25:21', 'QUESTIONNAIRE_MIGRATION_2019'),
	(1221, 18, 18, 852, 2, 178, -1, 9, 1, 0, 0, '', '2019-04-17 15:25:21', 'QUESTIONNAIRE_MIGRATION_2019', '2019-04-17 15:25:21', 'QUESTIONNAIRE_MIGRATION_2019'),
	(1222, 18, 18, 842, 2, 179, -1, 9, 1, 0, 0, '', '2019-04-17 15:25:21', 'QUESTIONNAIRE_MIGRATION_2019', '2019-04-17 15:25:21', 'QUESTIONNAIRE_MIGRATION_2019'),
	(1223, 18, 18, 843, 2, 179, -1, 9, 1, 0, 0, '', '2019-04-17 15:25:21', 'QUESTIONNAIRE_MIGRATION_2019', '2019-04-17 15:25:21', 'QUESTIONNAIRE_MIGRATION_2019'),
	(1224, 18, 18, 844, 2, 179, -1, 9, 1, 0, 0, '', '2019-04-17 15:25:21', 'QUESTIONNAIRE_MIGRATION_2019', '2019-04-17 15:25:21', 'QUESTIONNAIRE_MIGRATION_2019'),
	(1225, 18, 18, 845, 2, 179, -1, 9, 1, 0, 0, '', '2019-04-17 15:25:21', 'QUESTIONNAIRE_MIGRATION_2019', '2019-04-17 15:25:21', 'QUESTIONNAIRE_MIGRATION_2019'),
	(1226, 18, 18, 846, 2, 179, -1, 9, 1, 0, 0, '', '2019-04-17 15:25:21', 'QUESTIONNAIRE_MIGRATION_2019', '2019-04-17 15:25:21', 'QUESTIONNAIRE_MIGRATION_2019'),
	(1227, 18, 18, 847, 2, 179, -1, 9, 1, 0, 0, '', '2019-04-17 15:25:21', 'QUESTIONNAIRE_MIGRATION_2019', '2019-04-17 15:25:21', 'QUESTIONNAIRE_MIGRATION_2019'),
	(1228, 18, 18, 848, 2, 179, -1, 9, 1, 0, 0, '', '2019-04-17 15:25:21', 'QUESTIONNAIRE_MIGRATION_2019', '2019-04-17 15:25:21', 'QUESTIONNAIRE_MIGRATION_2019'),
	(1229, 18, 18, 849, 2, 179, -1, 9, 1, 0, 0, '', '2019-04-17 15:25:21', 'QUESTIONNAIRE_MIGRATION_2019', '2019-04-17 15:25:21', 'QUESTIONNAIRE_MIGRATION_2019'),
	(1230, 18, 18, 850, 2, 179, -1, 9, 1, 0, 0, '', '2019-04-17 15:25:21', 'QUESTIONNAIRE_MIGRATION_2019', '2019-04-17 15:25:21', 'QUESTIONNAIRE_MIGRATION_2019'),
	(1231, 18, 18, 851, 2, 179, -1, 9, 1, 0, 0, '', '2019-04-17 15:25:21', 'QUESTIONNAIRE_MIGRATION_2019', '2019-04-17 15:25:21', 'QUESTIONNAIRE_MIGRATION_2019'),
	(1232, 18, 18, 852, 2, 179, -1, 9, 1, 0, 0, '', '2019-04-17 15:25:21', 'QUESTIONNAIRE_MIGRATION_2019', '2019-04-17 15:25:21', 'QUESTIONNAIRE_MIGRATION_2019'),
	(1233, 19, 19, 853, 2, 180, -1, 9, 1, 0, 0, '', '2019-04-17 15:25:21', 'QUESTIONNAIRE_MIGRATION_2019', '2019-04-17 15:25:21', 'QUESTIONNAIRE_MIGRATION_2019'),
	(1234, 19, 19, 854, 2, 180, -1, 9, 1, 0, 0, '', '2019-04-17 15:25:21', 'QUESTIONNAIRE_MIGRATION_2019', '2019-04-17 15:25:21', 'QUESTIONNAIRE_MIGRATION_2019'),
	(1235, 19, 19, 855, 4, 180, -1, 9, 1, 0, 0, '', '2019-04-17 15:25:21', 'QUESTIONNAIRE_MIGRATION_2019', '2019-04-17 15:25:21', 'QUESTIONNAIRE_MIGRATION_2019'),
	(1236, 19, 19, 856, 4, 180, -1, 9, 1, 0, 0, '', '2019-04-17 15:25:21', 'QUESTIONNAIRE_MIGRATION_2019', '2019-04-17 15:25:21', 'QUESTIONNAIRE_MIGRATION_2019'),
	(1237, 19, 19, 857, 1, 180, -1, 9, 1, 0, 0, '', '2019-04-17 15:25:21', 'QUESTIONNAIRE_MIGRATION_2019', '2019-04-17 15:25:21', 'QUESTIONNAIRE_MIGRATION_2019'),
	(1238, 19, 19, 858, 4, 180, -1, 9, 1, 0, 0, '', '2019-04-17 15:25:21', 'QUESTIONNAIRE_MIGRATION_2019', '2019-04-17 15:25:21', 'QUESTIONNAIRE_MIGRATION_2019'),
	(1239, 19, 19, 859, 3, 180, -1, 9, 1, 0, 0, '', '2019-04-17 15:25:21', 'QUESTIONNAIRE_MIGRATION_2019', '2019-04-17 15:25:21', 'QUESTIONNAIRE_MIGRATION_2019'),
	(1240, 19, 19, 853, 2, 181, -1, 9, 1, 0, 0, '', '2019-04-17 15:25:21', 'QUESTIONNAIRE_MIGRATION_2019', '2019-04-17 15:25:21', 'QUESTIONNAIRE_MIGRATION_2019'),
	(1241, 19, 19, 854, 2, 181, -1, 9, 1, 0, 0, '', '2019-04-17 15:25:21', 'QUESTIONNAIRE_MIGRATION_2019', '2019-04-17 15:25:21', 'QUESTIONNAIRE_MIGRATION_2019'),
	(1242, 19, 19, 855, 4, 181, -1, 9, 1, 0, 0, '', '2019-04-17 15:25:21', 'QUESTIONNAIRE_MIGRATION_2019', '2019-04-17 15:25:21', 'QUESTIONNAIRE_MIGRATION_2019'),
	(1243, 19, 19, 856, 4, 181, -1, 9, 1, 0, 0, '', '2019-04-17 15:25:21', 'QUESTIONNAIRE_MIGRATION_2019', '2019-04-17 15:25:21', 'QUESTIONNAIRE_MIGRATION_2019'),
	(1244, 19, 19, 857, 1, 181, -1, 9, 1, 0, 0, '', '2019-04-17 15:25:21', 'QUESTIONNAIRE_MIGRATION_2019', '2019-04-17 15:25:21', 'QUESTIONNAIRE_MIGRATION_2019'),
	(1245, 19, 19, 858, 4, 181, -1, 9, 1, 0, 0, '', '2019-04-17 15:25:21', 'QUESTIONNAIRE_MIGRATION_2019', '2019-04-17 15:25:21', 'QUESTIONNAIRE_MIGRATION_2019'),
	(1246, 19, 19, 859, 3, 181, -1, 9, 1, 0, 0, '', '2019-04-17 15:25:21', 'QUESTIONNAIRE_MIGRATION_2019', '2019-04-17 15:25:21', 'QUESTIONNAIRE_MIGRATION_2019'),
	(1247, 18, 18, 842, 2, 182, -1, 9, 1, 0, 0, '', '2019-04-17 15:25:21', 'QUESTIONNAIRE_MIGRATION_2019', '2019-04-17 15:25:21', 'QUESTIONNAIRE_MIGRATION_2019'),
	(1248, 18, 18, 843, 2, 182, -1, 9, 1, 0, 0, '', '2019-04-17 15:25:21', 'QUESTIONNAIRE_MIGRATION_2019', '2019-04-17 15:25:21', 'QUESTIONNAIRE_MIGRATION_2019'),
	(1249, 18, 18, 844, 2, 182, -1, 9, 1, 0, 0, '', '2019-04-17 15:25:21', 'QUESTIONNAIRE_MIGRATION_2019', '2019-04-17 15:25:21', 'QUESTIONNAIRE_MIGRATION_2019'),
	(1250, 18, 18, 845, 2, 182, -1, 9, 1, 0, 0, '', '2019-04-17 15:25:21', 'QUESTIONNAIRE_MIGRATION_2019', '2019-04-17 15:25:21', 'QUESTIONNAIRE_MIGRATION_2019'),
	(1251, 18, 18, 846, 2, 182, -1, 9, 1, 0, 0, '', '2019-04-17 15:25:21', 'QUESTIONNAIRE_MIGRATION_2019', '2019-04-17 15:25:21', 'QUESTIONNAIRE_MIGRATION_2019'),
	(1252, 18, 18, 847, 2, 182, -1, 9, 1, 0, 0, '', '2019-04-17 15:25:21', 'QUESTIONNAIRE_MIGRATION_2019', '2019-04-17 15:25:21', 'QUESTIONNAIRE_MIGRATION_2019'),
	(1253, 18, 18, 848, 2, 182, -1, 9, 1, 0, 0, '', '2019-04-17 15:25:21', 'QUESTIONNAIRE_MIGRATION_2019', '2019-04-17 15:25:21', 'QUESTIONNAIRE_MIGRATION_2019'),
	(1254, 18, 18, 849, 2, 182, -1, 9, 1, 0, 0, '', '2019-04-17 15:25:21', 'QUESTIONNAIRE_MIGRATION_2019', '2019-04-17 15:25:21', 'QUESTIONNAIRE_MIGRATION_2019'),
	(1255, 18, 18, 850, 2, 182, -1, 9, 1, 0, 0, '', '2019-04-17 15:25:21', 'QUESTIONNAIRE_MIGRATION_2019', '2019-04-17 15:25:21', 'QUESTIONNAIRE_MIGRATION_2019'),
	(1256, 18, 18, 851, 2, 182, -1, 9, 1, 0, 0, '', '2019-04-17 15:25:21', 'QUESTIONNAIRE_MIGRATION_2019', '2019-04-17 15:25:21', 'QUESTIONNAIRE_MIGRATION_2019'),
	(1257, 18, 18, 852, 2, 182, -1, 9, 1, 0, 0, '', '2019-04-17 15:25:21', 'QUESTIONNAIRE_MIGRATION_2019', '2019-04-17 15:25:21', 'QUESTIONNAIRE_MIGRATION_2019'),
	(1258, 18, 18, 842, 2, 183, -1, 9, 1, 0, 0, '', '2019-04-17 15:25:21', 'QUESTIONNAIRE_MIGRATION_2019', '2019-04-17 15:25:21', 'QUESTIONNAIRE_MIGRATION_2019'),
	(1259, 18, 18, 843, 2, 183, -1, 9, 1, 0, 0, '', '2019-04-17 15:25:21', 'QUESTIONNAIRE_MIGRATION_2019', '2019-04-17 15:25:21', 'QUESTIONNAIRE_MIGRATION_2019'),
	(1260, 18, 18, 844, 2, 183, -1, 9, 1, 0, 0, '', '2019-04-17 15:25:21', 'QUESTIONNAIRE_MIGRATION_2019', '2019-04-17 15:25:21', 'QUESTIONNAIRE_MIGRATION_2019'),
	(1261, 18, 18, 845, 2, 183, -1, 9, 1, 0, 0, '', '2019-04-17 15:25:21', 'QUESTIONNAIRE_MIGRATION_2019', '2019-04-17 15:25:21', 'QUESTIONNAIRE_MIGRATION_2019'),
	(1262, 18, 18, 846, 2, 183, -1, 9, 1, 0, 0, '', '2019-04-17 15:25:21', 'QUESTIONNAIRE_MIGRATION_2019', '2019-04-17 15:25:21', 'QUESTIONNAIRE_MIGRATION_2019'),
	(1263, 18, 18, 847, 2, 183, -1, 9, 1, 0, 0, '', '2019-04-17 15:25:21', 'QUESTIONNAIRE_MIGRATION_2019', '2019-04-17 15:25:21', 'QUESTIONNAIRE_MIGRATION_2019'),
	(1264, 18, 18, 848, 2, 183, -1, 9, 1, 0, 0, '', '2019-04-17 15:25:21', 'QUESTIONNAIRE_MIGRATION_2019', '2019-04-17 15:25:21', 'QUESTIONNAIRE_MIGRATION_2019'),
	(1265, 18, 18, 849, 2, 183, -1, 9, 1, 0, 0, '', '2019-04-17 15:25:21', 'QUESTIONNAIRE_MIGRATION_2019', '2019-04-17 15:25:21', 'QUESTIONNAIRE_MIGRATION_2019'),
	(1266, 18, 18, 850, 2, 183, -1, 9, 1, 0, 0, '', '2019-04-17 15:25:21', 'QUESTIONNAIRE_MIGRATION_2019', '2019-04-17 15:25:21', 'QUESTIONNAIRE_MIGRATION_2019'),
	(1267, 18, 18, 851, 2, 183, -1, 9, 1, 0, 0, '', '2019-04-17 15:25:21', 'QUESTIONNAIRE_MIGRATION_2019', '2019-04-17 15:25:21', 'QUESTIONNAIRE_MIGRATION_2019'),
	(1268, 18, 18, 852, 2, 183, -1, 9, 1, 0, 0, '', '2019-04-17 15:25:21', 'QUESTIONNAIRE_MIGRATION_2019', '2019-04-17 15:25:21', 'QUESTIONNAIRE_MIGRATION_2019'),
	(1269, 18, 18, 842, 2, 184, -1, 9, 1, 0, 0, '', '2019-04-17 15:25:21', 'QUESTIONNAIRE_MIGRATION_2019', '2019-04-17 15:25:21', 'QUESTIONNAIRE_MIGRATION_2019'),
	(1270, 18, 18, 843, 2, 184, -1, 9, 1, 0, 0, '', '2019-04-17 15:25:21', 'QUESTIONNAIRE_MIGRATION_2019', '2019-04-17 15:25:21', 'QUESTIONNAIRE_MIGRATION_2019'),
	(1271, 18, 18, 844, 2, 184, -1, 9, 1, 0, 0, '', '2019-04-17 15:25:21', 'QUESTIONNAIRE_MIGRATION_2019', '2019-04-17 15:25:21', 'QUESTIONNAIRE_MIGRATION_2019'),
	(1272, 18, 18, 845, 2, 184, -1, 9, 1, 0, 0, '', '2019-04-17 15:25:21', 'QUESTIONNAIRE_MIGRATION_2019', '2019-04-17 15:25:21', 'QUESTIONNAIRE_MIGRATION_2019'),
	(1273, 18, 18, 846, 2, 184, -1, 9, 1, 0, 0, '', '2019-04-17 15:25:21', 'QUESTIONNAIRE_MIGRATION_2019', '2019-04-17 15:25:21', 'QUESTIONNAIRE_MIGRATION_2019'),
	(1274, 18, 18, 847, 2, 184, -1, 9, 1, 0, 0, '', '2019-04-17 15:25:21', 'QUESTIONNAIRE_MIGRATION_2019', '2019-04-17 15:25:21', 'QUESTIONNAIRE_MIGRATION_2019'),
	(1275, 18, 18, 848, 2, 184, -1, 9, 1, 0, 0, '', '2019-04-17 15:25:21', 'QUESTIONNAIRE_MIGRATION_2019', '2019-04-17 15:25:21', 'QUESTIONNAIRE_MIGRATION_2019'),
	(1276, 18, 18, 849, 2, 184, -1, 9, 1, 0, 0, '', '2019-04-17 15:25:21', 'QUESTIONNAIRE_MIGRATION_2019', '2019-04-17 15:25:21', 'QUESTIONNAIRE_MIGRATION_2019'),
	(1277, 18, 18, 850, 2, 184, -1, 9, 1, 0, 0, '', '2019-04-17 15:25:21', 'QUESTIONNAIRE_MIGRATION_2019', '2019-04-17 15:25:21', 'QUESTIONNAIRE_MIGRATION_2019'),
	(1278, 18, 18, 851, 2, 184, -1, 9, 1, 0, 0, '', '2019-04-17 15:25:21', 'QUESTIONNAIRE_MIGRATION_2019', '2019-04-17 15:25:21', 'QUESTIONNAIRE_MIGRATION_2019'),
	(1279, 18, 18, 852, 2, 184, -1, 9, 1, 0, 0, '', '2019-04-17 15:25:21', 'QUESTIONNAIRE_MIGRATION_2019', '2019-04-17 15:25:21', 'QUESTIONNAIRE_MIGRATION_2019'),
	(1280, 12, 12, 793, 2, 185, -1, 9, 1, 0, 0, '', '2019-04-17 15:25:21', 'QUESTIONNAIRE_MIGRATION_2019', '2019-04-17 15:25:21', 'QUESTIONNAIRE_MIGRATION_2019'),
	(1281, 12, 12, 794, 2, 185, -1, 9, 1, 0, 0, '', '2019-04-17 15:25:21', 'QUESTIONNAIRE_MIGRATION_2019', '2019-04-17 15:25:21', 'QUESTIONNAIRE_MIGRATION_2019'),
	(1282, 12, 12, 795, 2, 185, -1, 9, 1, 0, 0, '', '2019-04-17 15:25:21', 'QUESTIONNAIRE_MIGRATION_2019', '2019-04-17 15:25:21', 'QUESTIONNAIRE_MIGRATION_2019'),
	(1283, 12, 12, 791, 2, 185, -1, 9, 1, 0, 0, '', '2019-04-17 15:25:22', 'QUESTIONNAIRE_MIGRATION_2019', '2019-04-17 15:25:22', 'QUESTIONNAIRE_MIGRATION_2019'),
	(1284, 12, 12, 796, 2, 185, -1, 9, 1, 0, 0, '', '2019-04-17 15:25:22', 'QUESTIONNAIRE_MIGRATION_2019', '2019-04-17 15:25:22', 'QUESTIONNAIRE_MIGRATION_2019'),
	(1285, 12, 12, 792, 2, 185, -1, 9, 1, 0, 0, '', '2019-04-17 15:25:22', 'QUESTIONNAIRE_MIGRATION_2019', '2019-04-17 15:25:22', 'QUESTIONNAIRE_MIGRATION_2019'),
	(1286, 12, 12, 799, 2, 185, -1, 9, 1, 0, 0, '', '2019-04-17 15:25:22', 'QUESTIONNAIRE_MIGRATION_2019', '2019-04-17 15:25:22', 'QUESTIONNAIRE_MIGRATION_2019'),
	(1287, 12, 12, 797, 2, 185, -1, 9, 1, 0, 0, '', '2019-04-17 15:25:22', 'QUESTIONNAIRE_MIGRATION_2019', '2019-04-17 15:25:22', 'QUESTIONNAIRE_MIGRATION_2019'),
	(1288, 12, 12, 798, 2, 185, -1, 9, 1, 0, 0, '', '2019-04-17 15:25:22', 'QUESTIONNAIRE_MIGRATION_2019', '2019-04-17 15:25:22', 'QUESTIONNAIRE_MIGRATION_2019'),
	(1289, 19, 19, 853, 2, 186, -1, 9, 1, 0, 0, '', '2019-04-17 15:25:22', 'QUESTIONNAIRE_MIGRATION_2019', '2019-04-17 15:25:22', 'QUESTIONNAIRE_MIGRATION_2019'),
	(1290, 19, 19, 854, 2, 186, -1, 9, 1, 0, 0, '', '2019-04-17 15:25:22', 'QUESTIONNAIRE_MIGRATION_2019', '2019-04-17 15:25:22', 'QUESTIONNAIRE_MIGRATION_2019'),
	(1291, 19, 19, 855, 4, 186, -1, 9, 1, 0, 0, '', '2019-04-17 15:25:22', 'QUESTIONNAIRE_MIGRATION_2019', '2019-04-17 15:25:22', 'QUESTIONNAIRE_MIGRATION_2019'),
	(1292, 19, 19, 856, 4, 186, -1, 9, 1, 0, 0, '', '2019-04-17 15:25:22', 'QUESTIONNAIRE_MIGRATION_2019', '2019-04-17 15:25:22', 'QUESTIONNAIRE_MIGRATION_2019'),
	(1293, 19, 19, 857, 1, 186, -1, 9, 1, 0, 0, '', '2019-04-17 15:25:22', 'QUESTIONNAIRE_MIGRATION_2019', '2019-04-17 15:25:22', 'QUESTIONNAIRE_MIGRATION_2019'),
	(1294, 19, 19, 858, 4, 186, -1, 9, 1, 0, 0, '', '2019-04-17 15:25:22', 'QUESTIONNAIRE_MIGRATION_2019', '2019-04-17 15:25:22', 'QUESTIONNAIRE_MIGRATION_2019'),
	(1295, 19, 19, 859, 3, 186, -1, 9, 1, 0, 0, '', '2019-04-17 15:25:22', 'QUESTIONNAIRE_MIGRATION_2019', '2019-04-17 15:25:22', 'QUESTIONNAIRE_MIGRATION_2019'),
	(1296, 19, 19, 853, 2, 187, -1, 9, 1, 0, 0, '', '2019-04-17 15:25:22', 'QUESTIONNAIRE_MIGRATION_2019', '2019-04-17 15:25:22', 'QUESTIONNAIRE_MIGRATION_2019'),
	(1297, 19, 19, 854, 2, 187, -1, 9, 1, 0, 0, '', '2019-04-17 15:25:22', 'QUESTIONNAIRE_MIGRATION_2019', '2019-04-17 15:25:22', 'QUESTIONNAIRE_MIGRATION_2019'),
	(1298, 19, 19, 855, 4, 187, -1, 9, 1, 0, 0, '', '2019-04-17 15:25:22', 'QUESTIONNAIRE_MIGRATION_2019', '2019-04-17 15:25:22', 'QUESTIONNAIRE_MIGRATION_2019'),
	(1299, 19, 19, 856, 4, 187, -1, 9, 1, 0, 0, '', '2019-04-17 15:25:22', 'QUESTIONNAIRE_MIGRATION_2019', '2019-04-17 15:25:22', 'QUESTIONNAIRE_MIGRATION_2019'),
	(1300, 19, 19, 857, 1, 187, -1, 9, 1, 0, 0, '', '2019-04-17 15:25:22', 'QUESTIONNAIRE_MIGRATION_2019', '2019-04-17 15:25:22', 'QUESTIONNAIRE_MIGRATION_2019'),
	(1301, 19, 19, 858, 4, 187, -1, 9, 1, 0, 0, '', '2019-04-17 15:25:22', 'QUESTIONNAIRE_MIGRATION_2019', '2019-04-17 15:25:22', 'QUESTIONNAIRE_MIGRATION_2019'),
	(1302, 19, 19, 859, 3, 187, -1, 9, 1, 0, 0, '', '2019-04-17 15:25:22', 'QUESTIONNAIRE_MIGRATION_2019', '2019-04-17 15:25:22', 'QUESTIONNAIRE_MIGRATION_2019'),
	(1303, 18, 18, 842, 2, 188, -1, 9, 1, 0, 0, '', '2019-04-17 15:25:22', 'QUESTIONNAIRE_MIGRATION_2019', '2019-04-17 15:25:22', 'QUESTIONNAIRE_MIGRATION_2019'),
	(1304, 18, 18, 843, 2, 188, -1, 9, 1, 0, 0, '', '2019-04-17 15:25:22', 'QUESTIONNAIRE_MIGRATION_2019', '2019-04-17 15:25:22', 'QUESTIONNAIRE_MIGRATION_2019'),
	(1305, 18, 18, 844, 2, 188, -1, 9, 1, 0, 0, '', '2019-04-17 15:25:22', 'QUESTIONNAIRE_MIGRATION_2019', '2019-04-17 15:25:22', 'QUESTIONNAIRE_MIGRATION_2019'),
	(1306, 18, 18, 845, 2, 188, -1, 9, 1, 0, 0, '', '2019-04-17 15:25:22', 'QUESTIONNAIRE_MIGRATION_2019', '2019-04-17 15:25:22', 'QUESTIONNAIRE_MIGRATION_2019'),
	(1307, 18, 18, 846, 2, 188, -1, 9, 1, 0, 0, '', '2019-04-17 15:25:22', 'QUESTIONNAIRE_MIGRATION_2019', '2019-04-17 15:25:22', 'QUESTIONNAIRE_MIGRATION_2019'),
	(1308, 18, 18, 847, 2, 188, -1, 9, 1, 0, 0, '', '2019-04-17 15:25:22', 'QUESTIONNAIRE_MIGRATION_2019', '2019-04-17 15:25:22', 'QUESTIONNAIRE_MIGRATION_2019'),
	(1309, 18, 18, 848, 2, 188, -1, 9, 1, 0, 0, '', '2019-04-17 15:25:22', 'QUESTIONNAIRE_MIGRATION_2019', '2019-04-17 15:25:22', 'QUESTIONNAIRE_MIGRATION_2019'),
	(1310, 18, 18, 849, 2, 188, -1, 9, 1, 0, 0, '', '2019-04-17 15:25:22', 'QUESTIONNAIRE_MIGRATION_2019', '2019-04-17 15:25:22', 'QUESTIONNAIRE_MIGRATION_2019'),
	(1311, 18, 18, 850, 2, 188, -1, 9, 1, 0, 0, '', '2019-04-17 15:25:22', 'QUESTIONNAIRE_MIGRATION_2019', '2019-04-17 15:25:22', 'QUESTIONNAIRE_MIGRATION_2019'),
	(1312, 18, 18, 851, 2, 188, -1, 9, 1, 0, 0, '', '2019-04-17 15:25:22', 'QUESTIONNAIRE_MIGRATION_2019', '2019-04-17 15:25:22', 'QUESTIONNAIRE_MIGRATION_2019'),
	(1313, 18, 18, 852, 2, 188, -1, 9, 1, 0, 0, '', '2019-04-17 15:25:22', 'QUESTIONNAIRE_MIGRATION_2019', '2019-04-17 15:25:22', 'QUESTIONNAIRE_MIGRATION_2019'),
	(1314, 19, 19, 853, 2, 189, -1, 16, 1, 0, 0, '', '2019-04-17 15:25:22', 'QUESTIONNAIRE_MIGRATION_2019', '2019-04-17 15:25:22', 'QUESTIONNAIRE_MIGRATION_2019'),
	(1315, 19, 19, 854, 2, 189, -1, 16, 1, 0, 0, '', '2019-04-17 15:25:22', 'QUESTIONNAIRE_MIGRATION_2019', '2019-04-17 15:25:22', 'QUESTIONNAIRE_MIGRATION_2019'),
	(1316, 19, 19, 855, 4, 189, -1, 16, 1, 0, 0, '', '2019-04-17 15:25:22', 'QUESTIONNAIRE_MIGRATION_2019', '2019-04-17 15:25:22', 'QUESTIONNAIRE_MIGRATION_2019'),
	(1317, 19, 19, 856, 4, 189, -1, 16, 1, 0, 0, '', '2019-04-17 15:25:22', 'QUESTIONNAIRE_MIGRATION_2019', '2019-04-17 15:25:22', 'QUESTIONNAIRE_MIGRATION_2019'),
	(1318, 19, 19, 857, 1, 189, -1, 16, 1, 0, 0, '', '2019-04-17 15:25:22', 'QUESTIONNAIRE_MIGRATION_2019', '2019-04-17 15:25:22', 'QUESTIONNAIRE_MIGRATION_2019'),
	(1319, 19, 19, 858, 4, 189, -1, 16, 1, 0, 0, '', '2019-04-17 15:25:22', 'QUESTIONNAIRE_MIGRATION_2019', '2019-04-17 15:25:22', 'QUESTIONNAIRE_MIGRATION_2019'),
	(1320, 19, 19, 859, 3, 189, -1, 16, 1, 0, 0, '', '2019-04-17 15:25:22', 'QUESTIONNAIRE_MIGRATION_2019', '2019-04-17 15:25:22', 'QUESTIONNAIRE_MIGRATION_2019'),
	(1321, 11, 11, 823, 2, 190, -1, 23, 1, 0, 0, '', '2019-04-17 15:25:22', 'QUESTIONNAIRE_MIGRATION_2019', '2019-04-17 15:25:22', 'QUESTIONNAIRE_MIGRATION_2019'),
	(1322, 11, 11, 824, 2, 190, -1, 23, 1, 0, 0, '', '2019-04-17 15:25:22', 'QUESTIONNAIRE_MIGRATION_2019', '2019-04-17 15:25:22', 'QUESTIONNAIRE_MIGRATION_2019'),
	(1323, 11, 11, 811, 1, 190, -1, 23, 1, 0, 0, '', '2019-04-17 15:25:22', 'QUESTIONNAIRE_MIGRATION_2019', '2019-04-17 15:25:22', 'QUESTIONNAIRE_MIGRATION_2019'),
	(1324, 11, 11, 830, 3, 190, -1, 23, 1, 0, 0, '', '2019-04-17 15:25:22', 'QUESTIONNAIRE_MIGRATION_2019', '2019-04-17 15:25:22', 'QUESTIONNAIRE_MIGRATION_2019'),
	(1325, 11, 11, 832, 3, 190, -1, 23, 1, 0, 0, '', '2019-04-17 15:25:22', 'QUESTIONNAIRE_MIGRATION_2019', '2019-04-17 15:25:22', 'QUESTIONNAIRE_MIGRATION_2019'),
	(1326, 20, 20, 860, 4, 191, -1, 23, 1, 0, 0, '', '2019-04-17 15:25:22', 'QUESTIONNAIRE_MIGRATION_2019', '2019-04-17 15:25:22', 'QUESTIONNAIRE_MIGRATION_2019'),
	(1327, 20, 20, 861, 4, 191, -1, 23, 1, 0, 0, '', '2019-04-17 15:25:22', 'QUESTIONNAIRE_MIGRATION_2019', '2019-04-17 15:25:22', 'QUESTIONNAIRE_MIGRATION_2019'),
	(1328, 20, 20, 862, 4, 191, -1, 23, 1, 0, 0, '', '2019-04-17 15:25:22', 'QUESTIONNAIRE_MIGRATION_2019', '2019-04-17 15:25:22', 'QUESTIONNAIRE_MIGRATION_2019'),
	(1329, 12, 12, 793, 2, 192, -1, 23, 1, 0, 0, '', '2019-04-17 15:25:22', 'QUESTIONNAIRE_MIGRATION_2019', '2019-04-17 15:25:22', 'QUESTIONNAIRE_MIGRATION_2019'),
	(1330, 12, 12, 794, 2, 192, -1, 23, 1, 0, 0, '', '2019-04-17 15:25:22', 'QUESTIONNAIRE_MIGRATION_2019', '2019-04-17 15:25:22', 'QUESTIONNAIRE_MIGRATION_2019'),
	(1331, 12, 12, 795, 2, 192, -1, 23, 1, 0, 0, '', '2019-04-17 15:25:22', 'QUESTIONNAIRE_MIGRATION_2019', '2019-04-17 15:25:22', 'QUESTIONNAIRE_MIGRATION_2019'),
	(1332, 12, 12, 791, 2, 192, -1, 23, 1, 0, 0, '', '2019-04-17 15:25:22', 'QUESTIONNAIRE_MIGRATION_2019', '2019-04-17 15:25:22', 'QUESTIONNAIRE_MIGRATION_2019'),
	(1333, 12, 12, 796, 2, 192, -1, 23, 1, 0, 0, '', '2019-04-17 15:25:22', 'QUESTIONNAIRE_MIGRATION_2019', '2019-04-17 15:25:22', 'QUESTIONNAIRE_MIGRATION_2019'),
	(1334, 12, 12, 792, 2, 192, -1, 23, 1, 0, 0, '', '2019-04-17 15:25:22', 'QUESTIONNAIRE_MIGRATION_2019', '2019-04-17 15:25:22', 'QUESTIONNAIRE_MIGRATION_2019'),
	(1335, 12, 12, 799, 2, 192, -1, 23, 1, 0, 0, '', '2019-04-17 15:25:22', 'QUESTIONNAIRE_MIGRATION_2019', '2019-04-17 15:25:22', 'QUESTIONNAIRE_MIGRATION_2019'),
	(1336, 12, 12, 797, 2, 192, -1, 23, 1, 0, 0, '', '2019-04-17 15:25:22', 'QUESTIONNAIRE_MIGRATION_2019', '2019-04-17 15:25:22', 'QUESTIONNAIRE_MIGRATION_2019'),
	(1337, 12, 12, 798, 2, 192, -1, 23, 1, 0, 0, '', '2019-04-17 15:25:22', 'QUESTIONNAIRE_MIGRATION_2019', '2019-04-17 15:25:22', 'QUESTIONNAIRE_MIGRATION_2019'),
	(1338, 11, 11, 823, 2, 193, -1, 24, 1, 0, 0, '', '2019-04-17 15:25:22', 'QUESTIONNAIRE_MIGRATION_2019', '2019-04-17 15:25:22', 'QUESTIONNAIRE_MIGRATION_2019'),
	(1339, 11, 11, 824, 2, 193, -1, 24, 1, 0, 0, '', '2019-04-17 15:25:22', 'QUESTIONNAIRE_MIGRATION_2019', '2019-04-17 15:25:22', 'QUESTIONNAIRE_MIGRATION_2019'),
	(1340, 11, 11, 811, 1, 193, -1, 24, 1, 0, 0, '', '2019-04-17 15:25:22', 'QUESTIONNAIRE_MIGRATION_2019', '2019-04-17 15:25:22', 'QUESTIONNAIRE_MIGRATION_2019'),
	(1341, 11, 11, 830, 3, 193, -1, 24, 1, 0, 0, '', '2019-04-17 15:25:22', 'QUESTIONNAIRE_MIGRATION_2019', '2019-04-17 15:25:22', 'QUESTIONNAIRE_MIGRATION_2019'),
	(1342, 11, 11, 832, 3, 193, -1, 24, 1, 0, 0, '', '2019-04-17 15:25:22', 'QUESTIONNAIRE_MIGRATION_2019', '2019-04-17 15:25:22', 'QUESTIONNAIRE_MIGRATION_2019'),
	(1343, 11, 11, 823, 2, 194, -1, 24, 1, 0, 0, '', '2019-04-17 15:25:22', 'QUESTIONNAIRE_MIGRATION_2019', '2019-04-17 15:25:22', 'QUESTIONNAIRE_MIGRATION_2019'),
	(1344, 11, 11, 824, 2, 194, -1, 24, 1, 0, 0, '', '2019-04-17 15:25:22', 'QUESTIONNAIRE_MIGRATION_2019', '2019-04-17 15:25:22', 'QUESTIONNAIRE_MIGRATION_2019'),
	(1345, 11, 11, 811, 1, 194, -1, 24, 1, 0, 0, '', '2019-04-17 15:25:22', 'QUESTIONNAIRE_MIGRATION_2019', '2019-04-17 15:25:22', 'QUESTIONNAIRE_MIGRATION_2019'),
	(1346, 11, 11, 830, 3, 194, -1, 24, 1, 0, 0, '', '2019-04-17 15:25:22', 'QUESTIONNAIRE_MIGRATION_2019', '2019-04-17 15:25:22', 'QUESTIONNAIRE_MIGRATION_2019'),
	(1347, 11, 11, 832, 3, 194, -1, 24, 1, 0, 0, '', '2019-04-17 15:25:22', 'QUESTIONNAIRE_MIGRATION_2019', '2019-04-17 15:25:22', 'QUESTIONNAIRE_MIGRATION_2019'),
	(1348, 19, 19, 853, 2, 195, -1, 25, 1, 0, 0, '', '2019-04-17 15:25:22', 'QUESTIONNAIRE_MIGRATION_2019', '2019-04-17 15:25:22', 'QUESTIONNAIRE_MIGRATION_2019'),
	(1349, 19, 19, 854, 2, 195, -1, 25, 1, 0, 0, '', '2019-04-17 15:25:22', 'QUESTIONNAIRE_MIGRATION_2019', '2019-04-17 15:25:22', 'QUESTIONNAIRE_MIGRATION_2019'),
	(1350, 19, 19, 855, 4, 195, -1, 25, 1, 0, 0, '', '2019-04-17 15:25:22', 'QUESTIONNAIRE_MIGRATION_2019', '2019-04-17 15:25:22', 'QUESTIONNAIRE_MIGRATION_2019'),
	(1351, 19, 19, 856, 4, 195, -1, 25, 1, 0, 0, '', '2019-04-17 15:25:22', 'QUESTIONNAIRE_MIGRATION_2019', '2019-04-17 15:25:22', 'QUESTIONNAIRE_MIGRATION_2019'),
	(1352, 19, 19, 857, 1, 195, -1, 25, 1, 0, 0, '', '2019-04-17 15:25:22', 'QUESTIONNAIRE_MIGRATION_2019', '2019-04-17 15:25:22', 'QUESTIONNAIRE_MIGRATION_2019'),
	(1353, 19, 19, 858, 4, 195, -1, 25, 1, 0, 0, '', '2019-04-17 15:25:22', 'QUESTIONNAIRE_MIGRATION_2019', '2019-04-17 15:25:22', 'QUESTIONNAIRE_MIGRATION_2019'),
	(1354, 19, 19, 859, 3, 195, -1, 25, 1, 0, 0, '', '2019-04-17 15:25:22', 'QUESTIONNAIRE_MIGRATION_2019', '2019-04-17 15:25:22', 'QUESTIONNAIRE_MIGRATION_2019'),
	(1355, 18, 18, 842, 2, 196, -1, 25, 1, 0, 0, '', '2019-04-17 15:25:22', 'QUESTIONNAIRE_MIGRATION_2019', '2019-04-17 15:25:22', 'QUESTIONNAIRE_MIGRATION_2019'),
	(1356, 18, 18, 843, 2, 196, -1, 25, 1, 0, 0, '', '2019-04-17 15:25:22', 'QUESTIONNAIRE_MIGRATION_2019', '2019-04-17 15:25:22', 'QUESTIONNAIRE_MIGRATION_2019'),
	(1357, 18, 18, 844, 2, 196, -1, 25, 1, 0, 0, '', '2019-04-17 15:25:22', 'QUESTIONNAIRE_MIGRATION_2019', '2019-04-17 15:25:22', 'QUESTIONNAIRE_MIGRATION_2019'),
	(1358, 18, 18, 845, 2, 196, -1, 25, 1, 0, 0, '', '2019-04-17 15:25:22', 'QUESTIONNAIRE_MIGRATION_2019', '2019-04-17 15:25:22', 'QUESTIONNAIRE_MIGRATION_2019'),
	(1359, 18, 18, 846, 2, 196, -1, 25, 1, 0, 0, '', '2019-04-17 15:25:22', 'QUESTIONNAIRE_MIGRATION_2019', '2019-04-17 15:25:22', 'QUESTIONNAIRE_MIGRATION_2019'),
	(1360, 18, 18, 847, 2, 196, -1, 25, 1, 0, 0, '', '2019-04-17 15:25:22', 'QUESTIONNAIRE_MIGRATION_2019', '2019-04-17 15:25:22', 'QUESTIONNAIRE_MIGRATION_2019'),
	(1361, 18, 18, 848, 2, 196, -1, 25, 1, 0, 0, '', '2019-04-17 15:25:22', 'QUESTIONNAIRE_MIGRATION_2019', '2019-04-17 15:25:22', 'QUESTIONNAIRE_MIGRATION_2019'),
	(1362, 18, 18, 849, 2, 196, -1, 25, 1, 0, 0, '', '2019-04-17 15:25:22', 'QUESTIONNAIRE_MIGRATION_2019', '2019-04-17 15:25:22', 'QUESTIONNAIRE_MIGRATION_2019'),
	(1363, 18, 18, 850, 2, 196, -1, 25, 1, 0, 0, '', '2019-04-17 15:25:22', 'QUESTIONNAIRE_MIGRATION_2019', '2019-04-17 15:25:22', 'QUESTIONNAIRE_MIGRATION_2019'),
	(1364, 18, 18, 851, 2, 196, -1, 25, 1, 0, 0, '', '2019-04-17 15:25:22', 'QUESTIONNAIRE_MIGRATION_2019', '2019-04-17 15:25:22', 'QUESTIONNAIRE_MIGRATION_2019'),
	(1365, 18, 18, 852, 2, 196, -1, 25, 1, 0, 0, '', '2019-04-17 15:25:22', 'QUESTIONNAIRE_MIGRATION_2019', '2019-04-17 15:25:22', 'QUESTIONNAIRE_MIGRATION_2019'),
	(1366, 11, 11, 823, 2, 197, -1, 27, 1, 0, 0, '', '2019-04-17 15:25:22', 'QUESTIONNAIRE_MIGRATION_2019', '2019-04-17 15:25:22', 'QUESTIONNAIRE_MIGRATION_2019'),
	(1367, 11, 11, 824, 2, 197, -1, 27, 1, 0, 0, '', '2019-04-17 15:25:22', 'QUESTIONNAIRE_MIGRATION_2019', '2019-04-17 15:25:22', 'QUESTIONNAIRE_MIGRATION_2019'),
	(1368, 11, 11, 811, 1, 197, -1, 27, 1, 0, 0, '', '2019-04-17 15:25:22', 'QUESTIONNAIRE_MIGRATION_2019', '2019-04-17 15:25:22', 'QUESTIONNAIRE_MIGRATION_2019'),
	(1369, 11, 11, 830, 3, 197, -1, 27, 1, 0, 0, '', '2019-04-17 15:25:22', 'QUESTIONNAIRE_MIGRATION_2019', '2019-04-17 15:25:22', 'QUESTIONNAIRE_MIGRATION_2019'),
	(1370, 11, 11, 832, 3, 197, -1, 27, 1, 0, 0, '', '2019-04-17 15:25:22', 'QUESTIONNAIRE_MIGRATION_2019', '2019-04-17 15:25:22', 'QUESTIONNAIRE_MIGRATION_2019'),
	(1371, 18, 18, 842, 2, 198, -1, 30, 1, 0, 0, '', '2019-04-17 15:25:22', 'QUESTIONNAIRE_MIGRATION_2019', '2019-04-17 15:25:22', 'QUESTIONNAIRE_MIGRATION_2019'),
	(1372, 18, 18, 843, 2, 198, -1, 30, 1, 0, 0, '', '2019-04-17 15:25:22', 'QUESTIONNAIRE_MIGRATION_2019', '2019-04-17 15:25:22', 'QUESTIONNAIRE_MIGRATION_2019'),
	(1373, 18, 18, 844, 2, 198, -1, 30, 1, 0, 0, '', '2019-04-17 15:25:22', 'QUESTIONNAIRE_MIGRATION_2019', '2019-04-17 15:25:22', 'QUESTIONNAIRE_MIGRATION_2019'),
	(1374, 18, 18, 845, 2, 198, -1, 30, 1, 0, 0, '', '2019-04-17 15:25:22', 'QUESTIONNAIRE_MIGRATION_2019', '2019-04-17 15:25:22', 'QUESTIONNAIRE_MIGRATION_2019'),
	(1375, 18, 18, 846, 2, 198, -1, 30, 1, 0, 0, '', '2019-04-17 15:25:22', 'QUESTIONNAIRE_MIGRATION_2019', '2019-04-17 15:25:22', 'QUESTIONNAIRE_MIGRATION_2019'),
	(1376, 18, 18, 847, 2, 198, -1, 30, 1, 0, 0, '', '2019-04-17 15:25:22', 'QUESTIONNAIRE_MIGRATION_2019', '2019-04-17 15:25:22', 'QUESTIONNAIRE_MIGRATION_2019'),
	(1377, 18, 18, 848, 2, 198, -1, 30, 1, 0, 0, '', '2019-04-17 15:25:22', 'QUESTIONNAIRE_MIGRATION_2019', '2019-04-17 15:25:22', 'QUESTIONNAIRE_MIGRATION_2019'),
	(1378, 18, 18, 849, 2, 198, -1, 30, 1, 0, 0, '', '2019-04-17 15:25:22', 'QUESTIONNAIRE_MIGRATION_2019', '2019-04-17 15:25:22', 'QUESTIONNAIRE_MIGRATION_2019'),
	(1379, 18, 18, 850, 2, 198, -1, 30, 1, 0, 0, '', '2019-04-17 15:25:22', 'QUESTIONNAIRE_MIGRATION_2019', '2019-04-17 15:25:22', 'QUESTIONNAIRE_MIGRATION_2019'),
	(1380, 18, 18, 851, 2, 198, -1, 30, 1, 0, 0, '', '2019-04-17 15:25:22', 'QUESTIONNAIRE_MIGRATION_2019', '2019-04-17 15:25:22', 'QUESTIONNAIRE_MIGRATION_2019'),
	(1381, 18, 18, 852, 2, 198, -1, 30, 1, 0, 0, '', '2019-04-17 15:25:22', 'QUESTIONNAIRE_MIGRATION_2019', '2019-04-17 15:25:22', 'QUESTIONNAIRE_MIGRATION_2019'),
	(1382, 18, 18, 842, 2, 199, -1, 30, 1, 0, 0, '', '2019-04-17 15:25:22', 'QUESTIONNAIRE_MIGRATION_2019', '2019-04-17 15:25:22', 'QUESTIONNAIRE_MIGRATION_2019'),
	(1383, 18, 18, 843, 2, 199, -1, 30, 1, 0, 0, '', '2019-04-17 15:25:22', 'QUESTIONNAIRE_MIGRATION_2019', '2019-04-17 15:25:22', 'QUESTIONNAIRE_MIGRATION_2019'),
	(1384, 18, 18, 844, 2, 199, -1, 30, 1, 0, 0, '', '2019-04-17 15:25:22', 'QUESTIONNAIRE_MIGRATION_2019', '2019-04-17 15:25:22', 'QUESTIONNAIRE_MIGRATION_2019'),
	(1385, 18, 18, 845, 2, 199, -1, 30, 1, 0, 0, '', '2019-04-17 15:25:22', 'QUESTIONNAIRE_MIGRATION_2019', '2019-04-17 15:25:22', 'QUESTIONNAIRE_MIGRATION_2019'),
	(1386, 18, 18, 846, 2, 199, -1, 30, 1, 0, 0, '', '2019-04-17 15:25:22', 'QUESTIONNAIRE_MIGRATION_2019', '2019-04-17 15:25:22', 'QUESTIONNAIRE_MIGRATION_2019'),
	(1387, 18, 18, 847, 2, 199, -1, 30, 1, 0, 0, '', '2019-04-17 15:25:22', 'QUESTIONNAIRE_MIGRATION_2019', '2019-04-17 15:25:22', 'QUESTIONNAIRE_MIGRATION_2019'),
	(1388, 18, 18, 848, 2, 199, -1, 30, 1, 0, 0, '', '2019-04-17 15:25:22', 'QUESTIONNAIRE_MIGRATION_2019', '2019-04-17 15:25:22', 'QUESTIONNAIRE_MIGRATION_2019'),
	(1389, 18, 18, 849, 2, 199, -1, 30, 1, 0, 0, '', '2019-04-17 15:25:22', 'QUESTIONNAIRE_MIGRATION_2019', '2019-04-17 15:25:22', 'QUESTIONNAIRE_MIGRATION_2019'),
	(1390, 18, 18, 850, 2, 199, -1, 30, 1, 0, 0, '', '2019-04-17 15:25:22', 'QUESTIONNAIRE_MIGRATION_2019', '2019-04-17 15:25:22', 'QUESTIONNAIRE_MIGRATION_2019'),
	(1391, 18, 18, 851, 2, 199, -1, 30, 1, 0, 0, '', '2019-04-17 15:25:22', 'QUESTIONNAIRE_MIGRATION_2019', '2019-04-17 15:25:22', 'QUESTIONNAIRE_MIGRATION_2019'),
	(1392, 18, 18, 852, 2, 199, -1, 30, 1, 0, 0, '', '2019-04-17 15:25:22', 'QUESTIONNAIRE_MIGRATION_2019', '2019-04-17 15:25:22', 'QUESTIONNAIRE_MIGRATION_2019'),
	(1393, 18, 18, 842, 2, 200, -1, 30, 1, 0, 0, '', '2019-04-17 15:25:22', 'QUESTIONNAIRE_MIGRATION_2019', '2019-04-17 15:25:22', 'QUESTIONNAIRE_MIGRATION_2019'),
	(1394, 18, 18, 843, 2, 200, -1, 30, 1, 0, 0, '', '2019-04-17 15:25:22', 'QUESTIONNAIRE_MIGRATION_2019', '2019-04-17 15:25:22', 'QUESTIONNAIRE_MIGRATION_2019'),
	(1395, 18, 18, 844, 2, 200, -1, 30, 1, 0, 0, '', '2019-04-17 15:25:22', 'QUESTIONNAIRE_MIGRATION_2019', '2019-04-17 15:25:22', 'QUESTIONNAIRE_MIGRATION_2019'),
	(1396, 18, 18, 845, 2, 200, -1, 30, 1, 0, 0, '', '2019-04-17 15:25:22', 'QUESTIONNAIRE_MIGRATION_2019', '2019-04-17 15:25:22', 'QUESTIONNAIRE_MIGRATION_2019'),
	(1397, 18, 18, 846, 2, 200, -1, 30, 1, 0, 0, '', '2019-04-17 15:25:22', 'QUESTIONNAIRE_MIGRATION_2019', '2019-04-17 15:25:22', 'QUESTIONNAIRE_MIGRATION_2019'),
	(1398, 18, 18, 847, 2, 200, -1, 30, 1, 0, 0, '', '2019-04-17 15:25:22', 'QUESTIONNAIRE_MIGRATION_2019', '2019-04-17 15:25:22', 'QUESTIONNAIRE_MIGRATION_2019'),
	(1399, 18, 18, 848, 2, 200, -1, 30, 1, 0, 0, '', '2019-04-17 15:25:22', 'QUESTIONNAIRE_MIGRATION_2019', '2019-04-17 15:25:22', 'QUESTIONNAIRE_MIGRATION_2019'),
	(1400, 18, 18, 849, 2, 200, -1, 30, 1, 0, 0, '', '2019-04-17 15:25:22', 'QUESTIONNAIRE_MIGRATION_2019', '2019-04-17 15:25:22', 'QUESTIONNAIRE_MIGRATION_2019'),
	(1401, 18, 18, 850, 2, 200, -1, 30, 1, 0, 0, '', '2019-04-17 15:25:22', 'QUESTIONNAIRE_MIGRATION_2019', '2019-04-17 15:25:22', 'QUESTIONNAIRE_MIGRATION_2019'),
	(1402, 18, 18, 851, 2, 200, -1, 30, 1, 0, 0, '', '2019-04-17 15:25:22', 'QUESTIONNAIRE_MIGRATION_2019', '2019-04-17 15:25:22', 'QUESTIONNAIRE_MIGRATION_2019'),
	(1403, 18, 18, 852, 2, 200, -1, 30, 1, 0, 0, '', '2019-04-17 15:25:22', 'QUESTIONNAIRE_MIGRATION_2019', '2019-04-17 15:25:22', 'QUESTIONNAIRE_MIGRATION_2019'),
	(1404, 18, 18, 842, 2, 201, -1, 30, 1, 0, 0, '', '2019-04-17 15:25:22', 'QUESTIONNAIRE_MIGRATION_2019', '2019-04-17 15:25:22', 'QUESTIONNAIRE_MIGRATION_2019'),
	(1405, 18, 18, 843, 2, 201, -1, 30, 1, 0, 0, '', '2019-04-17 15:25:22', 'QUESTIONNAIRE_MIGRATION_2019', '2019-04-17 15:25:22', 'QUESTIONNAIRE_MIGRATION_2019'),
	(1406, 18, 18, 844, 2, 201, -1, 30, 1, 0, 0, '', '2019-04-17 15:25:22', 'QUESTIONNAIRE_MIGRATION_2019', '2019-04-17 15:25:22', 'QUESTIONNAIRE_MIGRATION_2019'),
	(1407, 18, 18, 845, 2, 201, -1, 30, 1, 0, 0, '', '2019-04-17 15:25:22', 'QUESTIONNAIRE_MIGRATION_2019', '2019-04-17 15:25:22', 'QUESTIONNAIRE_MIGRATION_2019'),
	(1408, 18, 18, 846, 2, 201, -1, 30, 1, 0, 0, '', '2019-04-17 15:25:22', 'QUESTIONNAIRE_MIGRATION_2019', '2019-04-17 15:25:22', 'QUESTIONNAIRE_MIGRATION_2019'),
	(1409, 18, 18, 847, 2, 201, -1, 30, 1, 0, 0, '', '2019-04-17 15:25:22', 'QUESTIONNAIRE_MIGRATION_2019', '2019-04-17 15:25:22', 'QUESTIONNAIRE_MIGRATION_2019'),
	(1410, 18, 18, 848, 2, 201, -1, 30, 1, 0, 0, '', '2019-04-17 15:25:22', 'QUESTIONNAIRE_MIGRATION_2019', '2019-04-17 15:25:22', 'QUESTIONNAIRE_MIGRATION_2019'),
	(1411, 18, 18, 849, 2, 201, -1, 30, 1, 0, 0, '', '2019-04-17 15:25:22', 'QUESTIONNAIRE_MIGRATION_2019', '2019-04-17 15:25:22', 'QUESTIONNAIRE_MIGRATION_2019'),
	(1412, 18, 18, 850, 2, 201, -1, 30, 1, 0, 0, '', '2019-04-17 15:25:22', 'QUESTIONNAIRE_MIGRATION_2019', '2019-04-17 15:25:22', 'QUESTIONNAIRE_MIGRATION_2019'),
	(1413, 18, 18, 851, 2, 201, -1, 30, 1, 0, 0, '', '2019-04-17 15:25:22', 'QUESTIONNAIRE_MIGRATION_2019', '2019-04-17 15:25:22', 'QUESTIONNAIRE_MIGRATION_2019'),
	(1414, 18, 18, 852, 2, 201, -1, 30, 1, 0, 0, '', '2019-04-17 15:25:22', 'QUESTIONNAIRE_MIGRATION_2019', '2019-04-17 15:25:22', 'QUESTIONNAIRE_MIGRATION_2019'),
	(1415, 19, 19, 853, 2, 202, -1, 30, 1, 0, 0, '', '2019-04-17 15:25:22', 'QUESTIONNAIRE_MIGRATION_2019', '2019-04-17 15:25:22', 'QUESTIONNAIRE_MIGRATION_2019'),
	(1416, 19, 19, 854, 2, 202, -1, 30, 1, 0, 0, '', '2019-04-17 15:25:22', 'QUESTIONNAIRE_MIGRATION_2019', '2019-04-17 15:25:22', 'QUESTIONNAIRE_MIGRATION_2019'),
	(1417, 19, 19, 855, 4, 202, -1, 30, 1, 0, 0, '', '2019-04-17 15:25:22', 'QUESTIONNAIRE_MIGRATION_2019', '2019-04-17 15:25:22', 'QUESTIONNAIRE_MIGRATION_2019'),
	(1418, 19, 19, 856, 4, 202, -1, 30, 1, 0, 0, '', '2019-04-17 15:25:22', 'QUESTIONNAIRE_MIGRATION_2019', '2019-04-17 15:25:22', 'QUESTIONNAIRE_MIGRATION_2019'),
	(1419, 19, 19, 857, 1, 202, -1, 30, 1, 0, 0, '', '2019-04-17 15:25:22', 'QUESTIONNAIRE_MIGRATION_2019', '2019-04-17 15:25:22', 'QUESTIONNAIRE_MIGRATION_2019'),
	(1420, 19, 19, 858, 4, 202, -1, 30, 1, 0, 0, '', '2019-04-17 15:25:22', 'QUESTIONNAIRE_MIGRATION_2019', '2019-04-17 15:25:22', 'QUESTIONNAIRE_MIGRATION_2019'),
	(1421, 19, 19, 859, 3, 202, -1, 30, 1, 0, 0, '', '2019-04-17 15:25:22', 'QUESTIONNAIRE_MIGRATION_2019', '2019-04-17 15:25:22', 'QUESTIONNAIRE_MIGRATION_2019'),
	(1422, 18, 18, 842, 2, 203, -1, 35, 1, 0, 0, '', '2019-04-17 15:25:22', 'QUESTIONNAIRE_MIGRATION_2019', '2019-04-17 15:25:22', 'QUESTIONNAIRE_MIGRATION_2019'),
	(1423, 18, 18, 843, 2, 203, -1, 35, 1, 0, 0, '', '2019-04-17 15:25:22', 'QUESTIONNAIRE_MIGRATION_2019', '2019-04-17 15:25:22', 'QUESTIONNAIRE_MIGRATION_2019'),
	(1424, 18, 18, 844, 2, 203, -1, 35, 1, 0, 0, '', '2019-04-17 15:25:22', 'QUESTIONNAIRE_MIGRATION_2019', '2019-04-17 15:25:22', 'QUESTIONNAIRE_MIGRATION_2019'),
	(1425, 18, 18, 845, 2, 203, -1, 35, 1, 0, 0, '', '2019-04-17 15:25:22', 'QUESTIONNAIRE_MIGRATION_2019', '2019-04-17 15:25:22', 'QUESTIONNAIRE_MIGRATION_2019'),
	(1426, 18, 18, 846, 2, 203, -1, 35, 1, 0, 0, '', '2019-04-17 15:25:22', 'QUESTIONNAIRE_MIGRATION_2019', '2019-04-17 15:25:22', 'QUESTIONNAIRE_MIGRATION_2019'),
	(1427, 18, 18, 847, 2, 203, -1, 35, 1, 0, 0, '', '2019-04-17 15:25:22', 'QUESTIONNAIRE_MIGRATION_2019', '2019-04-17 15:25:22', 'QUESTIONNAIRE_MIGRATION_2019'),
	(1428, 18, 18, 848, 2, 203, -1, 35, 1, 0, 0, '', '2019-04-17 15:25:22', 'QUESTIONNAIRE_MIGRATION_2019', '2019-04-17 15:25:22', 'QUESTIONNAIRE_MIGRATION_2019'),
	(1429, 18, 18, 849, 2, 203, -1, 35, 1, 0, 0, '', '2019-04-17 15:25:22', 'QUESTIONNAIRE_MIGRATION_2019', '2019-04-17 15:25:22', 'QUESTIONNAIRE_MIGRATION_2019'),
	(1430, 18, 18, 850, 2, 203, -1, 35, 1, 0, 0, '', '2019-04-17 15:25:22', 'QUESTIONNAIRE_MIGRATION_2019', '2019-04-17 15:25:22', 'QUESTIONNAIRE_MIGRATION_2019'),
	(1431, 18, 18, 851, 2, 203, -1, 35, 1, 0, 0, '', '2019-04-17 15:25:22', 'QUESTIONNAIRE_MIGRATION_2019', '2019-04-17 15:25:22', 'QUESTIONNAIRE_MIGRATION_2019'),
	(1432, 18, 18, 852, 2, 203, -1, 35, 1, 0, 0, '', '2019-04-17 15:25:22', 'QUESTIONNAIRE_MIGRATION_2019', '2019-04-17 15:25:22', 'QUESTIONNAIRE_MIGRATION_2019'),
	(1433, 19, 19, 853, 2, 204, -1, 35, 1, 0, 0, '', '2019-04-17 15:25:22', 'QUESTIONNAIRE_MIGRATION_2019', '2019-04-17 15:25:22', 'QUESTIONNAIRE_MIGRATION_2019'),
	(1434, 19, 19, 854, 2, 204, -1, 35, 1, 0, 0, '', '2019-04-17 15:25:22', 'QUESTIONNAIRE_MIGRATION_2019', '2019-04-17 15:25:22', 'QUESTIONNAIRE_MIGRATION_2019'),
	(1435, 19, 19, 855, 4, 204, -1, 35, 1, 0, 0, '', '2019-04-17 15:25:22', 'QUESTIONNAIRE_MIGRATION_2019', '2019-04-17 15:25:22', 'QUESTIONNAIRE_MIGRATION_2019'),
	(1436, 19, 19, 856, 4, 204, -1, 35, 1, 0, 0, '', '2019-04-17 15:25:22', 'QUESTIONNAIRE_MIGRATION_2019', '2019-04-17 15:25:22', 'QUESTIONNAIRE_MIGRATION_2019'),
	(1437, 19, 19, 857, 1, 204, -1, 35, 1, 0, 0, '', '2019-04-17 15:25:22', 'QUESTIONNAIRE_MIGRATION_2019', '2019-04-17 15:25:22', 'QUESTIONNAIRE_MIGRATION_2019'),
	(1438, 19, 19, 858, 4, 204, -1, 35, 1, 0, 0, '', '2019-04-17 15:25:22', 'QUESTIONNAIRE_MIGRATION_2019', '2019-04-17 15:25:22', 'QUESTIONNAIRE_MIGRATION_2019'),
	(1439, 19, 19, 859, 3, 204, -1, 35, 1, 0, 0, '', '2019-04-17 15:25:22', 'QUESTIONNAIRE_MIGRATION_2019', '2019-04-17 15:25:22', 'QUESTIONNAIRE_MIGRATION_2019'),
	(1440, 19, 19, 853, 2, 205, -1, 36, 1, 0, 0, '', '2019-04-17 15:25:22', 'QUESTIONNAIRE_MIGRATION_2019', '2019-04-17 15:25:22', 'QUESTIONNAIRE_MIGRATION_2019'),
	(1441, 19, 19, 854, 2, 205, -1, 36, 1, 0, 0, '', '2019-04-17 15:25:22', 'QUESTIONNAIRE_MIGRATION_2019', '2019-04-17 15:25:22', 'QUESTIONNAIRE_MIGRATION_2019'),
	(1442, 19, 19, 855, 4, 205, -1, 36, 1, 0, 0, '', '2019-04-17 15:25:22', 'QUESTIONNAIRE_MIGRATION_2019', '2019-04-17 15:25:22', 'QUESTIONNAIRE_MIGRATION_2019'),
	(1443, 19, 19, 856, 4, 205, -1, 36, 1, 0, 0, '', '2019-04-17 15:25:22', 'QUESTIONNAIRE_MIGRATION_2019', '2019-04-17 15:25:22', 'QUESTIONNAIRE_MIGRATION_2019'),
	(1444, 19, 19, 857, 1, 205, -1, 36, 1, 0, 0, '', '2019-04-17 15:25:22', 'QUESTIONNAIRE_MIGRATION_2019', '2019-04-17 15:25:22', 'QUESTIONNAIRE_MIGRATION_2019'),
	(1445, 19, 19, 858, 4, 205, -1, 36, 1, 0, 0, '', '2019-04-17 15:25:22', 'QUESTIONNAIRE_MIGRATION_2019', '2019-04-17 15:25:22', 'QUESTIONNAIRE_MIGRATION_2019'),
	(1446, 19, 19, 853, 2, 206, -1, 37, 1, 0, 0, '', '2019-04-17 15:25:22', 'QUESTIONNAIRE_MIGRATION_2019', '2019-04-17 15:25:22', 'QUESTIONNAIRE_MIGRATION_2019'),
	(1447, 19, 19, 854, 2, 206, -1, 37, 1, 0, 0, '', '2019-04-17 15:25:22', 'QUESTIONNAIRE_MIGRATION_2019', '2019-04-17 15:25:22', 'QUESTIONNAIRE_MIGRATION_2019'),
	(1448, 19, 19, 855, 4, 206, -1, 37, 1, 0, 0, '', '2019-04-17 15:25:22', 'QUESTIONNAIRE_MIGRATION_2019', '2019-04-17 15:25:22', 'QUESTIONNAIRE_MIGRATION_2019'),
	(1449, 19, 19, 856, 4, 206, -1, 37, 1, 0, 0, '', '2019-04-17 15:25:22', 'QUESTIONNAIRE_MIGRATION_2019', '2019-04-17 15:25:22', 'QUESTIONNAIRE_MIGRATION_2019'),
	(1450, 19, 19, 857, 1, 206, -1, 37, 1, 0, 0, '', '2019-04-17 15:25:22', 'QUESTIONNAIRE_MIGRATION_2019', '2019-04-17 15:25:22', 'QUESTIONNAIRE_MIGRATION_2019'),
	(1451, 19, 19, 858, 4, 206, -1, 37, 1, 0, 0, '', '2019-04-17 15:25:22', 'QUESTIONNAIRE_MIGRATION_2019', '2019-04-17 15:25:22', 'QUESTIONNAIRE_MIGRATION_2019'),
	(1452, 19, 19, 859, 3, 206, -1, 37, 1, 0, 0, '', '2019-04-17 15:25:22', 'QUESTIONNAIRE_MIGRATION_2019', '2019-04-17 15:25:22', 'QUESTIONNAIRE_MIGRATION_2019'),
	(1453, 19, 19, 853, 2, 207, -1, 42, 1, 0, 0, '', '2019-04-17 15:25:22', 'QUESTIONNAIRE_MIGRATION_2019', '2019-04-17 15:25:22', 'QUESTIONNAIRE_MIGRATION_2019'),
	(1454, 19, 19, 854, 2, 207, -1, 42, 1, 0, 0, '', '2019-04-17 15:25:22', 'QUESTIONNAIRE_MIGRATION_2019', '2019-04-17 15:25:22', 'QUESTIONNAIRE_MIGRATION_2019'),
	(1455, 19, 19, 855, 4, 207, -1, 42, 1, 0, 0, '', '2019-04-17 15:25:22', 'QUESTIONNAIRE_MIGRATION_2019', '2019-04-17 15:25:22', 'QUESTIONNAIRE_MIGRATION_2019'),
	(1456, 19, 19, 856, 4, 207, -1, 42, 1, 0, 0, '', '2019-04-17 15:25:22', 'QUESTIONNAIRE_MIGRATION_2019', '2019-04-17 15:25:22', 'QUESTIONNAIRE_MIGRATION_2019'),
	(1457, 19, 19, 857, 1, 207, -1, 42, 1, 0, 0, '', '2019-04-17 15:25:22', 'QUESTIONNAIRE_MIGRATION_2019', '2019-04-17 15:25:22', 'QUESTIONNAIRE_MIGRATION_2019'),
	(1458, 19, 19, 858, 4, 207, -1, 42, 1, 0, 0, '', '2019-04-17 15:25:22', 'QUESTIONNAIRE_MIGRATION_2019', '2019-04-17 15:25:22', 'QUESTIONNAIRE_MIGRATION_2019'),
	(1459, 19, 19, 859, 3, 207, -1, 42, 1, 0, 0, '', '2019-04-17 15:25:22', 'QUESTIONNAIRE_MIGRATION_2019', '2019-04-17 15:25:22', 'QUESTIONNAIRE_MIGRATION_2019'),
	(1460, 19, 19, 853, 2, 208, -1, 43, 1, 0, 0, '', '2019-04-17 15:25:22', 'QUESTIONNAIRE_MIGRATION_2019', '2019-04-17 15:25:22', 'QUESTIONNAIRE_MIGRATION_2019'),
	(1461, 19, 19, 854, 2, 208, -1, 43, 1, 0, 0, '', '2019-04-17 15:25:22', 'QUESTIONNAIRE_MIGRATION_2019', '2019-04-17 15:25:22', 'QUESTIONNAIRE_MIGRATION_2019'),
	(1462, 19, 19, 855, 4, 208, -1, 43, 1, 0, 0, '', '2019-04-17 15:25:22', 'QUESTIONNAIRE_MIGRATION_2019', '2019-04-17 15:25:22', 'QUESTIONNAIRE_MIGRATION_2019'),
	(1463, 19, 19, 856, 4, 208, -1, 43, 1, 0, 0, '', '2019-04-17 15:25:22', 'QUESTIONNAIRE_MIGRATION_2019', '2019-04-17 15:25:22', 'QUESTIONNAIRE_MIGRATION_2019'),
	(1464, 19, 19, 857, 1, 208, -1, 43, 1, 0, 0, '', '2019-04-17 15:25:22', 'QUESTIONNAIRE_MIGRATION_2019', '2019-04-17 15:25:22', 'QUESTIONNAIRE_MIGRATION_2019'),
	(1465, 19, 19, 858, 4, 208, -1, 43, 1, 0, 0, '', '2019-04-17 15:25:22', 'QUESTIONNAIRE_MIGRATION_2019', '2019-04-17 15:25:22', 'QUESTIONNAIRE_MIGRATION_2019'),
	(1466, 19, 19, 859, 3, 208, -1, 43, 1, 0, 0, '', '2019-04-17 15:25:22', 'QUESTIONNAIRE_MIGRATION_2019', '2019-04-17 15:25:22', 'QUESTIONNAIRE_MIGRATION_2019'),
	(1467, 19, 19, 853, 2, 209, -1, 44, 1, 0, 0, '', '2019-04-17 15:25:22', 'QUESTIONNAIRE_MIGRATION_2019', '2019-04-17 15:25:22', 'QUESTIONNAIRE_MIGRATION_2019'),
	(1468, 19, 19, 854, 2, 209, -1, 44, 1, 0, 0, '', '2019-04-17 15:25:22', 'QUESTIONNAIRE_MIGRATION_2019', '2019-04-17 15:25:22', 'QUESTIONNAIRE_MIGRATION_2019'),
	(1469, 19, 19, 855, 4, 209, -1, 44, 1, 0, 0, '', '2019-04-17 15:25:22', 'QUESTIONNAIRE_MIGRATION_2019', '2019-04-17 15:25:22', 'QUESTIONNAIRE_MIGRATION_2019'),
	(1470, 19, 19, 856, 4, 209, -1, 44, 1, 0, 0, '', '2019-04-17 15:25:22', 'QUESTIONNAIRE_MIGRATION_2019', '2019-04-17 15:25:22', 'QUESTIONNAIRE_MIGRATION_2019'),
	(1471, 19, 19, 857, 1, 209, -1, 44, 1, 0, 0, '', '2019-04-17 15:25:22', 'QUESTIONNAIRE_MIGRATION_2019', '2019-04-17 15:25:22', 'QUESTIONNAIRE_MIGRATION_2019'),
	(1472, 19, 19, 858, 4, 209, -1, 44, 1, 0, 0, '', '2019-04-17 15:25:22', 'QUESTIONNAIRE_MIGRATION_2019', '2019-04-17 15:25:22', 'QUESTIONNAIRE_MIGRATION_2019'),
	(1473, 19, 19, 859, 3, 209, -1, 44, 1, 0, 0, '', '2019-04-17 15:25:22', 'QUESTIONNAIRE_MIGRATION_2019', '2019-04-17 15:25:22', 'QUESTIONNAIRE_MIGRATION_2019'),
	(1474, 19, 19, 853, 2, 210, -1, 49, 1, 0, 0, '', '2019-04-17 15:25:22', 'QUESTIONNAIRE_MIGRATION_2019', '2019-04-17 15:25:22', 'QUESTIONNAIRE_MIGRATION_2019'),
	(1475, 19, 19, 854, 2, 210, -1, 49, 1, 0, 0, '', '2019-04-17 15:25:22', 'QUESTIONNAIRE_MIGRATION_2019', '2019-04-17 15:25:22', 'QUESTIONNAIRE_MIGRATION_2019'),
	(1476, 19, 19, 855, 4, 210, -1, 49, 1, 0, 0, '', '2019-04-17 15:25:22', 'QUESTIONNAIRE_MIGRATION_2019', '2019-04-17 15:25:22', 'QUESTIONNAIRE_MIGRATION_2019'),
	(1477, 19, 19, 856, 4, 210, -1, 49, 1, 0, 0, '', '2019-04-17 15:25:22', 'QUESTIONNAIRE_MIGRATION_2019', '2019-04-17 15:25:22', 'QUESTIONNAIRE_MIGRATION_2019'),
	(1478, 19, 19, 857, 1, 210, -1, 49, 1, 0, 0, '', '2019-04-17 15:25:22', 'QUESTIONNAIRE_MIGRATION_2019', '2019-04-17 15:25:22', 'QUESTIONNAIRE_MIGRATION_2019'),
	(1479, 19, 19, 858, 4, 210, -1, 49, 1, 0, 0, '', '2019-04-17 15:25:22', 'QUESTIONNAIRE_MIGRATION_2019', '2019-04-17 15:25:22', 'QUESTIONNAIRE_MIGRATION_2019'),
	(1480, 19, 19, 853, 2, 211, -1, 50, 1, 0, 0, '', '2019-04-17 15:25:22', 'QUESTIONNAIRE_MIGRATION_2019', '2019-04-17 15:25:22', 'QUESTIONNAIRE_MIGRATION_2019'),
	(1481, 19, 19, 854, 2, 211, -1, 50, 1, 0, 0, '', '2019-04-17 15:25:22', 'QUESTIONNAIRE_MIGRATION_2019', '2019-04-17 15:25:22', 'QUESTIONNAIRE_MIGRATION_2019'),
	(1482, 19, 19, 855, 4, 211, -1, 50, 1, 0, 0, '', '2019-04-17 15:25:22', 'QUESTIONNAIRE_MIGRATION_2019', '2019-04-17 15:25:22', 'QUESTIONNAIRE_MIGRATION_2019'),
	(1483, 19, 19, 856, 4, 211, -1, 50, 1, 0, 0, '', '2019-04-17 15:25:22', 'QUESTIONNAIRE_MIGRATION_2019', '2019-04-17 15:25:22', 'QUESTIONNAIRE_MIGRATION_2019'),
	(1484, 19, 19, 857, 1, 211, -1, 50, 1, 0, 0, '', '2019-04-17 15:25:22', 'QUESTIONNAIRE_MIGRATION_2019', '2019-04-17 15:25:22', 'QUESTIONNAIRE_MIGRATION_2019'),
	(1485, 19, 19, 858, 4, 211, -1, 50, 1, 0, 0, '', '2019-04-17 15:25:22', 'QUESTIONNAIRE_MIGRATION_2019', '2019-04-17 15:25:22', 'QUESTIONNAIRE_MIGRATION_2019'),
	(1486, 19, 19, 859, 3, 211, -1, 50, 1, 0, 0, '', '2019-04-17 15:25:22', 'QUESTIONNAIRE_MIGRATION_2019', '2019-04-17 15:25:22', 'QUESTIONNAIRE_MIGRATION_2019'),
	(1487, 19, 19, 853, 2, 212, -1, 53, 1, 0, 0, '', '2019-04-17 15:25:22', 'QUESTIONNAIRE_MIGRATION_2019', '2019-04-17 15:25:22', 'QUESTIONNAIRE_MIGRATION_2019'),
	(1488, 19, 19, 854, 2, 212, -1, 53, 1, 0, 0, '', '2019-04-17 15:25:22', 'QUESTIONNAIRE_MIGRATION_2019', '2019-04-17 15:25:22', 'QUESTIONNAIRE_MIGRATION_2019'),
	(1489, 19, 19, 855, 4, 212, -1, 53, 1, 0, 0, '', '2019-04-17 15:25:22', 'QUESTIONNAIRE_MIGRATION_2019', '2019-04-17 15:25:22', 'QUESTIONNAIRE_MIGRATION_2019'),
	(1490, 19, 19, 856, 4, 212, -1, 53, 1, 0, 0, '', '2019-04-17 15:25:22', 'QUESTIONNAIRE_MIGRATION_2019', '2019-04-17 15:25:22', 'QUESTIONNAIRE_MIGRATION_2019'),
	(1491, 19, 19, 857, 1, 212, -1, 53, 1, 0, 0, '', '2019-04-17 15:25:22', 'QUESTIONNAIRE_MIGRATION_2019', '2019-04-17 15:25:22', 'QUESTIONNAIRE_MIGRATION_2019'),
	(1492, 19, 19, 858, 4, 212, -1, 53, 1, 0, 0, '', '2019-04-17 15:25:22', 'QUESTIONNAIRE_MIGRATION_2019', '2019-04-17 15:25:22', 'QUESTIONNAIRE_MIGRATION_2019'),
	(1493, 19, 19, 859, 3, 212, -1, 53, 1, 0, 0, '', '2019-04-17 15:25:22', 'QUESTIONNAIRE_MIGRATION_2019', '2019-04-17 15:25:22', 'QUESTIONNAIRE_MIGRATION_2019'),
	(1494, 18, 18, 842, 2, 213, -1, 53, 1, 0, 0, '', '2019-04-17 15:25:22', 'QUESTIONNAIRE_MIGRATION_2019', '2019-04-17 15:25:22', 'QUESTIONNAIRE_MIGRATION_2019'),
	(1495, 18, 18, 843, 2, 213, -1, 53, 1, 0, 0, '', '2019-04-17 15:25:22', 'QUESTIONNAIRE_MIGRATION_2019', '2019-04-17 15:25:22', 'QUESTIONNAIRE_MIGRATION_2019'),
	(1496, 18, 18, 844, 2, 213, -1, 53, 1, 0, 0, '', '2019-04-17 15:25:22', 'QUESTIONNAIRE_MIGRATION_2019', '2019-04-17 15:25:22', 'QUESTIONNAIRE_MIGRATION_2019'),
	(1497, 18, 18, 845, 2, 213, -1, 53, 1, 0, 0, '', '2019-04-17 15:25:22', 'QUESTIONNAIRE_MIGRATION_2019', '2019-04-17 15:25:22', 'QUESTIONNAIRE_MIGRATION_2019'),
	(1498, 18, 18, 846, 2, 213, -1, 53, 1, 0, 0, '', '2019-04-17 15:25:22', 'QUESTIONNAIRE_MIGRATION_2019', '2019-04-17 15:25:22', 'QUESTIONNAIRE_MIGRATION_2019'),
	(1499, 18, 18, 847, 2, 213, -1, 53, 1, 0, 0, '', '2019-04-17 15:25:22', 'QUESTIONNAIRE_MIGRATION_2019', '2019-04-17 15:25:22', 'QUESTIONNAIRE_MIGRATION_2019'),
	(1500, 18, 18, 848, 2, 213, -1, 53, 1, 0, 0, '', '2019-04-17 15:25:22', 'QUESTIONNAIRE_MIGRATION_2019', '2019-04-17 15:25:22', 'QUESTIONNAIRE_MIGRATION_2019'),
	(1501, 18, 18, 849, 2, 213, -1, 53, 1, 0, 0, '', '2019-04-17 15:25:22', 'QUESTIONNAIRE_MIGRATION_2019', '2019-04-17 15:25:22', 'QUESTIONNAIRE_MIGRATION_2019'),
	(1502, 18, 18, 850, 2, 213, -1, 53, 1, 0, 0, '', '2019-04-17 15:25:22', 'QUESTIONNAIRE_MIGRATION_2019', '2019-04-17 15:25:22', 'QUESTIONNAIRE_MIGRATION_2019'),
	(1503, 18, 18, 851, 2, 213, -1, 53, 1, 0, 0, '', '2019-04-17 15:25:22', 'QUESTIONNAIRE_MIGRATION_2019', '2019-04-17 15:25:22', 'QUESTIONNAIRE_MIGRATION_2019'),
	(1504, 18, 18, 852, 2, 213, -1, 53, 1, 0, 0, '', '2019-04-17 15:25:22', 'QUESTIONNAIRE_MIGRATION_2019', '2019-04-17 15:25:22', 'QUESTIONNAIRE_MIGRATION_2019'),
	(1505, 19, 19, 853, 2, 214, -1, 54, 1, 0, 0, '', '2019-04-17 15:25:22', 'QUESTIONNAIRE_MIGRATION_2019', '2019-04-17 15:25:22', 'QUESTIONNAIRE_MIGRATION_2019'),
	(1506, 19, 19, 854, 2, 214, -1, 54, 1, 0, 0, '', '2019-04-17 15:25:22', 'QUESTIONNAIRE_MIGRATION_2019', '2019-04-17 15:25:22', 'QUESTIONNAIRE_MIGRATION_2019'),
	(1507, 19, 19, 855, 4, 214, -1, 54, 1, 0, 0, '', '2019-04-17 15:25:22', 'QUESTIONNAIRE_MIGRATION_2019', '2019-04-17 15:25:22', 'QUESTIONNAIRE_MIGRATION_2019'),
	(1508, 19, 19, 856, 4, 214, -1, 54, 1, 0, 0, '', '2019-04-17 15:25:22', 'QUESTIONNAIRE_MIGRATION_2019', '2019-04-17 15:25:22', 'QUESTIONNAIRE_MIGRATION_2019'),
	(1509, 19, 19, 857, 1, 214, -1, 54, 1, 0, 0, '', '2019-04-17 15:25:22', 'QUESTIONNAIRE_MIGRATION_2019', '2019-04-17 15:25:22', 'QUESTIONNAIRE_MIGRATION_2019'),
	(1510, 19, 19, 858, 4, 214, -1, 54, 1, 0, 0, '', '2019-04-17 15:25:22', 'QUESTIONNAIRE_MIGRATION_2019', '2019-04-17 15:25:22', 'QUESTIONNAIRE_MIGRATION_2019'),
	(1511, 19, 19, 859, 3, 214, -1, 54, 1, 0, 0, '', '2019-04-17 15:25:22', 'QUESTIONNAIRE_MIGRATION_2019', '2019-04-17 15:25:22', 'QUESTIONNAIRE_MIGRATION_2019'),
	(1512, 18, 18, 842, 2, 215, -1, 54, 1, 0, 0, '', '2019-04-17 15:25:22', 'QUESTIONNAIRE_MIGRATION_2019', '2019-04-17 15:25:22', 'QUESTIONNAIRE_MIGRATION_2019'),
	(1513, 18, 18, 843, 2, 215, -1, 54, 1, 0, 0, '', '2019-04-17 15:25:22', 'QUESTIONNAIRE_MIGRATION_2019', '2019-04-17 15:25:22', 'QUESTIONNAIRE_MIGRATION_2019'),
	(1514, 18, 18, 844, 2, 215, -1, 54, 1, 0, 0, '', '2019-04-17 15:25:22', 'QUESTIONNAIRE_MIGRATION_2019', '2019-04-17 15:25:22', 'QUESTIONNAIRE_MIGRATION_2019'),
	(1515, 18, 18, 845, 2, 215, -1, 54, 1, 0, 0, '', '2019-04-17 15:25:22', 'QUESTIONNAIRE_MIGRATION_2019', '2019-04-17 15:25:22', 'QUESTIONNAIRE_MIGRATION_2019'),
	(1516, 18, 18, 846, 2, 215, -1, 54, 1, 0, 0, '', '2019-04-17 15:25:22', 'QUESTIONNAIRE_MIGRATION_2019', '2019-04-17 15:25:22', 'QUESTIONNAIRE_MIGRATION_2019'),
	(1517, 18, 18, 847, 2, 215, -1, 54, 1, 0, 0, '', '2019-04-17 15:25:22', 'QUESTIONNAIRE_MIGRATION_2019', '2019-04-17 15:25:22', 'QUESTIONNAIRE_MIGRATION_2019'),
	(1518, 18, 18, 848, 2, 215, -1, 54, 1, 0, 0, '', '2019-04-17 15:25:22', 'QUESTIONNAIRE_MIGRATION_2019', '2019-04-17 15:25:22', 'QUESTIONNAIRE_MIGRATION_2019'),
	(1519, 18, 18, 849, 2, 215, -1, 54, 1, 0, 0, '', '2019-04-17 15:25:22', 'QUESTIONNAIRE_MIGRATION_2019', '2019-04-17 15:25:22', 'QUESTIONNAIRE_MIGRATION_2019'),
	(1520, 18, 18, 850, 2, 215, -1, 54, 1, 0, 0, '', '2019-04-17 15:25:22', 'QUESTIONNAIRE_MIGRATION_2019', '2019-04-17 15:25:22', 'QUESTIONNAIRE_MIGRATION_2019'),
	(1521, 18, 18, 851, 2, 215, -1, 54, 1, 0, 0, '', '2019-04-17 15:25:22', 'QUESTIONNAIRE_MIGRATION_2019', '2019-04-17 15:25:22', 'QUESTIONNAIRE_MIGRATION_2019'),
	(1522, 18, 18, 852, 2, 215, -1, 54, 1, 0, 0, '', '2019-04-17 15:25:22', 'QUESTIONNAIRE_MIGRATION_2019', '2019-04-17 15:25:22', 'QUESTIONNAIRE_MIGRATION_2019'),
	(1523, 18, 18, 842, 2, 216, -1, 59, 1, 0, 0, '', '2019-04-17 15:25:22', 'QUESTIONNAIRE_MIGRATION_2019', '2019-04-17 15:25:22', 'QUESTIONNAIRE_MIGRATION_2019'),
	(1524, 18, 18, 843, 2, 216, -1, 59, 1, 0, 0, '', '2019-04-17 15:25:22', 'QUESTIONNAIRE_MIGRATION_2019', '2019-04-17 15:25:22', 'QUESTIONNAIRE_MIGRATION_2019'),
	(1525, 18, 18, 844, 2, 216, -1, 59, 1, 0, 0, '', '2019-04-17 15:25:22', 'QUESTIONNAIRE_MIGRATION_2019', '2019-04-17 15:25:22', 'QUESTIONNAIRE_MIGRATION_2019'),
	(1526, 18, 18, 845, 2, 216, -1, 59, 1, 0, 0, '', '2019-04-17 15:25:22', 'QUESTIONNAIRE_MIGRATION_2019', '2019-04-17 15:25:22', 'QUESTIONNAIRE_MIGRATION_2019'),
	(1527, 18, 18, 846, 2, 216, -1, 59, 1, 0, 0, '', '2019-04-17 15:25:22', 'QUESTIONNAIRE_MIGRATION_2019', '2019-04-17 15:25:22', 'QUESTIONNAIRE_MIGRATION_2019'),
	(1528, 18, 18, 847, 2, 216, -1, 59, 1, 0, 0, '', '2019-04-17 15:25:22', 'QUESTIONNAIRE_MIGRATION_2019', '2019-04-17 15:25:22', 'QUESTIONNAIRE_MIGRATION_2019'),
	(1529, 18, 18, 848, 2, 216, -1, 59, 1, 0, 0, '', '2019-04-17 15:25:22', 'QUESTIONNAIRE_MIGRATION_2019', '2019-04-17 15:25:22', 'QUESTIONNAIRE_MIGRATION_2019'),
	(1530, 18, 18, 849, 2, 216, -1, 59, 1, 0, 0, '', '2019-04-17 15:25:22', 'QUESTIONNAIRE_MIGRATION_2019', '2019-04-17 15:25:22', 'QUESTIONNAIRE_MIGRATION_2019'),
	(1531, 18, 18, 850, 2, 216, -1, 59, 1, 0, 0, '', '2019-04-17 15:25:22', 'QUESTIONNAIRE_MIGRATION_2019', '2019-04-17 15:25:22', 'QUESTIONNAIRE_MIGRATION_2019'),
	(1532, 18, 18, 851, 2, 216, -1, 59, 1, 0, 0, '', '2019-04-17 15:25:22', 'QUESTIONNAIRE_MIGRATION_2019', '2019-04-17 15:25:22', 'QUESTIONNAIRE_MIGRATION_2019'),
	(1533, 18, 18, 852, 2, 216, -1, 59, 1, 0, 0, '', '2019-04-17 15:25:22', 'QUESTIONNAIRE_MIGRATION_2019', '2019-04-17 15:25:22', 'QUESTIONNAIRE_MIGRATION_2019'),
	(1534, 19, 19, 853, 2, 217, -1, 60, 1, 0, 0, '', '2019-04-17 15:25:22', 'QUESTIONNAIRE_MIGRATION_2019', '2019-04-17 15:25:22', 'QUESTIONNAIRE_MIGRATION_2019'),
	(1535, 19, 19, 854, 2, 217, -1, 60, 1, 0, 0, '', '2019-04-17 15:25:22', 'QUESTIONNAIRE_MIGRATION_2019', '2019-04-17 15:25:22', 'QUESTIONNAIRE_MIGRATION_2019'),
	(1536, 19, 19, 855, 4, 217, -1, 60, 1, 0, 0, '', '2019-04-17 15:25:22', 'QUESTIONNAIRE_MIGRATION_2019', '2019-04-17 15:25:22', 'QUESTIONNAIRE_MIGRATION_2019'),
	(1537, 19, 19, 856, 4, 217, -1, 60, 1, 0, 0, '', '2019-04-17 15:25:22', 'QUESTIONNAIRE_MIGRATION_2019', '2019-04-17 15:25:22', 'QUESTIONNAIRE_MIGRATION_2019'),
	(1538, 19, 19, 857, 1, 217, -1, 60, 1, 0, 0, '', '2019-04-17 15:25:22', 'QUESTIONNAIRE_MIGRATION_2019', '2019-04-17 15:25:22', 'QUESTIONNAIRE_MIGRATION_2019'),
	(1539, 19, 19, 858, 4, 217, -1, 60, 1, 0, 0, '', '2019-04-17 15:25:22', 'QUESTIONNAIRE_MIGRATION_2019', '2019-04-17 15:25:22', 'QUESTIONNAIRE_MIGRATION_2019'),
	(1540, 19, 19, 859, 3, 217, -1, 60, 1, 0, 0, '', '2019-04-17 15:25:22', 'QUESTIONNAIRE_MIGRATION_2019', '2019-04-17 15:25:22', 'QUESTIONNAIRE_MIGRATION_2019'),
	(1541, 19, 19, 853, 2, 218, -1, 61, 1, 0, 0, '', '2019-04-17 15:25:22', 'QUESTIONNAIRE_MIGRATION_2019', '2019-04-17 15:25:22', 'QUESTIONNAIRE_MIGRATION_2019'),
	(1542, 19, 19, 854, 2, 218, -1, 61, 1, 0, 0, '', '2019-04-17 15:25:22', 'QUESTIONNAIRE_MIGRATION_2019', '2019-04-17 15:25:22', 'QUESTIONNAIRE_MIGRATION_2019'),
	(1543, 19, 19, 855, 4, 218, -1, 61, 1, 0, 0, '', '2019-04-17 15:25:22', 'QUESTIONNAIRE_MIGRATION_2019', '2019-04-17 15:25:22', 'QUESTIONNAIRE_MIGRATION_2019'),
	(1544, 19, 19, 856, 4, 218, -1, 61, 1, 0, 0, '', '2019-04-17 15:25:22', 'QUESTIONNAIRE_MIGRATION_2019', '2019-04-17 15:25:22', 'QUESTIONNAIRE_MIGRATION_2019'),
	(1545, 19, 19, 857, 1, 218, -1, 61, 1, 0, 0, '', '2019-04-17 15:25:22', 'QUESTIONNAIRE_MIGRATION_2019', '2019-04-17 15:25:22', 'QUESTIONNAIRE_MIGRATION_2019'),
	(1546, 19, 19, 858, 4, 218, -1, 61, 1, 0, 0, '', '2019-04-17 15:25:22', 'QUESTIONNAIRE_MIGRATION_2019', '2019-04-17 15:25:22', 'QUESTIONNAIRE_MIGRATION_2019'),
	(1547, 19, 19, 859, 3, 218, -1, 61, 1, 0, 0, '', '2019-04-17 15:25:22', 'QUESTIONNAIRE_MIGRATION_2019', '2019-04-17 15:25:22', 'QUESTIONNAIRE_MIGRATION_2019'),
	(1548, 19, 19, 853, 2, 219, -1, 62, 1, 0, 0, '', '2019-04-17 15:25:22', 'QUESTIONNAIRE_MIGRATION_2019', '2019-04-17 15:25:22', 'QUESTIONNAIRE_MIGRATION_2019'),
	(1549, 19, 19, 854, 2, 219, -1, 62, 1, 0, 0, '', '2019-04-17 15:25:22', 'QUESTIONNAIRE_MIGRATION_2019', '2019-04-17 15:25:22', 'QUESTIONNAIRE_MIGRATION_2019'),
	(1550, 19, 19, 855, 4, 219, -1, 62, 1, 0, 0, '', '2019-04-17 15:25:22', 'QUESTIONNAIRE_MIGRATION_2019', '2019-04-17 15:25:22', 'QUESTIONNAIRE_MIGRATION_2019'),
	(1551, 19, 19, 856, 4, 219, -1, 62, 1, 0, 0, '', '2019-04-17 15:25:22', 'QUESTIONNAIRE_MIGRATION_2019', '2019-04-17 15:25:22', 'QUESTIONNAIRE_MIGRATION_2019'),
	(1552, 19, 19, 857, 1, 219, -1, 62, 1, 0, 0, '', '2019-04-17 15:25:22', 'QUESTIONNAIRE_MIGRATION_2019', '2019-04-17 15:25:22', 'QUESTIONNAIRE_MIGRATION_2019'),
	(1553, 19, 19, 858, 4, 219, -1, 62, 1, 0, 0, '', '2019-04-17 15:25:22', 'QUESTIONNAIRE_MIGRATION_2019', '2019-04-17 15:25:22', 'QUESTIONNAIRE_MIGRATION_2019'),
	(1554, 19, 19, 859, 3, 219, -1, 62, 1, 0, 0, '', '2019-04-17 15:25:22', 'QUESTIONNAIRE_MIGRATION_2019', '2019-04-17 15:25:22', 'QUESTIONNAIRE_MIGRATION_2019'),
	(1555, 19, 19, 853, 2, 220, -1, 63, 1, 0, 0, '', '2019-04-17 15:25:22', 'QUESTIONNAIRE_MIGRATION_2019', '2019-04-17 15:25:22', 'QUESTIONNAIRE_MIGRATION_2019'),
	(1556, 19, 19, 854, 2, 220, -1, 63, 1, 0, 0, '', '2019-04-17 15:25:22', 'QUESTIONNAIRE_MIGRATION_2019', '2019-04-17 15:25:22', 'QUESTIONNAIRE_MIGRATION_2019'),
	(1557, 19, 19, 855, 4, 220, -1, 63, 1, 0, 0, '', '2019-04-17 15:25:23', 'QUESTIONNAIRE_MIGRATION_2019', '2019-04-17 15:25:23', 'QUESTIONNAIRE_MIGRATION_2019'),
	(1558, 19, 19, 856, 4, 220, -1, 63, 1, 0, 0, '', '2019-04-17 15:25:23', 'QUESTIONNAIRE_MIGRATION_2019', '2019-04-17 15:25:23', 'QUESTIONNAIRE_MIGRATION_2019'),
	(1559, 19, 19, 857, 1, 220, -1, 63, 1, 0, 0, '', '2019-04-17 15:25:23', 'QUESTIONNAIRE_MIGRATION_2019', '2019-04-17 15:25:23', 'QUESTIONNAIRE_MIGRATION_2019'),
	(1560, 19, 19, 858, 4, 220, -1, 63, 1, 0, 0, '', '2019-04-17 15:25:23', 'QUESTIONNAIRE_MIGRATION_2019', '2019-04-17 15:25:23', 'QUESTIONNAIRE_MIGRATION_2019'),
	(1561, 18, 18, 842, 2, 221, -1, 67, 1, 0, 0, '', '2019-04-17 15:25:23', 'QUESTIONNAIRE_MIGRATION_2019', '2019-04-17 15:25:23', 'QUESTIONNAIRE_MIGRATION_2019'),
	(1562, 18, 18, 843, 2, 221, -1, 67, 1, 0, 0, '', '2019-04-17 15:25:23', 'QUESTIONNAIRE_MIGRATION_2019', '2019-04-17 15:25:23', 'QUESTIONNAIRE_MIGRATION_2019'),
	(1563, 18, 18, 844, 2, 221, -1, 67, 1, 0, 0, '', '2019-04-17 15:25:23', 'QUESTIONNAIRE_MIGRATION_2019', '2019-04-17 15:25:23', 'QUESTIONNAIRE_MIGRATION_2019'),
	(1564, 18, 18, 845, 2, 221, -1, 67, 1, 0, 0, '', '2019-04-17 15:25:23', 'QUESTIONNAIRE_MIGRATION_2019', '2019-04-17 15:25:23', 'QUESTIONNAIRE_MIGRATION_2019'),
	(1565, 18, 18, 846, 2, 221, -1, 67, 1, 0, 0, '', '2019-04-17 15:25:23', 'QUESTIONNAIRE_MIGRATION_2019', '2019-04-17 15:25:23', 'QUESTIONNAIRE_MIGRATION_2019'),
	(1566, 18, 18, 847, 2, 221, -1, 67, 1, 0, 0, '', '2019-04-17 15:25:23', 'QUESTIONNAIRE_MIGRATION_2019', '2019-04-17 15:25:23', 'QUESTIONNAIRE_MIGRATION_2019'),
	(1567, 18, 18, 848, 2, 221, -1, 67, 1, 0, 0, '', '2019-04-17 15:25:23', 'QUESTIONNAIRE_MIGRATION_2019', '2019-04-17 15:25:23', 'QUESTIONNAIRE_MIGRATION_2019'),
	(1568, 18, 18, 849, 2, 221, -1, 67, 1, 0, 0, '', '2019-04-17 15:25:23', 'QUESTIONNAIRE_MIGRATION_2019', '2019-04-17 15:25:23', 'QUESTIONNAIRE_MIGRATION_2019'),
	(1569, 18, 18, 850, 2, 221, -1, 67, 1, 0, 0, '', '2019-04-17 15:25:23', 'QUESTIONNAIRE_MIGRATION_2019', '2019-04-17 15:25:23', 'QUESTIONNAIRE_MIGRATION_2019'),
	(1570, 18, 18, 851, 2, 221, -1, 67, 1, 0, 0, '', '2019-04-17 15:25:23', 'QUESTIONNAIRE_MIGRATION_2019', '2019-04-17 15:25:23', 'QUESTIONNAIRE_MIGRATION_2019'),
	(1571, 18, 18, 852, 2, 221, -1, 67, 1, 0, 0, '', '2019-04-17 15:25:23', 'QUESTIONNAIRE_MIGRATION_2019', '2019-04-17 15:25:23', 'QUESTIONNAIRE_MIGRATION_2019'),
	(1572, 18, 18, 842, 2, 222, -1, 67, 1, 0, 0, '', '2019-04-17 15:25:23', 'QUESTIONNAIRE_MIGRATION_2019', '2019-04-17 15:25:23', 'QUESTIONNAIRE_MIGRATION_2019'),
	(1573, 18, 18, 843, 2, 222, -1, 67, 1, 0, 0, '', '2019-04-17 15:25:23', 'QUESTIONNAIRE_MIGRATION_2019', '2019-04-17 15:25:23', 'QUESTIONNAIRE_MIGRATION_2019'),
	(1574, 18, 18, 844, 2, 222, -1, 67, 1, 0, 0, '', '2019-04-17 15:25:23', 'QUESTIONNAIRE_MIGRATION_2019', '2019-04-17 15:25:23', 'QUESTIONNAIRE_MIGRATION_2019'),
	(1575, 18, 18, 845, 2, 222, -1, 67, 1, 0, 0, '', '2019-04-17 15:25:23', 'QUESTIONNAIRE_MIGRATION_2019', '2019-04-17 15:25:23', 'QUESTIONNAIRE_MIGRATION_2019'),
	(1576, 18, 18, 846, 2, 222, -1, 67, 1, 0, 0, '', '2019-04-17 15:25:23', 'QUESTIONNAIRE_MIGRATION_2019', '2019-04-17 15:25:23', 'QUESTIONNAIRE_MIGRATION_2019'),
	(1577, 18, 18, 847, 2, 222, -1, 67, 1, 0, 0, '', '2019-04-17 15:25:23', 'QUESTIONNAIRE_MIGRATION_2019', '2019-04-17 15:25:23', 'QUESTIONNAIRE_MIGRATION_2019'),
	(1578, 18, 18, 848, 2, 222, -1, 67, 1, 0, 0, '', '2019-04-17 15:25:23', 'QUESTIONNAIRE_MIGRATION_2019', '2019-04-17 15:25:23', 'QUESTIONNAIRE_MIGRATION_2019'),
	(1579, 18, 18, 849, 2, 222, -1, 67, 1, 0, 0, '', '2019-04-17 15:25:23', 'QUESTIONNAIRE_MIGRATION_2019', '2019-04-17 15:25:23', 'QUESTIONNAIRE_MIGRATION_2019'),
	(1580, 18, 18, 850, 2, 222, -1, 67, 1, 0, 0, '', '2019-04-17 15:25:23', 'QUESTIONNAIRE_MIGRATION_2019', '2019-04-17 15:25:23', 'QUESTIONNAIRE_MIGRATION_2019'),
	(1581, 18, 18, 851, 2, 222, -1, 67, 1, 0, 0, '', '2019-04-17 15:25:23', 'QUESTIONNAIRE_MIGRATION_2019', '2019-04-17 15:25:23', 'QUESTIONNAIRE_MIGRATION_2019'),
	(1582, 18, 18, 852, 2, 222, -1, 67, 1, 0, 0, '', '2019-04-17 15:25:23', 'QUESTIONNAIRE_MIGRATION_2019', '2019-04-17 15:25:23', 'QUESTIONNAIRE_MIGRATION_2019'),
	(1583, 18, 18, 842, 2, 223, -1, 67, 1, 0, 0, '', '2019-04-17 15:25:23', 'QUESTIONNAIRE_MIGRATION_2019', '2019-04-17 15:25:23', 'QUESTIONNAIRE_MIGRATION_2019'),
	(1584, 18, 18, 843, 2, 223, -1, 67, 1, 0, 0, '', '2019-04-17 15:25:23', 'QUESTIONNAIRE_MIGRATION_2019', '2019-04-17 15:25:23', 'QUESTIONNAIRE_MIGRATION_2019'),
	(1585, 18, 18, 844, 2, 223, -1, 67, 1, 0, 0, '', '2019-04-17 15:25:23', 'QUESTIONNAIRE_MIGRATION_2019', '2019-04-17 15:25:23', 'QUESTIONNAIRE_MIGRATION_2019'),
	(1586, 18, 18, 845, 2, 223, -1, 67, 1, 0, 0, '', '2019-04-17 15:25:23', 'QUESTIONNAIRE_MIGRATION_2019', '2019-04-17 15:25:23', 'QUESTIONNAIRE_MIGRATION_2019'),
	(1587, 18, 18, 846, 2, 223, -1, 67, 1, 0, 0, '', '2019-04-17 15:25:23', 'QUESTIONNAIRE_MIGRATION_2019', '2019-04-17 15:25:23', 'QUESTIONNAIRE_MIGRATION_2019'),
	(1588, 18, 18, 847, 2, 223, -1, 67, 1, 0, 0, '', '2019-04-17 15:25:23', 'QUESTIONNAIRE_MIGRATION_2019', '2019-04-17 15:25:23', 'QUESTIONNAIRE_MIGRATION_2019'),
	(1589, 18, 18, 848, 2, 223, -1, 67, 1, 0, 0, '', '2019-04-17 15:25:23', 'QUESTIONNAIRE_MIGRATION_2019', '2019-04-17 15:25:23', 'QUESTIONNAIRE_MIGRATION_2019'),
	(1590, 18, 18, 849, 2, 223, -1, 67, 1, 0, 0, '', '2019-04-17 15:25:23', 'QUESTIONNAIRE_MIGRATION_2019', '2019-04-17 15:25:23', 'QUESTIONNAIRE_MIGRATION_2019'),
	(1591, 18, 18, 850, 2, 223, -1, 67, 1, 0, 0, '', '2019-04-17 15:25:23', 'QUESTIONNAIRE_MIGRATION_2019', '2019-04-17 15:25:23', 'QUESTIONNAIRE_MIGRATION_2019'),
	(1592, 18, 18, 851, 2, 223, -1, 67, 1, 0, 0, '', '2019-04-17 15:25:23', 'QUESTIONNAIRE_MIGRATION_2019', '2019-04-17 15:25:23', 'QUESTIONNAIRE_MIGRATION_2019'),
	(1593, 18, 18, 852, 2, 223, -1, 67, 1, 0, 0, '', '2019-04-17 15:25:23', 'QUESTIONNAIRE_MIGRATION_2019', '2019-04-17 15:25:23', 'QUESTIONNAIRE_MIGRATION_2019'),
	(1594, 11, 11, 823, 2, 224, -1, 79, 1, 0, 0, '', '2019-04-17 15:25:23', 'QUESTIONNAIRE_MIGRATION_2019', '2019-04-17 15:25:23', 'QUESTIONNAIRE_MIGRATION_2019'),
	(1595, 11, 11, 824, 2, 224, -1, 79, 1, 0, 0, '', '2019-04-17 15:25:23', 'QUESTIONNAIRE_MIGRATION_2019', '2019-04-17 15:25:23', 'QUESTIONNAIRE_MIGRATION_2019'),
	(1596, 11, 11, 811, 1, 224, -1, 79, 1, 0, 0, '', '2019-04-17 15:25:23', 'QUESTIONNAIRE_MIGRATION_2019', '2019-04-17 15:25:23', 'QUESTIONNAIRE_MIGRATION_2019'),
	(1597, 11, 11, 830, 3, 224, -1, 79, 1, 0, 0, '', '2019-04-17 15:25:23', 'QUESTIONNAIRE_MIGRATION_2019', '2019-04-17 15:25:23', 'QUESTIONNAIRE_MIGRATION_2019'),
	(1598, 11, 11, 832, 3, 224, -1, 79, 1, 0, 0, '', '2019-04-17 15:25:23', 'QUESTIONNAIRE_MIGRATION_2019', '2019-04-17 15:25:23', 'QUESTIONNAIRE_MIGRATION_2019'),
	(1599, 18, 18, 842, 2, 225, -1, 97, 1, 0, 0, '', '2019-04-17 15:25:23', 'QUESTIONNAIRE_MIGRATION_2019', '2019-04-17 15:25:23', 'QUESTIONNAIRE_MIGRATION_2019'),
	(1600, 18, 18, 843, 2, 225, -1, 97, 1, 0, 0, '', '2019-04-17 15:25:23', 'QUESTIONNAIRE_MIGRATION_2019', '2019-04-17 15:25:23', 'QUESTIONNAIRE_MIGRATION_2019'),
	(1601, 18, 18, 844, 2, 225, -1, 97, 1, 0, 0, '', '2019-04-17 15:25:23', 'QUESTIONNAIRE_MIGRATION_2019', '2019-04-17 15:25:23', 'QUESTIONNAIRE_MIGRATION_2019'),
	(1602, 18, 18, 845, 2, 225, -1, 97, 1, 0, 0, '', '2019-04-17 15:25:23', 'QUESTIONNAIRE_MIGRATION_2019', '2019-04-17 15:25:23', 'QUESTIONNAIRE_MIGRATION_2019'),
	(1603, 18, 18, 846, 2, 225, -1, 97, 1, 0, 0, '', '2019-04-17 15:25:23', 'QUESTIONNAIRE_MIGRATION_2019', '2019-04-17 15:25:23', 'QUESTIONNAIRE_MIGRATION_2019'),
	(1604, 18, 18, 847, 2, 225, -1, 97, 1, 0, 0, '', '2019-04-17 15:25:23', 'QUESTIONNAIRE_MIGRATION_2019', '2019-04-17 15:25:23', 'QUESTIONNAIRE_MIGRATION_2019'),
	(1605, 18, 18, 848, 2, 225, -1, 97, 1, 0, 0, '', '2019-04-17 15:25:23', 'QUESTIONNAIRE_MIGRATION_2019', '2019-04-17 15:25:23', 'QUESTIONNAIRE_MIGRATION_2019'),
	(1606, 18, 18, 849, 2, 225, -1, 97, 1, 0, 0, '', '2019-04-17 15:25:23', 'QUESTIONNAIRE_MIGRATION_2019', '2019-04-17 15:25:23', 'QUESTIONNAIRE_MIGRATION_2019'),
	(1607, 18, 18, 850, 2, 225, -1, 97, 1, 0, 0, '', '2019-04-17 15:25:23', 'QUESTIONNAIRE_MIGRATION_2019', '2019-04-17 15:25:23', 'QUESTIONNAIRE_MIGRATION_2019'),
	(1608, 18, 18, 851, 2, 225, -1, 97, 1, 0, 0, '', '2019-04-17 15:25:23', 'QUESTIONNAIRE_MIGRATION_2019', '2019-04-17 15:25:23', 'QUESTIONNAIRE_MIGRATION_2019'),
	(1609, 18, 18, 852, 2, 225, -1, 97, 1, 0, 0, '', '2019-04-17 15:25:23', 'QUESTIONNAIRE_MIGRATION_2019', '2019-04-17 15:25:23', 'QUESTIONNAIRE_MIGRATION_2019'),
	(1610, 18, 18, 842, 2, 226, -1, 97, 1, 0, 0, '', '2019-04-17 15:25:23', 'QUESTIONNAIRE_MIGRATION_2019', '2019-04-17 15:25:23', 'QUESTIONNAIRE_MIGRATION_2019'),
	(1611, 18, 18, 843, 2, 226, -1, 97, 1, 0, 0, '', '2019-04-17 15:25:23', 'QUESTIONNAIRE_MIGRATION_2019', '2019-04-17 15:25:23', 'QUESTIONNAIRE_MIGRATION_2019'),
	(1612, 18, 18, 844, 2, 226, -1, 97, 1, 0, 0, '', '2019-04-17 15:25:23', 'QUESTIONNAIRE_MIGRATION_2019', '2019-04-17 15:25:23', 'QUESTIONNAIRE_MIGRATION_2019'),
	(1613, 18, 18, 845, 2, 226, -1, 97, 1, 0, 0, '', '2019-04-17 15:25:23', 'QUESTIONNAIRE_MIGRATION_2019', '2019-04-17 15:25:23', 'QUESTIONNAIRE_MIGRATION_2019'),
	(1614, 18, 18, 846, 2, 226, -1, 97, 1, 0, 0, '', '2019-04-17 15:25:23', 'QUESTIONNAIRE_MIGRATION_2019', '2019-04-17 15:25:23', 'QUESTIONNAIRE_MIGRATION_2019'),
	(1615, 18, 18, 847, 2, 226, -1, 97, 1, 0, 0, '', '2019-04-17 15:25:23', 'QUESTIONNAIRE_MIGRATION_2019', '2019-04-17 15:25:23', 'QUESTIONNAIRE_MIGRATION_2019'),
	(1616, 18, 18, 848, 2, 226, -1, 97, 1, 0, 0, '', '2019-04-17 15:25:23', 'QUESTIONNAIRE_MIGRATION_2019', '2019-04-17 15:25:23', 'QUESTIONNAIRE_MIGRATION_2019'),
	(1617, 18, 18, 849, 2, 226, -1, 97, 1, 0, 0, '', '2019-04-17 15:25:23', 'QUESTIONNAIRE_MIGRATION_2019', '2019-04-17 15:25:23', 'QUESTIONNAIRE_MIGRATION_2019'),
	(1618, 18, 18, 850, 2, 226, -1, 97, 1, 0, 0, '', '2019-04-17 15:25:23', 'QUESTIONNAIRE_MIGRATION_2019', '2019-04-17 15:25:23', 'QUESTIONNAIRE_MIGRATION_2019'),
	(1619, 18, 18, 851, 2, 226, -1, 97, 1, 0, 0, '', '2019-04-17 15:25:23', 'QUESTIONNAIRE_MIGRATION_2019', '2019-04-17 15:25:23', 'QUESTIONNAIRE_MIGRATION_2019'),
	(1620, 18, 18, 852, 2, 226, -1, 97, 1, 0, 0, '', '2019-04-17 15:25:23', 'QUESTIONNAIRE_MIGRATION_2019', '2019-04-17 15:25:23', 'QUESTIONNAIRE_MIGRATION_2019'),
	(1621, 18, 18, 842, 2, 227, -1, 113, 1, 0, 0, '', '2019-04-17 15:25:23', 'QUESTIONNAIRE_MIGRATION_2019', '2019-04-17 15:25:23', 'QUESTIONNAIRE_MIGRATION_2019'),
	(1622, 18, 18, 843, 2, 227, -1, 113, 1, 0, 0, '', '2019-04-17 15:25:23', 'QUESTIONNAIRE_MIGRATION_2019', '2019-04-17 15:25:23', 'QUESTIONNAIRE_MIGRATION_2019'),
	(1623, 18, 18, 844, 2, 227, -1, 113, 1, 0, 0, '', '2019-04-17 15:25:23', 'QUESTIONNAIRE_MIGRATION_2019', '2019-04-17 15:25:23', 'QUESTIONNAIRE_MIGRATION_2019'),
	(1624, 18, 18, 845, 2, 227, -1, 113, 1, 0, 0, '', '2019-04-17 15:25:23', 'QUESTIONNAIRE_MIGRATION_2019', '2019-04-17 15:25:23', 'QUESTIONNAIRE_MIGRATION_2019'),
	(1625, 18, 18, 846, 2, 227, -1, 113, 1, 0, 0, '', '2019-04-17 15:25:23', 'QUESTIONNAIRE_MIGRATION_2019', '2019-04-17 15:25:23', 'QUESTIONNAIRE_MIGRATION_2019'),
	(1626, 18, 18, 847, 2, 227, -1, 113, 1, 0, 0, '', '2019-04-17 15:25:23', 'QUESTIONNAIRE_MIGRATION_2019', '2019-04-17 15:25:23', 'QUESTIONNAIRE_MIGRATION_2019'),
	(1627, 18, 18, 848, 2, 227, -1, 113, 1, 0, 0, '', '2019-04-17 15:25:23', 'QUESTIONNAIRE_MIGRATION_2019', '2019-04-17 15:25:23', 'QUESTIONNAIRE_MIGRATION_2019'),
	(1628, 18, 18, 849, 2, 227, -1, 113, 1, 0, 0, '', '2019-04-17 15:25:23', 'QUESTIONNAIRE_MIGRATION_2019', '2019-04-17 15:25:23', 'QUESTIONNAIRE_MIGRATION_2019'),
	(1629, 18, 18, 850, 2, 227, -1, 113, 1, 0, 0, '', '2019-04-17 15:25:23', 'QUESTIONNAIRE_MIGRATION_2019', '2019-04-17 15:25:23', 'QUESTIONNAIRE_MIGRATION_2019'),
	(1630, 18, 18, 851, 2, 227, -1, 113, 1, 0, 0, '', '2019-04-17 15:25:23', 'QUESTIONNAIRE_MIGRATION_2019', '2019-04-17 15:25:23', 'QUESTIONNAIRE_MIGRATION_2019'),
	(1631, 18, 18, 852, 2, 227, -1, 113, 1, 0, 0, '', '2019-04-17 15:25:23', 'QUESTIONNAIRE_MIGRATION_2019', '2019-04-17 15:25:23', 'QUESTIONNAIRE_MIGRATION_2019'),
	(1632, 18, 18, 842, 2, 228, -1, 113, 1, 0, 0, '', '2019-04-17 15:25:23', 'QUESTIONNAIRE_MIGRATION_2019', '2019-04-17 15:25:23', 'QUESTIONNAIRE_MIGRATION_2019'),
	(1633, 18, 18, 843, 2, 228, -1, 113, 1, 0, 0, '', '2019-04-17 15:25:23', 'QUESTIONNAIRE_MIGRATION_2019', '2019-04-17 15:25:23', 'QUESTIONNAIRE_MIGRATION_2019'),
	(1634, 18, 18, 844, 2, 228, -1, 113, 1, 0, 0, '', '2019-04-17 15:25:23', 'QUESTIONNAIRE_MIGRATION_2019', '2019-04-17 15:25:23', 'QUESTIONNAIRE_MIGRATION_2019'),
	(1635, 18, 18, 845, 2, 228, -1, 113, 1, 0, 0, '', '2019-04-17 15:25:23', 'QUESTIONNAIRE_MIGRATION_2019', '2019-04-17 15:25:23', 'QUESTIONNAIRE_MIGRATION_2019'),
	(1636, 18, 18, 846, 2, 228, -1, 113, 1, 0, 0, '', '2019-04-17 15:25:23', 'QUESTIONNAIRE_MIGRATION_2019', '2019-04-17 15:25:23', 'QUESTIONNAIRE_MIGRATION_2019'),
	(1637, 18, 18, 847, 2, 228, -1, 113, 1, 0, 0, '', '2019-04-17 15:25:23', 'QUESTIONNAIRE_MIGRATION_2019', '2019-04-17 15:25:23', 'QUESTIONNAIRE_MIGRATION_2019'),
	(1638, 18, 18, 848, 2, 228, -1, 113, 1, 0, 0, '', '2019-04-17 15:25:23', 'QUESTIONNAIRE_MIGRATION_2019', '2019-04-17 15:25:23', 'QUESTIONNAIRE_MIGRATION_2019'),
	(1639, 18, 18, 849, 2, 228, -1, 113, 1, 0, 0, '', '2019-04-17 15:25:23', 'QUESTIONNAIRE_MIGRATION_2019', '2019-04-17 15:25:23', 'QUESTIONNAIRE_MIGRATION_2019'),
	(1640, 18, 18, 850, 2, 228, -1, 113, 1, 0, 0, '', '2019-04-17 15:25:23', 'QUESTIONNAIRE_MIGRATION_2019', '2019-04-17 15:25:23', 'QUESTIONNAIRE_MIGRATION_2019'),
	(1641, 18, 18, 851, 2, 228, -1, 113, 1, 0, 0, '', '2019-04-17 15:25:23', 'QUESTIONNAIRE_MIGRATION_2019', '2019-04-17 15:25:23', 'QUESTIONNAIRE_MIGRATION_2019'),
	(1642, 18, 18, 852, 2, 228, -1, 113, 1, 0, 0, '', '2019-04-17 15:25:23', 'QUESTIONNAIRE_MIGRATION_2019', '2019-04-17 15:25:23', 'QUESTIONNAIRE_MIGRATION_2019');
/*!40000 ALTER TABLE `answer` ENABLE KEYS */;

-- Dumping structure for table questionnaireDB2019.answerCheckbox
CREATE TABLE IF NOT EXISTS `answerCheckbox` (
  `ID` bigint(20) NOT NULL AUTO_INCREMENT,
  `answerId` bigint(20) NOT NULL,
  `value` int(11) NOT NULL,
  PRIMARY KEY (`ID`),
  KEY `fk_answerCheckbox_answerId_answer_ID` (`answerId`),
  CONSTRAINT `fk_answerCheckbox_answerId_answer_ID` FOREIGN KEY (`answerId`) REFERENCES `answer` (`ID`) ON DELETE NO ACTION ON UPDATE NO ACTION
) ENGINE=InnoDB DEFAULT CHARSET=utf8;

-- Dumping data for table questionnaireDB2019.answerCheckbox: ~0 rows (approximately)
/*!40000 ALTER TABLE `answerCheckbox` DISABLE KEYS */;
/*!40000 ALTER TABLE `answerCheckbox` ENABLE KEYS */;

-- Dumping structure for table questionnaireDB2019.answerDate
CREATE TABLE IF NOT EXISTS `answerDate` (
  `ID` bigint(20) NOT NULL AUTO_INCREMENT,
  `answerId` bigint(20) NOT NULL,
  `value` datetime NOT NULL,
  PRIMARY KEY (`ID`),
  KEY `fk_answerDate_answerId_answer_ID` (`answerId`),
  CONSTRAINT `fk_answerDate_answerId_answer_ID` FOREIGN KEY (`answerId`) REFERENCES `answer` (`ID`)
) ENGINE=InnoDB DEFAULT CHARSET=utf8;

-- Dumping data for table questionnaireDB2019.answerDate: ~0 rows (approximately)
/*!40000 ALTER TABLE `answerDate` DISABLE KEYS */;
/*!40000 ALTER TABLE `answerDate` ENABLE KEYS */;

-- Dumping structure for table questionnaireDB2019.answerLabel
CREATE TABLE IF NOT EXISTS `answerLabel` (
  `ID` bigint(20) NOT NULL AUTO_INCREMENT,
  `answerId` bigint(20) NOT NULL,
  `selected` tinyint(4) NOT NULL DEFAULT '1',
  `posX` int(11) NOT NULL,
  `posY` int(11) NOT NULL,
  `intensity` int(11) NOT NULL,
  PRIMARY KEY (`ID`),
  KEY `fk_answerLabel_answer_ID` (`answerId`),
  CONSTRAINT `fk_answerLabel_answer_ID` FOREIGN KEY (`answerId`) REFERENCES `answer` (`ID`) ON DELETE NO ACTION ON UPDATE NO ACTION
) ENGINE=InnoDB DEFAULT CHARSET=utf8;

-- Dumping data for table questionnaireDB2019.answerLabel: ~0 rows (approximately)
/*!40000 ALTER TABLE `answerLabel` DISABLE KEYS */;
/*!40000 ALTER TABLE `answerLabel` ENABLE KEYS */;

-- Dumping structure for table questionnaireDB2019.answerQuestionnaire
CREATE TABLE IF NOT EXISTS `answerQuestionnaire` (
  `ID` bigint(20) NOT NULL AUTO_INCREMENT,
  `questionnaireId` bigint(20) NOT NULL,
  `patientId` bigint(20) NOT NULL,
  `status` int(11) NOT NULL DEFAULT '0' COMMENT '0 = New, 1 = In Progress, 2 = Completed',
  `deleted` tinyint(4) NOT NULL DEFAULT '0',
  `deletedBy` varchar(255) NOT NULL,
  `creationDate` timestamp NOT NULL DEFAULT CURRENT_TIMESTAMP,
  `createdBy` varchar(255) NOT NULL,
  `lastUpdated` timestamp NOT NULL DEFAULT CURRENT_TIMESTAMP ON UPDATE CURRENT_TIMESTAMP,
  `updatedBy` varchar(255) NOT NULL,
  PRIMARY KEY (`ID`),
  KEY `idx_answerQuestionnaire_deleted` (`deleted`),
  KEY `fk_answerQuestionnaire_questionnaireId_questionnaire_ID` (`questionnaireId`),
  KEY `fk_answerQuestionnaire_patientId_patient_ID` (`patientId`),
  CONSTRAINT `fk_answerQuestionnaire_patientId_patient_ID` FOREIGN KEY (`patientId`) REFERENCES `patient` (`ID`) ON DELETE NO ACTION ON UPDATE NO ACTION,
  CONSTRAINT `fk_answerQuestionnaire_questionnaireId_questionnaire_ID` FOREIGN KEY (`questionnaireId`) REFERENCES `questionnaire` (`ID`)
) ENGINE=InnoDB AUTO_INCREMENT=400 DEFAULT CHARSET=utf8;

-- Dumping data for table questionnaireDB2019.answerQuestionnaire: ~228 rows (approximately)
/*!40000 ALTER TABLE `answerQuestionnaire` DISABLE KEYS */;
INSERT INTO `answerQuestionnaire` (`ID`, `questionnaireId`, `patientId`, `status`, `deleted`, `deletedBy`, `creationDate`, `createdBy`, `lastUpdated`, `updatedBy`) VALUES
	(110, 11, 3, 2, 0, '', '2019-04-17 15:25:16', 'QUESTIONNAIRE_MIGRATION_2019', '2019-04-17 15:25:16', 'QUESTIONNAIRE_MIGRATION_2019'),
	(111, 11, 3, 2, 0, '', '2019-04-17 15:25:17', 'QUESTIONNAIRE_MIGRATION_2019', '2019-04-17 15:25:17', 'QUESTIONNAIRE_MIGRATION_2019'),
	(112, 11, 3, 2, 0, '', '2019-04-17 15:25:17', 'QUESTIONNAIRE_MIGRATION_2019', '2019-04-17 15:25:17', 'QUESTIONNAIRE_MIGRATION_2019'),
	(113, 11, 3, 2, 0, '', '2019-04-17 15:25:17', 'QUESTIONNAIRE_MIGRATION_2019', '2019-04-17 15:25:17', 'QUESTIONNAIRE_MIGRATION_2019'),
	(114, 11, 3, 2, 0, '', '2019-04-17 15:25:17', 'QUESTIONNAIRE_MIGRATION_2019', '2019-04-17 15:25:17', 'QUESTIONNAIRE_MIGRATION_2019'),
	(115, 11, 3, 2, 0, '', '2019-04-17 15:25:17', 'QUESTIONNAIRE_MIGRATION_2019', '2019-04-17 15:25:17', 'QUESTIONNAIRE_MIGRATION_2019'),
	(116, 11, 3, 2, 0, '', '2019-04-17 15:25:17', 'QUESTIONNAIRE_MIGRATION_2019', '2019-04-17 15:25:17', 'QUESTIONNAIRE_MIGRATION_2019'),
	(117, 11, 3, 2, 0, '', '2019-04-17 15:25:17', 'QUESTIONNAIRE_MIGRATION_2019', '2019-04-17 15:25:17', 'QUESTIONNAIRE_MIGRATION_2019'),
	(118, 11, 3, 2, 0, '', '2019-04-17 15:25:17', 'QUESTIONNAIRE_MIGRATION_2019', '2019-04-17 15:25:17', 'QUESTIONNAIRE_MIGRATION_2019'),
	(134, 11, 3, 2, 0, '', '2019-04-17 15:25:17', 'QUESTIONNAIRE_MIGRATION_2019', '2019-04-17 15:25:17', 'QUESTIONNAIRE_MIGRATION_2019'),
	(135, 11, 3, 2, 0, '', '2019-04-17 15:25:17', 'QUESTIONNAIRE_MIGRATION_2019', '2019-04-17 15:25:17', 'QUESTIONNAIRE_MIGRATION_2019'),
	(136, 11, 3, 2, 0, '', '2019-04-17 15:25:17', 'QUESTIONNAIRE_MIGRATION_2019', '2019-04-17 15:25:17', 'QUESTIONNAIRE_MIGRATION_2019'),
	(137, 11, 3, 2, 0, '', '2019-04-17 15:25:17', 'QUESTIONNAIRE_MIGRATION_2019', '2019-04-17 15:25:17', 'QUESTIONNAIRE_MIGRATION_2019'),
	(142, 11, 3, 2, 0, '', '2019-04-17 15:25:17', 'QUESTIONNAIRE_MIGRATION_2019', '2019-04-17 15:25:17', 'QUESTIONNAIRE_MIGRATION_2019'),
	(156, 11, 3, 2, 0, '', '2019-04-17 15:25:17', 'QUESTIONNAIRE_MIGRATION_2019', '2019-04-17 15:25:17', 'QUESTIONNAIRE_MIGRATION_2019'),
	(157, 11, 3, 2, 0, '', '2019-04-17 15:25:17', 'QUESTIONNAIRE_MIGRATION_2019', '2019-04-17 15:25:17', 'QUESTIONNAIRE_MIGRATION_2019'),
	(158, 11, 3, 2, 0, '', '2019-04-17 15:25:17', 'QUESTIONNAIRE_MIGRATION_2019', '2019-04-17 15:25:17', 'QUESTIONNAIRE_MIGRATION_2019'),
	(159, 11, 3, 2, 0, '', '2019-04-17 15:25:17', 'QUESTIONNAIRE_MIGRATION_2019', '2019-04-17 15:25:17', 'QUESTIONNAIRE_MIGRATION_2019'),
	(160, 11, 3, 2, 0, '', '2019-04-17 15:25:17', 'QUESTIONNAIRE_MIGRATION_2019', '2019-04-17 15:25:17', 'QUESTIONNAIRE_MIGRATION_2019'),
	(161, 11, 3, 2, 0, '', '2019-04-17 15:25:17', 'QUESTIONNAIRE_MIGRATION_2019', '2019-04-17 15:25:17', 'QUESTIONNAIRE_MIGRATION_2019'),
	(162, 11, 3, 2, 0, '', '2019-04-17 15:25:17', 'QUESTIONNAIRE_MIGRATION_2019', '2019-04-17 15:25:17', 'QUESTIONNAIRE_MIGRATION_2019'),
	(163, 11, 3, 2, 0, '', '2019-04-17 15:25:17', 'QUESTIONNAIRE_MIGRATION_2019', '2019-04-17 15:25:17', 'QUESTIONNAIRE_MIGRATION_2019'),
	(164, 11, 3, 2, 0, '', '2019-04-17 15:25:17', 'QUESTIONNAIRE_MIGRATION_2019', '2019-04-17 15:25:17', 'QUESTIONNAIRE_MIGRATION_2019'),
	(165, 11, 3, 2, 0, '', '2019-04-17 15:25:17', 'QUESTIONNAIRE_MIGRATION_2019', '2019-04-17 15:25:17', 'QUESTIONNAIRE_MIGRATION_2019'),
	(166, 11, 3, 2, 0, '', '2019-04-17 15:25:17', 'QUESTIONNAIRE_MIGRATION_2019', '2019-04-17 15:25:17', 'QUESTIONNAIRE_MIGRATION_2019'),
	(167, 11, 3, 2, 0, '', '2019-04-17 15:25:17', 'QUESTIONNAIRE_MIGRATION_2019', '2019-04-17 15:25:17', 'QUESTIONNAIRE_MIGRATION_2019'),
	(168, 11, 3, 2, 0, '', '2019-04-17 15:25:17', 'QUESTIONNAIRE_MIGRATION_2019', '2019-04-17 15:25:17', 'QUESTIONNAIRE_MIGRATION_2019'),
	(169, 11, 3, 2, 0, '', '2019-04-17 15:25:17', 'QUESTIONNAIRE_MIGRATION_2019', '2019-04-17 15:25:17', 'QUESTIONNAIRE_MIGRATION_2019'),
	(170, 11, 3, 2, 0, '', '2019-04-17 15:25:17', 'QUESTIONNAIRE_MIGRATION_2019', '2019-04-17 15:25:17', 'QUESTIONNAIRE_MIGRATION_2019'),
	(171, 11, 1, 2, 0, '', '2019-04-17 15:25:16', 'QUESTIONNAIRE_MIGRATION_2019', '2019-04-17 15:25:16', 'QUESTIONNAIRE_MIGRATION_2019'),
	(172, 11, 1, 2, 0, '', '2019-04-17 15:25:16', 'QUESTIONNAIRE_MIGRATION_2019', '2019-04-17 15:25:16', 'QUESTIONNAIRE_MIGRATION_2019'),
	(173, 11, 3, 2, 0, '', '2019-04-17 15:25:17', 'QUESTIONNAIRE_MIGRATION_2019', '2019-04-17 15:25:17', 'QUESTIONNAIRE_MIGRATION_2019'),
	(174, 11, 3, 2, 0, '', '2019-04-17 15:25:17', 'QUESTIONNAIRE_MIGRATION_2019', '2019-04-17 15:25:17', 'QUESTIONNAIRE_MIGRATION_2019'),
	(175, 11, 3, 2, 0, '', '2019-04-17 15:25:17', 'QUESTIONNAIRE_MIGRATION_2019', '2019-04-17 15:25:17', 'QUESTIONNAIRE_MIGRATION_2019'),
	(176, 11, 3, 2, 0, '', '2019-04-17 15:25:17', 'QUESTIONNAIRE_MIGRATION_2019', '2019-04-17 15:25:17', 'QUESTIONNAIRE_MIGRATION_2019'),
	(177, 11, 3, 2, 0, '', '2019-04-17 15:25:17', 'QUESTIONNAIRE_MIGRATION_2019', '2019-04-17 15:25:17', 'QUESTIONNAIRE_MIGRATION_2019'),
	(178, 11, 3, 2, 0, '', '2019-04-17 15:25:17', 'QUESTIONNAIRE_MIGRATION_2019', '2019-04-17 15:25:17', 'QUESTIONNAIRE_MIGRATION_2019'),
	(179, 11, 3, 2, 0, '', '2019-04-17 15:25:17', 'QUESTIONNAIRE_MIGRATION_2019', '2019-04-17 15:25:17', 'QUESTIONNAIRE_MIGRATION_2019'),
	(180, 11, 3, 2, 0, '', '2019-04-17 15:25:17', 'QUESTIONNAIRE_MIGRATION_2019', '2019-04-17 15:25:17', 'QUESTIONNAIRE_MIGRATION_2019'),
	(181, 11, 3, 2, 0, '', '2019-04-17 15:25:17', 'QUESTIONNAIRE_MIGRATION_2019', '2019-04-17 15:25:17', 'QUESTIONNAIRE_MIGRATION_2019'),
	(182, 11, 3, 2, 0, '', '2019-04-17 15:25:17', 'QUESTIONNAIRE_MIGRATION_2019', '2019-04-17 15:25:17', 'QUESTIONNAIRE_MIGRATION_2019'),
	(183, 12, 3, 2, 0, '', '2019-04-17 15:25:17', 'QUESTIONNAIRE_MIGRATION_2019', '2019-04-17 15:25:17', 'QUESTIONNAIRE_MIGRATION_2019'),
	(184, 12, 3, 2, 0, '', '2019-04-17 15:25:17', 'QUESTIONNAIRE_MIGRATION_2019', '2019-04-17 15:25:17', 'QUESTIONNAIRE_MIGRATION_2019'),
	(185, 12, 3, 2, 0, '', '2019-04-17 15:25:17', 'QUESTIONNAIRE_MIGRATION_2019', '2019-04-17 15:25:17', 'QUESTIONNAIRE_MIGRATION_2019'),
	(186, 12, 3, 2, 0, '', '2019-04-17 15:25:17', 'QUESTIONNAIRE_MIGRATION_2019', '2019-04-17 15:25:17', 'QUESTIONNAIRE_MIGRATION_2019'),
	(187, 12, 3, 2, 0, '', '2019-04-17 15:25:18', 'QUESTIONNAIRE_MIGRATION_2019', '2019-04-17 15:25:18', 'QUESTIONNAIRE_MIGRATION_2019'),
	(188, 11, 3, 2, 0, '', '2019-04-17 15:25:18', 'QUESTIONNAIRE_MIGRATION_2019', '2019-04-17 15:25:18', 'QUESTIONNAIRE_MIGRATION_2019'),
	(189, 11, 3, 2, 0, '', '2019-04-17 15:25:18', 'QUESTIONNAIRE_MIGRATION_2019', '2019-04-17 15:25:18', 'QUESTIONNAIRE_MIGRATION_2019'),
	(190, 12, 3, 2, 0, '', '2019-04-17 15:25:18', 'QUESTIONNAIRE_MIGRATION_2019', '2019-04-17 15:25:18', 'QUESTIONNAIRE_MIGRATION_2019'),
	(191, 12, 3, 2, 0, '', '2019-04-17 15:25:18', 'QUESTIONNAIRE_MIGRATION_2019', '2019-04-17 15:25:18', 'QUESTIONNAIRE_MIGRATION_2019'),
	(192, 12, 3, 2, 0, '', '2019-04-17 15:25:18', 'QUESTIONNAIRE_MIGRATION_2019', '2019-04-17 15:25:18', 'QUESTIONNAIRE_MIGRATION_2019'),
	(193, 12, 3, 2, 0, '', '2019-04-17 15:25:18', 'QUESTIONNAIRE_MIGRATION_2019', '2019-04-17 15:25:18', 'QUESTIONNAIRE_MIGRATION_2019'),
	(194, 12, 3, 2, 0, '', '2019-04-17 15:25:18', 'QUESTIONNAIRE_MIGRATION_2019', '2019-04-17 15:25:18', 'QUESTIONNAIRE_MIGRATION_2019'),
	(195, 11, 3, 2, 0, '', '2019-04-17 15:25:18', 'QUESTIONNAIRE_MIGRATION_2019', '2019-04-17 15:25:18', 'QUESTIONNAIRE_MIGRATION_2019'),
	(196, 11, 3, 2, 0, '', '2019-04-17 15:25:18', 'QUESTIONNAIRE_MIGRATION_2019', '2019-04-17 15:25:18', 'QUESTIONNAIRE_MIGRATION_2019'),
	(197, 11, 3, 2, 0, '', '2019-04-17 15:25:18', 'QUESTIONNAIRE_MIGRATION_2019', '2019-04-17 15:25:18', 'QUESTIONNAIRE_MIGRATION_2019'),
	(198, 11, 3, 2, 0, '', '2019-04-17 15:25:18', 'QUESTIONNAIRE_MIGRATION_2019', '2019-04-17 15:25:18', 'QUESTIONNAIRE_MIGRATION_2019'),
	(199, 11, 3, 2, 0, '', '2019-04-17 15:25:18', 'QUESTIONNAIRE_MIGRATION_2019', '2019-04-17 15:25:18', 'QUESTIONNAIRE_MIGRATION_2019'),
	(200, 11, 3, 2, 0, '', '2019-04-17 15:25:18', 'QUESTIONNAIRE_MIGRATION_2019', '2019-04-17 15:25:18', 'QUESTIONNAIRE_MIGRATION_2019'),
	(205, 11, 3, 2, 0, '', '2019-04-17 15:25:18', 'QUESTIONNAIRE_MIGRATION_2019', '2019-04-17 15:25:18', 'QUESTIONNAIRE_MIGRATION_2019'),
	(206, 11, 3, 2, 0, '', '2019-04-17 15:25:18', 'QUESTIONNAIRE_MIGRATION_2019', '2019-04-17 15:25:18', 'QUESTIONNAIRE_MIGRATION_2019'),
	(207, 12, 3, 2, 0, '', '2019-04-17 15:25:18', 'QUESTIONNAIRE_MIGRATION_2019', '2019-04-17 15:25:18', 'QUESTIONNAIRE_MIGRATION_2019'),
	(208, 12, 3, 2, 0, '', '2019-04-17 15:25:18', 'QUESTIONNAIRE_MIGRATION_2019', '2019-04-17 15:25:18', 'QUESTIONNAIRE_MIGRATION_2019'),
	(209, 12, 3, 2, 0, '', '2019-04-17 15:25:18', 'QUESTIONNAIRE_MIGRATION_2019', '2019-04-17 15:25:18', 'QUESTIONNAIRE_MIGRATION_2019'),
	(210, 12, 3, 2, 0, '', '2019-04-17 15:25:18', 'QUESTIONNAIRE_MIGRATION_2019', '2019-04-17 15:25:18', 'QUESTIONNAIRE_MIGRATION_2019'),
	(211, 11, 3, 2, 0, '', '2019-04-17 15:25:18', 'QUESTIONNAIRE_MIGRATION_2019', '2019-04-17 15:25:18', 'QUESTIONNAIRE_MIGRATION_2019'),
	(212, 11, 3, 2, 0, '', '2019-04-17 15:25:18', 'QUESTIONNAIRE_MIGRATION_2019', '2019-04-17 15:25:18', 'QUESTIONNAIRE_MIGRATION_2019'),
	(213, 11, 3, 2, 0, '', '2019-04-17 15:25:18', 'QUESTIONNAIRE_MIGRATION_2019', '2019-04-17 15:25:18', 'QUESTIONNAIRE_MIGRATION_2019'),
	(214, 11, 3, 2, 0, '', '2019-04-17 15:25:18', 'QUESTIONNAIRE_MIGRATION_2019', '2019-04-17 15:25:18', 'QUESTIONNAIRE_MIGRATION_2019'),
	(216, 11, 3, 2, 0, '', '2019-04-17 15:25:18', 'QUESTIONNAIRE_MIGRATION_2019', '2019-04-17 15:25:18', 'QUESTIONNAIRE_MIGRATION_2019'),
	(217, 11, 9, 2, 0, '', '2019-04-17 15:25:21', 'QUESTIONNAIRE_MIGRATION_2019', '2019-04-17 15:25:21', 'QUESTIONNAIRE_MIGRATION_2019'),
	(218, 11, 9, 2, 0, '', '2019-04-17 15:25:21', 'QUESTIONNAIRE_MIGRATION_2019', '2019-04-17 15:25:21', 'QUESTIONNAIRE_MIGRATION_2019'),
	(219, 11, 9, 2, 0, '', '2019-04-17 15:25:21', 'QUESTIONNAIRE_MIGRATION_2019', '2019-04-17 15:25:21', 'QUESTIONNAIRE_MIGRATION_2019'),
	(220, 11, 9, 2, 0, '', '2019-04-17 15:25:21', 'QUESTIONNAIRE_MIGRATION_2019', '2019-04-17 15:25:21', 'QUESTIONNAIRE_MIGRATION_2019'),
	(222, 12, 3, 2, 0, '', '2019-04-17 15:25:18', 'QUESTIONNAIRE_MIGRATION_2019', '2019-04-17 15:25:18', 'QUESTIONNAIRE_MIGRATION_2019'),
	(223, 12, 3, 2, 0, '', '2019-04-17 15:25:18', 'QUESTIONNAIRE_MIGRATION_2019', '2019-04-17 15:25:18', 'QUESTIONNAIRE_MIGRATION_2019'),
	(224, 18, 3, 2, 0, '', '2019-04-17 15:25:18', 'QUESTIONNAIRE_MIGRATION_2019', '2019-04-17 15:25:18', 'QUESTIONNAIRE_MIGRATION_2019'),
	(225, 18, 9, 2, 0, '', '2019-04-17 15:25:21', 'QUESTIONNAIRE_MIGRATION_2019', '2019-04-17 15:25:21', 'QUESTIONNAIRE_MIGRATION_2019'),
	(226, 12, 3, 2, 0, '', '2019-04-17 15:25:18', 'QUESTIONNAIRE_MIGRATION_2019', '2019-04-17 15:25:18', 'QUESTIONNAIRE_MIGRATION_2019'),
	(227, 11, 3, 2, 0, '', '2019-04-17 15:25:18', 'QUESTIONNAIRE_MIGRATION_2019', '2019-04-17 15:25:18', 'QUESTIONNAIRE_MIGRATION_2019'),
	(228, 11, 3, 2, 0, '', '2019-04-17 15:25:18', 'QUESTIONNAIRE_MIGRATION_2019', '2019-04-17 15:25:18', 'QUESTIONNAIRE_MIGRATION_2019'),
	(229, 11, 3, 2, 0, '', '2019-04-17 15:25:18', 'QUESTIONNAIRE_MIGRATION_2019', '2019-04-17 15:25:18', 'QUESTIONNAIRE_MIGRATION_2019'),
	(230, 12, 3, 2, 0, '', '2019-04-17 15:25:18', 'QUESTIONNAIRE_MIGRATION_2019', '2019-04-17 15:25:18', 'QUESTIONNAIRE_MIGRATION_2019'),
	(231, 12, 3, 2, 0, '', '2019-04-17 15:25:18', 'QUESTIONNAIRE_MIGRATION_2019', '2019-04-17 15:25:18', 'QUESTIONNAIRE_MIGRATION_2019'),
	(232, 18, 3, 2, 0, '', '2019-04-17 15:25:18', 'QUESTIONNAIRE_MIGRATION_2019', '2019-04-17 15:25:18', 'QUESTIONNAIRE_MIGRATION_2019'),
	(233, 11, 3, 2, 0, '', '2019-04-17 15:25:19', 'QUESTIONNAIRE_MIGRATION_2019', '2019-04-17 15:25:19', 'QUESTIONNAIRE_MIGRATION_2019'),
	(234, 11, 9, 2, 0, '', '2019-04-17 15:25:21', 'QUESTIONNAIRE_MIGRATION_2019', '2019-04-17 15:25:21', 'QUESTIONNAIRE_MIGRATION_2019'),
	(235, 11, 3, 2, 0, '', '2019-04-17 15:25:19', 'QUESTIONNAIRE_MIGRATION_2019', '2019-04-17 15:25:19', 'QUESTIONNAIRE_MIGRATION_2019'),
	(236, 11, 3, 2, 0, '', '2019-04-17 15:25:19', 'QUESTIONNAIRE_MIGRATION_2019', '2019-04-17 15:25:19', 'QUESTIONNAIRE_MIGRATION_2019'),
	(237, 12, 3, 2, 0, '', '2019-04-17 15:25:19', 'QUESTIONNAIRE_MIGRATION_2019', '2019-04-17 15:25:19', 'QUESTIONNAIRE_MIGRATION_2019'),
	(243, 18, 3, 2, 0, '', '2019-04-17 15:25:19', 'QUESTIONNAIRE_MIGRATION_2019', '2019-04-17 15:25:19', 'QUESTIONNAIRE_MIGRATION_2019'),
	(244, 19, 3, 2, 0, '', '2019-04-17 15:25:19', 'QUESTIONNAIRE_MIGRATION_2019', '2019-04-17 15:25:19', 'QUESTIONNAIRE_MIGRATION_2019'),
	(245, 18, 3, 2, 0, '', '2019-04-17 15:25:19', 'QUESTIONNAIRE_MIGRATION_2019', '2019-04-17 15:25:19', 'QUESTIONNAIRE_MIGRATION_2019'),
	(246, 19, 3, 2, 0, '', '2019-04-17 15:25:19', 'QUESTIONNAIRE_MIGRATION_2019', '2019-04-17 15:25:19', 'QUESTIONNAIRE_MIGRATION_2019'),
	(247, 18, 3, 2, 0, '', '2019-04-17 15:25:19', 'QUESTIONNAIRE_MIGRATION_2019', '2019-04-17 15:25:19', 'QUESTIONNAIRE_MIGRATION_2019'),
	(250, 19, 3, 2, 0, '', '2019-04-17 15:25:19', 'QUESTIONNAIRE_MIGRATION_2019', '2019-04-17 15:25:19', 'QUESTIONNAIRE_MIGRATION_2019'),
	(251, 19, 3, 2, 0, '', '2019-04-17 15:25:19', 'QUESTIONNAIRE_MIGRATION_2019', '2019-04-17 15:25:19', 'QUESTIONNAIRE_MIGRATION_2019'),
	(252, 19, 3, 2, 0, '', '2019-04-17 15:25:19', 'QUESTIONNAIRE_MIGRATION_2019', '2019-04-17 15:25:19', 'QUESTIONNAIRE_MIGRATION_2019'),
	(259, 18, 3, 2, 0, '', '2019-04-17 15:25:19', 'QUESTIONNAIRE_MIGRATION_2019', '2019-04-17 15:25:19', 'QUESTIONNAIRE_MIGRATION_2019'),
	(260, 19, 3, 2, 0, '', '2019-04-17 15:25:19', 'QUESTIONNAIRE_MIGRATION_2019', '2019-04-17 15:25:19', 'QUESTIONNAIRE_MIGRATION_2019'),
	(261, 18, 3, 2, 0, '', '2019-04-17 15:25:19', 'QUESTIONNAIRE_MIGRATION_2019', '2019-04-17 15:25:19', 'QUESTIONNAIRE_MIGRATION_2019'),
	(262, 19, 3, 2, 0, '', '2019-04-17 15:25:19', 'QUESTIONNAIRE_MIGRATION_2019', '2019-04-17 15:25:19', 'QUESTIONNAIRE_MIGRATION_2019'),
	(263, 19, 3, 2, 0, '', '2019-04-17 15:25:19', 'QUESTIONNAIRE_MIGRATION_2019', '2019-04-17 15:25:19', 'QUESTIONNAIRE_MIGRATION_2019'),
	(264, 19, 3, 2, 0, '', '2019-04-17 15:25:19', 'QUESTIONNAIRE_MIGRATION_2019', '2019-04-17 15:25:19', 'QUESTIONNAIRE_MIGRATION_2019'),
	(265, 19, 3, 2, 0, '', '2019-04-17 15:25:19', 'QUESTIONNAIRE_MIGRATION_2019', '2019-04-17 15:25:19', 'QUESTIONNAIRE_MIGRATION_2019'),
	(266, 19, 3, 2, 0, '', '2019-04-17 15:25:19', 'QUESTIONNAIRE_MIGRATION_2019', '2019-04-17 15:25:19', 'QUESTIONNAIRE_MIGRATION_2019'),
	(267, 19, 3, 2, 0, '', '2019-04-17 15:25:19', 'QUESTIONNAIRE_MIGRATION_2019', '2019-04-17 15:25:19', 'QUESTIONNAIRE_MIGRATION_2019'),
	(268, 19, 3, 2, 0, '', '2019-04-17 15:25:19', 'QUESTIONNAIRE_MIGRATION_2019', '2019-04-17 15:25:19', 'QUESTIONNAIRE_MIGRATION_2019'),
	(269, 19, 3, 2, 0, '', '2019-04-17 15:25:19', 'QUESTIONNAIRE_MIGRATION_2019', '2019-04-17 15:25:19', 'QUESTIONNAIRE_MIGRATION_2019'),
	(270, 18, 3, 2, 0, '', '2019-04-17 15:25:19', 'QUESTIONNAIRE_MIGRATION_2019', '2019-04-17 15:25:19', 'QUESTIONNAIRE_MIGRATION_2019'),
	(271, 19, 3, 2, 0, '', '2019-04-17 15:25:19', 'QUESTIONNAIRE_MIGRATION_2019', '2019-04-17 15:25:19', 'QUESTIONNAIRE_MIGRATION_2019'),
	(272, 20, 3, 2, 0, '', '2019-04-17 15:25:19', 'QUESTIONNAIRE_MIGRATION_2019', '2019-04-17 15:25:19', 'QUESTIONNAIRE_MIGRATION_2019'),
	(273, 19, 3, 2, 0, '', '2019-04-17 15:25:19', 'QUESTIONNAIRE_MIGRATION_2019', '2019-04-17 15:25:19', 'QUESTIONNAIRE_MIGRATION_2019'),
	(274, 12, 3, 2, 0, '', '2019-04-17 15:25:19', 'QUESTIONNAIRE_MIGRATION_2019', '2019-04-17 15:25:19', 'QUESTIONNAIRE_MIGRATION_2019'),
	(275, 21, 3, 2, 0, '', '2019-04-17 15:25:19', 'QUESTIONNAIRE_MIGRATION_2019', '2019-04-17 15:25:19', 'QUESTIONNAIRE_MIGRATION_2019'),
	(276, 19, 3, 2, 0, '', '2019-04-17 15:25:19', 'QUESTIONNAIRE_MIGRATION_2019', '2019-04-17 15:25:19', 'QUESTIONNAIRE_MIGRATION_2019'),
	(277, 18, 3, 2, 0, '', '2019-04-17 15:25:19', 'QUESTIONNAIRE_MIGRATION_2019', '2019-04-17 15:25:19', 'QUESTIONNAIRE_MIGRATION_2019'),
	(278, 19, 3, 2, 0, '', '2019-04-17 15:25:19', 'QUESTIONNAIRE_MIGRATION_2019', '2019-04-17 15:25:19', 'QUESTIONNAIRE_MIGRATION_2019'),
	(279, 19, 3, 2, 0, '', '2019-04-17 15:25:19', 'QUESTIONNAIRE_MIGRATION_2019', '2019-04-17 15:25:19', 'QUESTIONNAIRE_MIGRATION_2019'),
	(280, 19, 3, 2, 0, '', '2019-04-17 15:25:19', 'QUESTIONNAIRE_MIGRATION_2019', '2019-04-17 15:25:19', 'QUESTIONNAIRE_MIGRATION_2019'),
	(281, 19, 3, 2, 0, '', '2019-04-17 15:25:19', 'QUESTIONNAIRE_MIGRATION_2019', '2019-04-17 15:25:19', 'QUESTIONNAIRE_MIGRATION_2019'),
	(282, 19, 3, 2, 0, '', '2019-04-17 15:25:19', 'QUESTIONNAIRE_MIGRATION_2019', '2019-04-17 15:25:19', 'QUESTIONNAIRE_MIGRATION_2019'),
	(283, 19, 3, 2, 0, '', '2019-04-17 15:25:19', 'QUESTIONNAIRE_MIGRATION_2019', '2019-04-17 15:25:19', 'QUESTIONNAIRE_MIGRATION_2019'),
	(284, 18, 3, 2, 0, '', '2019-04-17 15:25:19', 'QUESTIONNAIRE_MIGRATION_2019', '2019-04-17 15:25:19', 'QUESTIONNAIRE_MIGRATION_2019'),
	(285, 11, 3, 2, 0, '', '2019-04-17 15:25:19', 'QUESTIONNAIRE_MIGRATION_2019', '2019-04-17 15:25:19', 'QUESTIONNAIRE_MIGRATION_2019'),
	(286, 20, 3, 2, 0, '', '2019-04-17 15:25:19', 'QUESTIONNAIRE_MIGRATION_2019', '2019-04-17 15:25:19', 'QUESTIONNAIRE_MIGRATION_2019'),
	(287, 19, 3, 2, 0, '', '2019-04-17 15:25:19', 'QUESTIONNAIRE_MIGRATION_2019', '2019-04-17 15:25:19', 'QUESTIONNAIRE_MIGRATION_2019'),
	(288, 11, 3, 2, 0, '', '2019-04-17 15:25:19', 'QUESTIONNAIRE_MIGRATION_2019', '2019-04-17 15:25:19', 'QUESTIONNAIRE_MIGRATION_2019'),
	(289, 19, 9, 2, 0, '', '2019-04-17 15:25:21', 'QUESTIONNAIRE_MIGRATION_2019', '2019-04-17 15:25:21', 'QUESTIONNAIRE_MIGRATION_2019'),
	(290, 20, 3, 2, 0, '', '2019-04-17 15:25:19', 'QUESTIONNAIRE_MIGRATION_2019', '2019-04-17 15:25:19', 'QUESTIONNAIRE_MIGRATION_2019'),
	(291, 21, 3, 2, 0, '', '2019-04-17 15:25:19', 'QUESTIONNAIRE_MIGRATION_2019', '2019-04-17 15:25:19', 'QUESTIONNAIRE_MIGRATION_2019'),
	(292, 19, 3, 2, 0, '', '2019-04-17 15:25:20', 'QUESTIONNAIRE_MIGRATION_2019', '2019-04-17 15:25:20', 'QUESTIONNAIRE_MIGRATION_2019'),
	(293, 21, 3, 2, 0, '', '2019-04-17 15:25:20', 'QUESTIONNAIRE_MIGRATION_2019', '2019-04-17 15:25:20', 'QUESTIONNAIRE_MIGRATION_2019'),
	(294, 12, 3, 2, 0, '', '2019-04-17 15:25:20', 'QUESTIONNAIRE_MIGRATION_2019', '2019-04-17 15:25:20', 'QUESTIONNAIRE_MIGRATION_2019'),
	(295, 19, 9, 2, 0, '', '2019-04-17 15:25:21', 'QUESTIONNAIRE_MIGRATION_2019', '2019-04-17 15:25:21', 'QUESTIONNAIRE_MIGRATION_2019'),
	(296, 19, 3, 2, 0, '', '2019-04-17 15:25:20', 'QUESTIONNAIRE_MIGRATION_2019', '2019-04-17 15:25:20', 'QUESTIONNAIRE_MIGRATION_2019'),
	(297, 18, 9, 2, 0, '', '2019-04-17 15:25:21', 'QUESTIONNAIRE_MIGRATION_2019', '2019-04-17 15:25:21', 'QUESTIONNAIRE_MIGRATION_2019'),
	(298, 18, 3, 2, 0, '', '2019-04-17 15:25:20', 'QUESTIONNAIRE_MIGRATION_2019', '2019-04-17 15:25:20', 'QUESTIONNAIRE_MIGRATION_2019'),
	(299, 19, 9, 2, 0, '', '2019-04-17 15:25:21', 'QUESTIONNAIRE_MIGRATION_2019', '2019-04-17 15:25:21', 'QUESTIONNAIRE_MIGRATION_2019'),
	(300, 21, 3, 2, 0, '', '2019-04-17 15:25:20', 'QUESTIONNAIRE_MIGRATION_2019', '2019-04-17 15:25:20', 'QUESTIONNAIRE_MIGRATION_2019'),
	(301, 12, 9, 2, 0, '', '2019-04-17 15:25:21', 'QUESTIONNAIRE_MIGRATION_2019', '2019-04-17 15:25:21', 'QUESTIONNAIRE_MIGRATION_2019'),
	(302, 12, 9, 2, 0, '', '2019-04-17 15:25:21', 'QUESTIONNAIRE_MIGRATION_2019', '2019-04-17 15:25:21', 'QUESTIONNAIRE_MIGRATION_2019'),
	(303, 19, 9, 2, 0, '', '2019-04-17 15:25:21', 'QUESTIONNAIRE_MIGRATION_2019', '2019-04-17 15:25:21', 'QUESTIONNAIRE_MIGRATION_2019'),
	(306, 19, 9, 2, 0, '', '2019-04-17 15:25:21', 'QUESTIONNAIRE_MIGRATION_2019', '2019-04-17 15:25:21', 'QUESTIONNAIRE_MIGRATION_2019'),
	(307, 11, 9, 2, 0, '', '2019-04-17 15:25:21', 'QUESTIONNAIRE_MIGRATION_2019', '2019-04-17 15:25:21', 'QUESTIONNAIRE_MIGRATION_2019'),
	(308, 18, 9, 2, 0, '', '2019-04-17 15:25:21', 'QUESTIONNAIRE_MIGRATION_2019', '2019-04-17 15:25:21', 'QUESTIONNAIRE_MIGRATION_2019'),
	(309, 12, 3, 2, 0, '', '2019-04-17 15:25:20', 'QUESTIONNAIRE_MIGRATION_2019', '2019-04-17 15:25:20', 'QUESTIONNAIRE_MIGRATION_2019'),
	(310, 18, 3, 2, 0, '', '2019-04-17 15:25:20', 'QUESTIONNAIRE_MIGRATION_2019', '2019-04-17 15:25:20', 'QUESTIONNAIRE_MIGRATION_2019'),
	(311, 18, 9, 2, 0, '', '2019-04-17 15:25:21', 'QUESTIONNAIRE_MIGRATION_2019', '2019-04-17 15:25:21', 'QUESTIONNAIRE_MIGRATION_2019'),
	(312, 18, 3, 2, 0, '', '2019-04-17 15:25:20', 'QUESTIONNAIRE_MIGRATION_2019', '2019-04-17 15:25:20', 'QUESTIONNAIRE_MIGRATION_2019'),
	(313, 19, 9, 2, 0, '', '2019-04-17 15:25:21', 'QUESTIONNAIRE_MIGRATION_2019', '2019-04-17 15:25:21', 'QUESTIONNAIRE_MIGRATION_2019'),
	(314, 19, 9, 2, 0, '', '2019-04-17 15:25:21', 'QUESTIONNAIRE_MIGRATION_2019', '2019-04-17 15:25:21', 'QUESTIONNAIRE_MIGRATION_2019'),
	(315, 18, 3, 2, 0, '', '2019-04-17 15:25:20', 'QUESTIONNAIRE_MIGRATION_2019', '2019-04-17 15:25:20', 'QUESTIONNAIRE_MIGRATION_2019'),
	(316, 18, 9, 2, 0, '', '2019-04-17 15:25:21', 'QUESTIONNAIRE_MIGRATION_2019', '2019-04-17 15:25:21', 'QUESTIONNAIRE_MIGRATION_2019'),
	(317, 18, 9, 2, 0, '', '2019-04-17 15:25:21', 'QUESTIONNAIRE_MIGRATION_2019', '2019-04-17 15:25:21', 'QUESTIONNAIRE_MIGRATION_2019'),
	(318, 25, 3, 2, 0, '', '2019-04-17 15:25:20', 'QUESTIONNAIRE_MIGRATION_2019', '2019-04-17 15:25:20', 'QUESTIONNAIRE_MIGRATION_2019'),
	(319, 18, 35, 2, 0, '', '2019-04-17 15:25:22', 'QUESTIONNAIRE_MIGRATION_2019', '2019-04-17 15:25:22', 'QUESTIONNAIRE_MIGRATION_2019'),
	(320, 18, 30, 2, 0, '', '2019-04-17 15:25:22', 'QUESTIONNAIRE_MIGRATION_2019', '2019-04-17 15:25:22', 'QUESTIONNAIRE_MIGRATION_2019'),
	(321, 18, 30, 2, 0, '', '2019-04-17 15:25:22', 'QUESTIONNAIRE_MIGRATION_2019', '2019-04-17 15:25:22', 'QUESTIONNAIRE_MIGRATION_2019'),
	(322, 18, 3, 2, 0, '', '2019-04-17 15:25:20', 'QUESTIONNAIRE_MIGRATION_2019', '2019-04-17 15:25:20', 'QUESTIONNAIRE_MIGRATION_2019'),
	(323, 18, 3, 2, 0, '', '2019-04-17 15:25:20', 'QUESTIONNAIRE_MIGRATION_2019', '2019-04-17 15:25:20', 'QUESTIONNAIRE_MIGRATION_2019'),
	(324, 18, 3, 2, 0, '', '2019-04-17 15:25:20', 'QUESTIONNAIRE_MIGRATION_2019', '2019-04-17 15:25:20', 'QUESTIONNAIRE_MIGRATION_2019'),
	(325, 20, 3, 2, 0, '', '2019-04-17 15:25:20', 'QUESTIONNAIRE_MIGRATION_2019', '2019-04-17 15:25:20', 'QUESTIONNAIRE_MIGRATION_2019'),
	(326, 18, 3, 2, 0, '', '2019-04-17 15:25:20', 'QUESTIONNAIRE_MIGRATION_2019', '2019-04-17 15:25:20', 'QUESTIONNAIRE_MIGRATION_2019'),
	(327, 20, 3, 2, 0, '', '2019-04-17 15:25:20', 'QUESTIONNAIRE_MIGRATION_2019', '2019-04-17 15:25:20', 'QUESTIONNAIRE_MIGRATION_2019'),
	(328, 18, 3, 2, 0, '', '2019-04-17 15:25:20', 'QUESTIONNAIRE_MIGRATION_2019', '2019-04-17 15:25:20', 'QUESTIONNAIRE_MIGRATION_2019'),
	(329, 18, 30, 2, 0, '', '2019-04-17 15:25:22', 'QUESTIONNAIRE_MIGRATION_2019', '2019-04-17 15:25:22', 'QUESTIONNAIRE_MIGRATION_2019'),
	(330, 18, 30, 2, 0, '', '2019-04-17 15:25:22', 'QUESTIONNAIRE_MIGRATION_2019', '2019-04-17 15:25:22', 'QUESTIONNAIRE_MIGRATION_2019'),
	(331, 19, 3, 2, 0, '', '2019-04-17 15:25:20', 'QUESTIONNAIRE_MIGRATION_2019', '2019-04-17 15:25:20', 'QUESTIONNAIRE_MIGRATION_2019'),
	(332, 12, 3, 2, 0, '', '2019-04-17 15:25:20', 'QUESTIONNAIRE_MIGRATION_2019', '2019-04-17 15:25:20', 'QUESTIONNAIRE_MIGRATION_2019'),
	(333, 20, 3, 2, 0, '', '2019-04-17 15:25:20', 'QUESTIONNAIRE_MIGRATION_2019', '2019-04-17 15:25:20', 'QUESTIONNAIRE_MIGRATION_2019'),
	(334, 18, 9, 2, 0, '', '2019-04-17 15:25:21', 'QUESTIONNAIRE_MIGRATION_2019', '2019-04-17 15:25:21', 'QUESTIONNAIRE_MIGRATION_2019'),
	(335, 12, 3, 2, 0, '', '2019-04-17 15:25:20', 'QUESTIONNAIRE_MIGRATION_2019', '2019-04-17 15:25:20', 'QUESTIONNAIRE_MIGRATION_2019'),
	(336, 18, 3, 2, 0, '', '2019-04-17 15:25:20', 'QUESTIONNAIRE_MIGRATION_2019', '2019-04-17 15:25:20', 'QUESTIONNAIRE_MIGRATION_2019'),
	(337, 18, 3, 2, 0, '', '2019-04-17 15:25:20', 'QUESTIONNAIRE_MIGRATION_2019', '2019-04-17 15:25:20', 'QUESTIONNAIRE_MIGRATION_2019'),
	(338, 18, 3, 2, 0, '', '2019-04-17 15:25:20', 'QUESTIONNAIRE_MIGRATION_2019', '2019-04-17 15:25:20', 'QUESTIONNAIRE_MIGRATION_2019'),
	(339, 21, 3, 2, 0, '', '2019-04-17 15:25:20', 'QUESTIONNAIRE_MIGRATION_2019', '2019-04-17 15:25:20', 'QUESTIONNAIRE_MIGRATION_2019'),
	(340, 18, 3, 2, 0, '', '2019-04-17 15:25:20', 'QUESTIONNAIRE_MIGRATION_2019', '2019-04-17 15:25:20', 'QUESTIONNAIRE_MIGRATION_2019'),
	(341, 18, 3, 2, 0, '', '2019-04-17 15:25:20', 'QUESTIONNAIRE_MIGRATION_2019', '2019-04-17 15:25:20', 'QUESTIONNAIRE_MIGRATION_2019'),
	(342, 12, 3, 2, 0, '', '2019-04-17 15:25:20', 'QUESTIONNAIRE_MIGRATION_2019', '2019-04-17 15:25:20', 'QUESTIONNAIRE_MIGRATION_2019'),
	(343, 12, 9, 2, 0, '', '2019-04-17 15:25:21', 'QUESTIONNAIRE_MIGRATION_2019', '2019-04-17 15:25:21', 'QUESTIONNAIRE_MIGRATION_2019'),
	(344, 25, 3, 2, 0, '', '2019-04-17 15:25:20', 'QUESTIONNAIRE_MIGRATION_2019', '2019-04-17 15:25:20', 'QUESTIONNAIRE_MIGRATION_2019'),
	(345, 19, 9, 2, 0, '', '2019-04-17 15:25:22', 'QUESTIONNAIRE_MIGRATION_2019', '2019-04-17 15:25:22', 'QUESTIONNAIRE_MIGRATION_2019'),
	(346, 19, 36, 2, 0, '', '2019-04-17 15:25:22', 'QUESTIONNAIRE_MIGRATION_2019', '2019-04-17 15:25:22', 'QUESTIONNAIRE_MIGRATION_2019'),
	(347, 19, 9, 2, 0, '', '2019-04-17 15:25:22', 'QUESTIONNAIRE_MIGRATION_2019', '2019-04-17 15:25:22', 'QUESTIONNAIRE_MIGRATION_2019'),
	(348, 19, 49, 2, 0, '', '2019-04-17 15:25:22', 'QUESTIONNAIRE_MIGRATION_2019', '2019-04-17 15:25:22', 'QUESTIONNAIRE_MIGRATION_2019'),
	(349, 19, 60, 2, 0, '', '2019-04-17 15:25:22', 'QUESTIONNAIRE_MIGRATION_2019', '2019-04-17 15:25:22', 'QUESTIONNAIRE_MIGRATION_2019'),
	(350, 19, 43, 2, 0, '', '2019-04-17 15:25:22', 'QUESTIONNAIRE_MIGRATION_2019', '2019-04-17 15:25:22', 'QUESTIONNAIRE_MIGRATION_2019'),
	(351, 19, 53, 2, 0, '', '2019-04-17 15:25:22', 'QUESTIONNAIRE_MIGRATION_2019', '2019-04-17 15:25:22', 'QUESTIONNAIRE_MIGRATION_2019'),
	(352, 19, 62, 2, 0, '', '2019-04-17 15:25:22', 'QUESTIONNAIRE_MIGRATION_2019', '2019-04-17 15:25:22', 'QUESTIONNAIRE_MIGRATION_2019'),
	(353, 19, 54, 2, 0, '', '2019-04-17 15:25:22', 'QUESTIONNAIRE_MIGRATION_2019', '2019-04-17 15:25:22', 'QUESTIONNAIRE_MIGRATION_2019'),
	(354, 19, 16, 2, 0, '', '2019-04-17 15:25:22', 'QUESTIONNAIRE_MIGRATION_2019', '2019-04-17 15:25:22', 'QUESTIONNAIRE_MIGRATION_2019'),
	(355, 19, 30, 2, 0, '', '2019-04-17 15:25:22', 'QUESTIONNAIRE_MIGRATION_2019', '2019-04-17 15:25:22', 'QUESTIONNAIRE_MIGRATION_2019'),
	(356, 19, 42, 2, 0, '', '2019-04-17 15:25:22', 'QUESTIONNAIRE_MIGRATION_2019', '2019-04-17 15:25:22', 'QUESTIONNAIRE_MIGRATION_2019'),
	(357, 18, 59, 2, 0, '', '2019-04-17 15:25:22', 'QUESTIONNAIRE_MIGRATION_2019', '2019-04-17 15:25:22', 'QUESTIONNAIRE_MIGRATION_2019'),
	(358, 19, 25, 2, 0, '', '2019-04-17 15:25:22', 'QUESTIONNAIRE_MIGRATION_2019', '2019-04-17 15:25:22', 'QUESTIONNAIRE_MIGRATION_2019'),
	(359, 19, 44, 2, 0, '', '2019-04-17 15:25:22', 'QUESTIONNAIRE_MIGRATION_2019', '2019-04-17 15:25:22', 'QUESTIONNAIRE_MIGRATION_2019'),
	(360, 19, 3, 2, 0, '', '2019-04-17 15:25:21', 'QUESTIONNAIRE_MIGRATION_2019', '2019-04-17 15:25:21', 'QUESTIONNAIRE_MIGRATION_2019'),
	(361, 19, 37, 2, 0, '', '2019-04-17 15:25:22', 'QUESTIONNAIRE_MIGRATION_2019', '2019-04-17 15:25:22', 'QUESTIONNAIRE_MIGRATION_2019'),
	(362, 19, 50, 2, 0, '', '2019-04-17 15:25:22', 'QUESTIONNAIRE_MIGRATION_2019', '2019-04-17 15:25:22', 'QUESTIONNAIRE_MIGRATION_2019'),
	(363, 19, 35, 2, 0, '', '2019-04-17 15:25:22', 'QUESTIONNAIRE_MIGRATION_2019', '2019-04-17 15:25:22', 'QUESTIONNAIRE_MIGRATION_2019'),
	(364, 19, 61, 2, 0, '', '2019-04-17 15:25:22', 'QUESTIONNAIRE_MIGRATION_2019', '2019-04-17 15:25:22', 'QUESTIONNAIRE_MIGRATION_2019'),
	(365, 25, 3, 2, 0, '', '2019-04-17 15:25:21', 'QUESTIONNAIRE_MIGRATION_2019', '2019-04-17 15:25:21', 'QUESTIONNAIRE_MIGRATION_2019'),
	(366, 18, 9, 2, 0, '', '2019-04-17 15:25:22', 'QUESTIONNAIRE_MIGRATION_2019', '2019-04-17 15:25:22', 'QUESTIONNAIRE_MIGRATION_2019'),
	(367, 18, 53, 2, 0, '', '2019-04-17 15:25:22', 'QUESTIONNAIRE_MIGRATION_2019', '2019-04-17 15:25:22', 'QUESTIONNAIRE_MIGRATION_2019'),
	(368, 18, 54, 2, 0, '', '2019-04-17 15:25:22', 'QUESTIONNAIRE_MIGRATION_2019', '2019-04-17 15:25:22', 'QUESTIONNAIRE_MIGRATION_2019'),
	(372, 12, 3, 2, 0, '', '2019-04-17 15:25:21', 'QUESTIONNAIRE_MIGRATION_2019', '2019-04-17 15:25:21', 'QUESTIONNAIRE_MIGRATION_2019'),
	(374, 11, 3, 2, 0, '', '2019-04-17 15:25:21', 'QUESTIONNAIRE_MIGRATION_2019', '2019-04-17 15:25:21', 'QUESTIONNAIRE_MIGRATION_2019'),
	(376, 25, 3, 2, 0, '', '2019-04-17 15:25:21', 'QUESTIONNAIRE_MIGRATION_2019', '2019-04-17 15:25:21', 'QUESTIONNAIRE_MIGRATION_2019'),
	(377, 19, 63, 2, 0, '', '2019-04-17 15:25:22', 'QUESTIONNAIRE_MIGRATION_2019', '2019-04-17 15:25:22', 'QUESTIONNAIRE_MIGRATION_2019'),
	(378, 11, 3, 2, 0, '', '2019-04-17 15:25:21', 'QUESTIONNAIRE_MIGRATION_2019', '2019-04-17 15:25:21', 'QUESTIONNAIRE_MIGRATION_2019'),
	(379, 12, 3, 2, 0, '', '2019-04-17 15:25:21', 'QUESTIONNAIRE_MIGRATION_2019', '2019-04-17 15:25:21', 'QUESTIONNAIRE_MIGRATION_2019'),
	(380, 11, 79, 2, 0, '', '2019-04-17 15:25:23', 'QUESTIONNAIRE_MIGRATION_2019', '2019-04-17 15:25:23', 'QUESTIONNAIRE_MIGRATION_2019'),
	(381, 12, 3, 2, 0, '', '2019-04-17 15:25:21', 'QUESTIONNAIRE_MIGRATION_2019', '2019-04-17 15:25:21', 'QUESTIONNAIRE_MIGRATION_2019'),
	(382, 18, 25, 2, 0, '', '2019-04-17 15:25:22', 'QUESTIONNAIRE_MIGRATION_2019', '2019-04-17 15:25:22', 'QUESTIONNAIRE_MIGRATION_2019'),
	(383, 18, 67, 2, 0, '', '2019-04-17 15:25:23', 'QUESTIONNAIRE_MIGRATION_2019', '2019-04-17 15:25:23', 'QUESTIONNAIRE_MIGRATION_2019'),
	(384, 11, 23, 2, 0, '', '2019-04-17 15:25:22', 'QUESTIONNAIRE_MIGRATION_2019', '2019-04-17 15:25:22', 'QUESTIONNAIRE_MIGRATION_2019'),
	(385, 18, 67, 2, 0, '', '2019-04-17 15:25:23', 'QUESTIONNAIRE_MIGRATION_2019', '2019-04-17 15:25:23', 'QUESTIONNAIRE_MIGRATION_2019'),
	(386, 11, 24, 2, 0, '', '2019-04-17 15:25:22', 'QUESTIONNAIRE_MIGRATION_2019', '2019-04-17 15:25:22', 'QUESTIONNAIRE_MIGRATION_2019'),
	(387, 11, 27, 2, 0, '', '2019-04-17 15:25:22', 'QUESTIONNAIRE_MIGRATION_2019', '2019-04-17 15:25:22', 'QUESTIONNAIRE_MIGRATION_2019'),
	(388, 20, 23, 2, 0, '', '2019-04-17 15:25:22', 'QUESTIONNAIRE_MIGRATION_2019', '2019-04-17 15:25:22', 'QUESTIONNAIRE_MIGRATION_2019'),
	(389, 18, 67, 2, 0, '', '2019-04-17 15:25:23', 'QUESTIONNAIRE_MIGRATION_2019', '2019-04-17 15:25:23', 'QUESTIONNAIRE_MIGRATION_2019'),
	(391, 12, 23, 2, 0, '', '2019-04-17 15:25:22', 'QUESTIONNAIRE_MIGRATION_2019', '2019-04-17 15:25:22', 'QUESTIONNAIRE_MIGRATION_2019'),
	(392, 11, 24, 2, 0, '', '2019-04-17 15:25:22', 'QUESTIONNAIRE_MIGRATION_2019', '2019-04-17 15:25:22', 'QUESTIONNAIRE_MIGRATION_2019'),
	(393, 18, 97, 2, 0, '', '2019-04-17 15:25:23', 'QUESTIONNAIRE_MIGRATION_2019', '2019-04-17 15:25:23', 'QUESTIONNAIRE_MIGRATION_2019'),
	(396, 18, 113, 2, 0, '', '2019-04-17 15:25:23', 'QUESTIONNAIRE_MIGRATION_2019', '2019-04-17 15:25:23', 'QUESTIONNAIRE_MIGRATION_2019'),
	(398, 18, 113, 2, 0, '', '2019-04-17 15:25:23', 'QUESTIONNAIRE_MIGRATION_2019', '2019-04-17 15:25:23', 'QUESTIONNAIRE_MIGRATION_2019'),
	(399, 18, 97, 2, 0, '', '2019-04-17 15:25:23', 'QUESTIONNAIRE_MIGRATION_2019', '2019-04-17 15:25:23', 'QUESTIONNAIRE_MIGRATION_2019');
/*!40000 ALTER TABLE `answerQuestionnaire` ENABLE KEYS */;

-- Dumping structure for table questionnaireDB2019.answerRadioButton
CREATE TABLE IF NOT EXISTS `answerRadioButton` (
  `ID` bigint(20) NOT NULL AUTO_INCREMENT,
  `answerId` bigint(20) NOT NULL,
  `value` int(11) NOT NULL,
  PRIMARY KEY (`ID`),
  KEY `fk_answerRadioButton_answerId_answer_ID` (`answerId`),
  CONSTRAINT `fk_answerRadioButton_answerId_answer_ID` FOREIGN KEY (`answerId`) REFERENCES `answer` (`ID`)
) ENGINE=InnoDB DEFAULT CHARSET=utf8;

-- Dumping data for table questionnaireDB2019.answerRadioButton: ~0 rows (approximately)
/*!40000 ALTER TABLE `answerRadioButton` DISABLE KEYS */;
/*!40000 ALTER TABLE `answerRadioButton` ENABLE KEYS */;

-- Dumping structure for table questionnaireDB2019.answerSection
CREATE TABLE IF NOT EXISTS `answerSection` (
  `ID` bigint(20) NOT NULL AUTO_INCREMENT,
  `answerQuestionnaireId` bigint(20) NOT NULL,
  `sectionId` bigint(20) NOT NULL,
  PRIMARY KEY (`ID`),
  KEY `fk_answerSection_answerQuestionnaire_ID` (`answerQuestionnaireId`),
  KEY `fk_answerSection_section_ID` (`sectionId`),
  CONSTRAINT `fk_answerSection_answerQuestionnaire_ID` FOREIGN KEY (`answerQuestionnaireId`) REFERENCES `answerQuestionnaire` (`ID`),
  CONSTRAINT `fk_answerSection_section_ID` FOREIGN KEY (`sectionId`) REFERENCES `section` (`ID`) ON DELETE NO ACTION ON UPDATE NO ACTION
) ENGINE=InnoDB AUTO_INCREMENT=229 DEFAULT CHARSET=utf8;

-- Dumping data for table questionnaireDB2019.answerSection: ~228 rows (approximately)
/*!40000 ALTER TABLE `answerSection` DISABLE KEYS */;
INSERT INTO `answerSection` (`ID`, `answerQuestionnaireId`, `sectionId`) VALUES
	(1, 171, 11),
	(2, 172, 11),
	(3, 110, 11),
	(4, 111, 11),
	(5, 112, 11),
	(6, 113, 11),
	(7, 114, 11),
	(8, 115, 11),
	(9, 116, 11),
	(10, 117, 11),
	(11, 118, 11),
	(12, 134, 11),
	(13, 135, 11),
	(14, 136, 11),
	(15, 137, 11),
	(16, 142, 11),
	(17, 156, 11),
	(18, 157, 11),
	(19, 158, 11),
	(20, 159, 11),
	(21, 160, 11),
	(22, 161, 11),
	(23, 162, 11),
	(24, 163, 11),
	(25, 164, 11),
	(26, 165, 11),
	(27, 166, 11),
	(28, 167, 11),
	(29, 168, 11),
	(30, 169, 11),
	(31, 170, 11),
	(32, 173, 11),
	(33, 174, 11),
	(34, 175, 11),
	(35, 176, 11),
	(36, 177, 11),
	(37, 178, 11),
	(38, 179, 11),
	(39, 180, 11),
	(40, 181, 11),
	(41, 182, 11),
	(42, 183, 12),
	(43, 184, 12),
	(44, 185, 12),
	(45, 186, 12),
	(46, 187, 12),
	(47, 188, 11),
	(48, 189, 11),
	(49, 190, 12),
	(50, 191, 12),
	(51, 192, 12),
	(52, 193, 12),
	(53, 194, 12),
	(54, 195, 11),
	(55, 196, 11),
	(56, 197, 11),
	(57, 198, 11),
	(58, 199, 11),
	(59, 200, 11),
	(60, 205, 11),
	(61, 206, 11),
	(62, 207, 12),
	(63, 208, 12),
	(64, 209, 12),
	(65, 210, 12),
	(66, 211, 11),
	(67, 212, 11),
	(68, 213, 11),
	(69, 214, 11),
	(70, 216, 11),
	(71, 222, 12),
	(72, 223, 12),
	(73, 224, 18),
	(74, 226, 12),
	(75, 227, 11),
	(76, 228, 11),
	(77, 229, 11),
	(78, 230, 12),
	(79, 231, 12),
	(80, 232, 18),
	(81, 233, 11),
	(82, 235, 11),
	(83, 236, 11),
	(84, 237, 12),
	(85, 243, 18),
	(86, 244, 19),
	(87, 245, 18),
	(88, 246, 19),
	(89, 247, 18),
	(90, 250, 19),
	(91, 251, 19),
	(92, 252, 19),
	(93, 259, 18),
	(94, 260, 19),
	(95, 261, 18),
	(96, 262, 19),
	(97, 263, 19),
	(98, 264, 19),
	(99, 265, 19),
	(100, 266, 19),
	(101, 267, 19),
	(102, 268, 19),
	(103, 269, 19),
	(104, 270, 18),
	(105, 271, 19),
	(106, 272, 20),
	(107, 273, 19),
	(108, 274, 12),
	(109, 275, 21),
	(110, 276, 19),
	(111, 277, 18),
	(112, 278, 19),
	(113, 279, 19),
	(114, 280, 19),
	(115, 281, 19),
	(116, 282, 19),
	(117, 283, 19),
	(118, 284, 18),
	(119, 285, 11),
	(120, 286, 20),
	(121, 287, 19),
	(122, 288, 11),
	(123, 290, 20),
	(124, 291, 21),
	(125, 292, 19),
	(126, 293, 21),
	(127, 294, 12),
	(128, 296, 19),
	(129, 298, 18),
	(130, 300, 21),
	(131, 309, 12),
	(132, 310, 18),
	(133, 312, 18),
	(134, 315, 18),
	(135, 318, 25),
	(136, 322, 18),
	(137, 323, 18),
	(138, 324, 18),
	(139, 325, 20),
	(140, 326, 18),
	(141, 327, 20),
	(142, 328, 18),
	(143, 331, 19),
	(144, 332, 12),
	(145, 333, 20),
	(146, 335, 12),
	(147, 336, 18),
	(148, 337, 18),
	(149, 338, 18),
	(150, 339, 21),
	(151, 340, 18),
	(152, 341, 18),
	(153, 342, 12),
	(154, 344, 25),
	(155, 360, 19),
	(156, 365, 25),
	(157, 372, 12),
	(158, 374, 11),
	(159, 376, 25),
	(160, 378, 11),
	(161, 379, 12),
	(162, 381, 12),
	(163, 217, 11),
	(164, 218, 11),
	(165, 219, 11),
	(166, 220, 11),
	(167, 225, 18),
	(168, 234, 11),
	(169, 289, 19),
	(170, 295, 19),
	(171, 297, 18),
	(172, 299, 19),
	(173, 301, 12),
	(174, 302, 12),
	(175, 303, 19),
	(176, 306, 19),
	(177, 307, 11),
	(178, 308, 18),
	(179, 311, 18),
	(180, 313, 19),
	(181, 314, 19),
	(182, 316, 18),
	(183, 317, 18),
	(184, 334, 18),
	(185, 343, 12),
	(186, 345, 19),
	(187, 347, 19),
	(188, 366, 18),
	(189, 354, 19),
	(190, 384, 11),
	(191, 388, 20),
	(192, 391, 12),
	(193, 386, 11),
	(194, 392, 11),
	(195, 358, 19),
	(196, 382, 18),
	(197, 387, 11),
	(198, 320, 18),
	(199, 321, 18),
	(200, 329, 18),
	(201, 330, 18),
	(202, 355, 19),
	(203, 319, 18),
	(204, 363, 19),
	(205, 346, 19),
	(206, 361, 19),
	(207, 356, 19),
	(208, 350, 19),
	(209, 359, 19),
	(210, 348, 19),
	(211, 362, 19),
	(212, 351, 19),
	(213, 367, 18),
	(214, 353, 19),
	(215, 368, 18),
	(216, 357, 18),
	(217, 349, 19),
	(218, 364, 19),
	(219, 352, 19),
	(220, 377, 19),
	(221, 383, 18),
	(222, 385, 18),
	(223, 389, 18),
	(224, 380, 11),
	(225, 393, 18),
	(226, 399, 18),
	(227, 396, 18),
	(228, 398, 18);
/*!40000 ALTER TABLE `answerSection` ENABLE KEYS */;

-- Dumping structure for table questionnaireDB2019.answerSlider
CREATE TABLE IF NOT EXISTS `answerSlider` (
  `ID` bigint(20) NOT NULL AUTO_INCREMENT,
  `answerId` bigint(20) NOT NULL,
  `value` float NOT NULL,
  PRIMARY KEY (`ID`),
  KEY `fk_answerSlider_answer_ID` (`answerId`),
  CONSTRAINT `fk_answerSlider_answer_ID` FOREIGN KEY (`answerId`) REFERENCES `answer` (`ID`)
) ENGINE=InnoDB AUTO_INCREMENT=1087 DEFAULT CHARSET=utf8;

-- Dumping data for table questionnaireDB2019.answerSlider: ~1,086 rows (approximately)
/*!40000 ALTER TABLE `answerSlider` DISABLE KEYS */;
INSERT INTO `answerSlider` (`ID`, `answerId`, `value`) VALUES
	(1, 1, 5),
	(2, 2, 5),
	(3, 6, 5),
	(4, 7, 5),
	(5, 11, 4),
	(6, 11, 4),
	(7, 12, 4),
	(8, 16, 4),
	(9, 17, 5),
	(10, 21, 4),
	(11, 22, 5),
	(12, 26, 5),
	(13, 27, 4),
	(14, 31, 5),
	(15, 32, 3),
	(16, 36, 4),
	(17, 37, 5),
	(18, 41, 3),
	(19, 42, 1),
	(20, 46, 4),
	(21, 47, 4),
	(22, 51, 5),
	(23, 52, 4),
	(24, 56, 5),
	(25, 57, 4),
	(26, 61, 5),
	(27, 62, 4),
	(28, 66, 5),
	(29, 67, 5),
	(30, 71, 4),
	(31, 72, 2),
	(32, 76, 4),
	(33, 77, 4),
	(34, 81, 5),
	(35, 82, 4),
	(36, 86, 5),
	(37, 87, 5),
	(38, 91, 5),
	(39, 92, 4),
	(40, 96, 4),
	(41, 97, 5),
	(42, 101, 5),
	(43, 102, 5),
	(44, 106, 5),
	(45, 107, 5),
	(46, 111, 5),
	(47, 112, 4),
	(48, 116, 4),
	(49, 117, 5),
	(50, 121, 5),
	(51, 122, 5),
	(52, 126, 5),
	(53, 127, 5),
	(54, 131, 4),
	(55, 132, 5),
	(56, 136, 5),
	(57, 137, 5),
	(58, 141, 5),
	(59, 142, 5),
	(60, 146, 4),
	(61, 147, 5),
	(62, 151, 5),
	(63, 152, 5),
	(64, 156, 4),
	(65, 157, 5),
	(66, 161, 5),
	(67, 162, 5),
	(68, 166, 5),
	(69, 167, 5),
	(70, 171, 5),
	(71, 172, 5),
	(72, 176, 5),
	(73, 177, 5),
	(74, 181, 5),
	(75, 182, 5),
	(76, 186, 3),
	(77, 187, 5),
	(78, 191, 5),
	(79, 192, 4),
	(80, 196, 4),
	(81, 197, 5),
	(82, 201, 6),
	(83, 202, 1),
	(84, 203, 6),
	(85, 204, 4),
	(86, 205, 3),
	(87, 206, 5),
	(88, 207, 8),
	(89, 208, 3),
	(90, 209, 5),
	(91, 210, 5),
	(92, 211, 7),
	(93, 212, 9),
	(94, 213, 6),
	(95, 214, 8),
	(96, 215, 7),
	(97, 216, 5),
	(98, 217, 9),
	(99, 218, 6),
	(100, 219, 8),
	(101, 220, 8),
	(102, 221, 8),
	(103, 222, 8),
	(104, 223, 8),
	(105, 224, 8),
	(106, 225, 8),
	(107, 226, 8),
	(108, 227, 8),
	(109, 228, 7),
	(110, 229, 9),
	(111, 230, 7),
	(112, 231, 5),
	(113, 232, 9),
	(114, 233, 7),
	(115, 234, 8),
	(116, 235, 6),
	(117, 236, 9),
	(118, 237, 6),
	(119, 238, 8),
	(120, 239, 6),
	(121, 240, 2),
	(122, 241, 8),
	(123, 242, 7),
	(124, 243, 6),
	(125, 244, 8),
	(126, 245, 7),
	(127, 246, 2),
	(128, 247, 4),
	(129, 251, 4),
	(130, 252, 4),
	(131, 256, 6),
	(132, 257, 5),
	(133, 258, 9),
	(134, 259, 6),
	(135, 260, 8),
	(136, 261, 5),
	(137, 262, 2),
	(138, 263, 5),
	(139, 264, 7),
	(140, 265, 9),
	(141, 266, 8),
	(142, 267, 9),
	(143, 268, 8),
	(144, 269, 10),
	(145, 270, 6),
	(146, 271, 8),
	(147, 272, 8),
	(148, 273, 9),
	(149, 274, 10),
	(150, 275, 7),
	(151, 276, 6),
	(152, 277, 2),
	(153, 278, 1),
	(154, 279, 10),
	(155, 280, 9),
	(156, 281, 10),
	(157, 282, 10),
	(158, 283, 10),
	(159, 284, 10),
	(160, 285, 10),
	(161, 286, 10),
	(162, 287, 10),
	(163, 288, 10),
	(164, 289, 10),
	(165, 290, 10),
	(166, 291, 10),
	(167, 292, 5),
	(168, 293, 7),
	(169, 294, 4),
	(170, 295, 9),
	(171, 296, 7),
	(172, 297, 8),
	(173, 298, 2),
	(174, 299, 4),
	(175, 300, 6),
	(176, 301, 5),
	(177, 302, 4),
	(178, 306, 4),
	(179, 307, 3),
	(180, 311, 3),
	(181, 312, 3),
	(182, 316, 4),
	(183, 317, 4),
	(184, 321, 4),
	(185, 322, 4),
	(186, 326, 5),
	(187, 327, 5),
	(188, 331, 5),
	(189, 332, 3),
	(190, 336, 5),
	(191, 337, 3),
	(192, 341, 6),
	(193, 342, 7),
	(194, 343, 9),
	(195, 344, 9),
	(196, 345, 9),
	(197, 346, 7),
	(198, 347, 9),
	(199, 348, 9),
	(200, 349, 8),
	(201, 350, 6),
	(202, 351, 7),
	(203, 352, 9),
	(204, 353, 9),
	(205, 354, 9),
	(206, 355, 7),
	(207, 356, 9),
	(208, 357, 9),
	(209, 358, 8),
	(210, 359, 9),
	(211, 360, 8),
	(212, 361, 9),
	(213, 362, 8),
	(214, 363, 9),
	(215, 364, 8),
	(216, 365, 8),
	(217, 366, 8),
	(218, 367, 8),
	(219, 368, 9),
	(220, 369, 8),
	(221, 370, 9),
	(222, 371, 8),
	(223, 372, 9),
	(224, 373, 8),
	(225, 374, 8),
	(226, 375, 8),
	(227, 376, 8),
	(228, 377, 5),
	(229, 378, 1),
	(230, 382, 5),
	(231, 383, 1),
	(232, 387, 5),
	(233, 388, 5),
	(234, 392, 5),
	(235, 393, 5),
	(236, 397, 1),
	(237, 398, 2),
	(238, 402, 7),
	(239, 403, 8),
	(240, 404, 10),
	(241, 405, 3),
	(242, 406, 8),
	(243, 407, 9),
	(244, 408, 8),
	(245, 409, 6),
	(246, 410, 9),
	(247, 411, 7),
	(248, 412, 8),
	(249, 413, 10),
	(250, 414, 3),
	(251, 415, 8),
	(252, 416, 9),
	(253, 417, 8),
	(254, 418, 6),
	(255, 419, 9),
	(256, 420, 1),
	(257, 421, 1),
	(258, 422, 2),
	(259, 423, 1),
	(260, 424, 1),
	(261, 425, 2),
	(262, 426, 1),
	(263, 427, 3),
	(264, 428, 5),
	(265, 429, 5),
	(266, 430, 4),
	(267, 431, 9),
	(268, 432, 10),
	(269, 433, 8),
	(270, 434, 9),
	(271, 435, 7),
	(272, 436, 10),
	(273, 437, 6),
	(274, 438, 6),
	(275, 439, 5),
	(276, 440, 3),
	(277, 441, 3),
	(278, 445, 4),
	(279, 446, 5),
	(280, 450, 5),
	(281, 451, 3),
	(282, 455, 6),
	(283, 456, 6),
	(284, 457, 8),
	(285, 458, 8),
	(286, 459, 6),
	(287, 460, 7),
	(288, 461, 6),
	(289, 462, 8),
	(290, 463, 6),
	(291, 464, 10),
	(292, 465, 6),
	(293, 466, 9),
	(294, 467, 9),
	(295, 468, 7),
	(296, 469, 7),
	(297, 470, 7),
	(298, 471, 9),
	(299, 472, 7),
	(300, 473, 2),
	(301, 474, 1),
	(302, 475, 1),
	(303, 476, 2),
	(304, 477, 1),
	(305, 478, 2),
	(306, 479, 2),
	(307, 480, 3),
	(308, 481, 6),
	(309, 482, 6),
	(310, 483, 3),
	(311, 484, 4),
	(312, 485, 2),
	(313, 489, 4),
	(314, 490, 2),
	(315, 492, 4),
	(316, 493, 2),
	(317, 496, 7),
	(318, 497, 9),
	(319, 498, 9),
	(320, 499, 8),
	(321, 500, 7),
	(322, 501, 10),
	(323, 502, 8),
	(324, 503, 6),
	(325, 504, 6),
	(326, 505, 2),
	(327, 506, 1),
	(328, 507, 2),
	(329, 508, 1),
	(330, 509, 2),
	(331, 510, 1),
	(332, 511, 1),
	(333, 512, 2),
	(334, 513, 5),
	(335, 514, 4),
	(336, 515, 2),
	(337, 516, 2),
	(338, 517, 2),
	(339, 521, 3),
	(340, 522, 3),
	(341, 523, 3),
	(342, 524, 3),
	(343, 525, 3),
	(344, 526, 3),
	(345, 527, 2),
	(346, 528, 2),
	(347, 529, 5),
	(348, 530, 6),
	(349, 531, 4),
	(350, 532, 4),
	(351, 533, 3),
	(352, 537, 3),
	(353, 538, 4),
	(354, 539, 2),
	(355, 540, 3),
	(356, 541, 4),
	(357, 542, 1),
	(358, 543, 4),
	(359, 544, 3),
	(360, 545, 6),
	(361, 546, 6),
	(362, 547, 4),
	(363, 548, 5),
	(364, 549, 4),
	(365, 554, 4),
	(366, 555, 3),
	(367, 559, 4),
	(368, 560, 3),
	(369, 564, 3),
	(370, 565, 2),
	(371, 566, 4),
	(372, 567, 1),
	(373, 568, 2),
	(374, 569, 3),
	(375, 570, 2),
	(376, 571, 1),
	(377, 572, 6),
	(378, 573, 5),
	(379, 574, 2),
	(380, 575, 4),
	(381, 576, 4),
	(382, 581, 3),
	(383, 582, 4),
	(384, 583, 3),
	(385, 584, 3),
	(386, 585, 4),
	(387, 586, 3),
	(388, 587, 4),
	(389, 588, 1),
	(390, 589, 6),
	(391, 590, 7),
	(392, 591, 2),
	(393, 592, 4),
	(394, 593, 5),
	(395, 599, 5),
	(396, 600, 3),
	(397, 606, 4),
	(398, 607, 3),
	(399, 613, 4),
	(400, 614, 2),
	(401, 620, 4),
	(402, 621, 5),
	(403, 627, 4),
	(404, 628, 5),
	(405, 633, 4),
	(406, 634, 5),
	(407, 639, 4),
	(408, 640, 4),
	(409, 645, 3),
	(410, 646, 2),
	(411, 647, 3),
	(412, 648, 4),
	(413, 649, 1),
	(414, 650, 3),
	(415, 651, 2),
	(416, 652, 3),
	(417, 653, 4),
	(418, 654, 4),
	(419, 655, 1),
	(420, 656, 4),
	(421, 657, 3),
	(422, 666, 4),
	(423, 667, 3),
	(424, 672, 9),
	(425, 673, 9),
	(426, 674, 10),
	(427, 675, 6),
	(428, 676, 9),
	(429, 677, 8),
	(430, 678, 8),
	(431, 679, 9),
	(432, 680, 9),
	(433, 686, 4),
	(434, 687, 5),
	(435, 692, 3),
	(436, 693, 4),
	(437, 694, 3),
	(438, 695, 2),
	(439, 696, 4),
	(440, 697, 4),
	(441, 698, 2),
	(442, 699, 3),
	(443, 700, 6),
	(444, 701, 6),
	(445, 702, 3),
	(446, 703, 3),
	(447, 704, 5),
	(448, 709, 4),
	(449, 710, 5),
	(450, 715, 4),
	(451, 716, 4),
	(452, 721, 4),
	(453, 722, 5),
	(454, 728, 4),
	(455, 729, 3),
	(456, 735, 4),
	(457, 736, 5),
	(458, 742, 3),
	(459, 743, 3),
	(460, 744, 3),
	(461, 745, 3),
	(462, 746, 3),
	(463, 747, 3),
	(464, 748, 4),
	(465, 749, 1),
	(466, 750, 4),
	(467, 751, 7),
	(468, 752, 3),
	(469, 753, 4),
	(470, 754, 2),
	(471, 759, 4),
	(472, 760, 3),
	(473, 765, 4),
	(474, 766, 3),
	(475, 776, 4),
	(476, 777, 5),
	(477, 787, 9),
	(478, 788, 7),
	(479, 789, 7),
	(480, 790, 9),
	(481, 791, 8),
	(482, 792, 5),
	(483, 793, 4),
	(484, 794, 3),
	(485, 795, 5),
	(486, 796, 5),
	(487, 797, 5),
	(488, 803, 3),
	(489, 804, 3),
	(490, 805, 2),
	(491, 806, 4),
	(492, 807, 2),
	(493, 808, 2),
	(494, 809, 3),
	(495, 810, 1),
	(496, 811, 6),
	(497, 812, 5),
	(498, 813, 2),
	(499, 819, 7),
	(500, 820, 6),
	(501, 821, 7),
	(502, 822, 6),
	(503, 823, 7),
	(504, 824, 6),
	(505, 825, 6),
	(506, 826, 6),
	(507, 827, 4),
	(508, 828, 2),
	(509, 829, 3),
	(510, 830, 2),
	(511, 831, 2),
	(512, 832, 1),
	(513, 833, 2),
	(514, 834, 2),
	(515, 835, 2),
	(516, 836, 5),
	(517, 837, 3),
	(518, 838, 2),
	(519, 839, 2),
	(520, 840, 2),
	(521, 841, 3),
	(522, 842, 1),
	(523, 843, 2),
	(524, 844, 2),
	(525, 845, 1),
	(526, 846, 1),
	(527, 847, 4),
	(528, 848, 4),
	(529, 849, 1),
	(530, 850, 4),
	(531, 851, 4),
	(532, 852, 3),
	(533, 853, 2),
	(534, 854, 2),
	(535, 855, 2),
	(536, 856, 2),
	(537, 857, 2),
	(538, 858, 5),
	(539, 859, 5),
	(540, 860, 2),
	(541, 869, 4),
	(542, 870, 4),
	(543, 871, 4),
	(544, 872, 4),
	(545, 873, 4),
	(546, 874, 4),
	(547, 875, 4),
	(548, 876, 4),
	(549, 877, 7),
	(550, 878, 7),
	(551, 879, 4),
	(552, 880, 2),
	(553, 881, 3),
	(554, 882, 2),
	(555, 883, 3),
	(556, 884, 2),
	(557, 885, 3),
	(558, 886, 2),
	(559, 887, 3),
	(560, 888, 7),
	(561, 889, 4),
	(562, 890, 2),
	(563, 891, 2),
	(564, 892, 2),
	(565, 893, 3),
	(566, 894, 1),
	(567, 895, 4),
	(568, 896, 3),
	(569, 897, 3),
	(570, 898, 1),
	(571, 899, 4),
	(572, 900, 6),
	(573, 901, 4),
	(574, 905, 3),
	(575, 906, 4),
	(576, 907, 3),
	(577, 908, 2),
	(578, 909, 1),
	(579, 910, 4),
	(580, 911, 2),
	(581, 912, 3),
	(582, 913, 2),
	(583, 914, 6),
	(584, 915, 4),
	(585, 919, 3),
	(586, 920, 4),
	(587, 921, 4),
	(588, 922, 4),
	(589, 923, 4),
	(590, 924, 4),
	(591, 925, 4),
	(592, 926, 3),
	(593, 927, 6),
	(594, 928, 6),
	(595, 929, 3),
	(596, 930, 5),
	(597, 931, 4),
	(598, 937, 10),
	(599, 938, 9),
	(600, 939, 8),
	(601, 940, 7),
	(602, 941, 6),
	(603, 942, 5),
	(604, 943, 4),
	(605, 944, 3),
	(606, 945, 2),
	(607, 949, 1),
	(608, 950, 1),
	(609, 951, 1),
	(610, 952, 1),
	(611, 953, 1),
	(612, 954, 1),
	(613, 955, 1),
	(614, 956, 1),
	(615, 957, 5),
	(616, 958, 3),
	(617, 959, 4),
	(618, 960, 4),
	(619, 961, 4),
	(620, 962, 4),
	(621, 963, 4),
	(622, 964, 4),
	(623, 965, 4),
	(624, 966, 6),
	(625, 967, 6),
	(626, 968, 3),
	(627, 969, 1),
	(628, 970, 1),
	(629, 971, 1),
	(630, 972, 1),
	(631, 973, 1),
	(632, 974, 1),
	(633, 975, 1),
	(634, 976, 1),
	(635, 977, 1),
	(636, 978, 1),
	(637, 979, 1),
	(638, 980, 4),
	(639, 981, 4),
	(640, 982, 4),
	(641, 983, 4),
	(642, 984, 4),
	(643, 985, 4),
	(644, 986, 4),
	(645, 987, 4),
	(646, 988, 4),
	(647, 989, 7),
	(648, 990, 4),
	(649, 996, 2),
	(650, 997, 2),
	(651, 998, 2),
	(652, 999, 2),
	(653, 1000, 2),
	(654, 1001, 2),
	(655, 1002, 2),
	(656, 1003, 4),
	(657, 1004, 2),
	(658, 1005, 2),
	(659, 1006, 2),
	(660, 1007, 1),
	(661, 1008, 1),
	(662, 1009, 1),
	(663, 1010, 1),
	(664, 1011, 4),
	(665, 1012, 3),
	(666, 1013, 2),
	(667, 1014, 1),
	(668, 1015, 1),
	(669, 1016, 1),
	(670, 1017, 1),
	(671, 1018, 4),
	(672, 1019, 7),
	(673, 1020, 8),
	(674, 1021, 7),
	(675, 1022, 7),
	(676, 1023, 7),
	(677, 1024, 8),
	(678, 1025, 7),
	(679, 1026, 6),
	(680, 1043, 5),
	(681, 1044, 5),
	(682, 1066, 10),
	(683, 1067, 8),
	(684, 1068, 10),
	(685, 1069, 8),
	(686, 1070, 10),
	(687, 1071, 8),
	(688, 1072, 10),
	(689, 1073, 8),
	(690, 1074, 10),
	(691, 1075, 1),
	(692, 1076, 2),
	(693, 1086, 5),
	(694, 1087, 3),
	(695, 1091, 8),
	(696, 1092, 8),
	(697, 1093, 6),
	(698, 1094, 4),
	(699, 1095, 6),
	(700, 1096, 4),
	(701, 1097, 7),
	(702, 1098, 6),
	(703, 1099, 5),
	(704, 1100, 7),
	(705, 1101, 1),
	(706, 1102, 7),
	(707, 1103, 1),
	(708, 1104, 7),
	(709, 1105, 1),
	(710, 1106, 7),
	(711, 1107, 1),
	(712, 1108, 7),
	(713, 1109, 5),
	(714, 1110, 5),
	(715, 1114, 5),
	(716, 1115, 5),
	(717, 1119, 5),
	(718, 1120, 5),
	(719, 1124, 5),
	(720, 1125, 5),
	(721, 1129, 4),
	(722, 1130, 4),
	(723, 1131, 1),
	(724, 1132, 2),
	(725, 1133, 2),
	(726, 1134, 3),
	(727, 1135, 3),
	(728, 1136, 2),
	(729, 1137, 6),
	(730, 1138, 5),
	(731, 1139, 3),
	(732, 1140, 4),
	(733, 1141, 3),
	(734, 1145, 5),
	(735, 1146, 5),
	(736, 1152, 4),
	(737, 1153, 2),
	(738, 1159, 3),
	(739, 1160, 2),
	(740, 1161, 1),
	(741, 1162, 1),
	(742, 1163, 2),
	(743, 1164, 2),
	(744, 1165, 3),
	(745, 1166, 2),
	(746, 1167, 4),
	(747, 1168, 3),
	(748, 1169, 2),
	(749, 1170, 4),
	(750, 1171, 4),
	(751, 1176, 9),
	(752, 1177, 10),
	(753, 1178, 10),
	(754, 1179, 9),
	(755, 1180, 8),
	(756, 1181, 5),
	(757, 1182, 6),
	(758, 1183, 10),
	(759, 1184, 3),
	(760, 1185, 10),
	(761, 1186, 10),
	(762, 1187, 10),
	(763, 1188, 10),
	(764, 1189, 10),
	(765, 1190, 10),
	(766, 1191, 10),
	(767, 1192, 10),
	(768, 1193, 10),
	(769, 1194, 5),
	(770, 1195, 5),
	(771, 1200, 5),
	(772, 1201, 4),
	(773, 1206, 5),
	(774, 1207, 5),
	(775, 1211, 4),
	(776, 1212, 4),
	(777, 1213, 4),
	(778, 1214, 4),
	(779, 1215, 4),
	(780, 1216, 4),
	(781, 1217, 4),
	(782, 1218, 4),
	(783, 1219, 7),
	(784, 1220, 7),
	(785, 1221, 4),
	(786, 1222, 3),
	(787, 1223, 4),
	(788, 1224, 2),
	(789, 1225, 1),
	(790, 1226, 1),
	(791, 1227, 1),
	(792, 1228, 2),
	(793, 1229, 4),
	(794, 1230, 2),
	(795, 1231, 3),
	(796, 1232, 3),
	(797, 1233, 3),
	(798, 1234, 3),
	(799, 1240, 5),
	(800, 1241, 5),
	(801, 1247, 3),
	(802, 1248, 4),
	(803, 1249, 3),
	(804, 1250, 1),
	(805, 1251, 1),
	(806, 1252, 1),
	(807, 1253, 2),
	(808, 1254, 3),
	(809, 1255, 3),
	(810, 1256, 4),
	(811, 1257, 3),
	(812, 1258, 3),
	(813, 1259, 3),
	(814, 1260, 2),
	(815, 1261, 1),
	(816, 1262, 1),
	(817, 1263, 2),
	(818, 1264, 2),
	(819, 1265, 4),
	(820, 1266, 3),
	(821, 1267, 3),
	(822, 1268, 4),
	(823, 1269, 3),
	(824, 1270, 3),
	(825, 1271, 3),
	(826, 1272, 3),
	(827, 1273, 3),
	(828, 1274, 3),
	(829, 1275, 2),
	(830, 1276, 1),
	(831, 1277, 2),
	(832, 1278, 1),
	(833, 1279, 2),
	(834, 1280, 9),
	(835, 1281, 9),
	(836, 1282, 8),
	(837, 1283, 7),
	(838, 1284, 9),
	(839, 1285, 7),
	(840, 1286, 8),
	(841, 1287, 6),
	(842, 1288, 7),
	(843, 1289, 3),
	(844, 1290, 3),
	(845, 1296, 5),
	(846, 1297, 4),
	(847, 1303, 3),
	(848, 1304, 3),
	(849, 1305, 3),
	(850, 1306, 2),
	(851, 1307, 2),
	(852, 1308, 2),
	(853, 1309, 2),
	(854, 1310, 2),
	(855, 1311, 5),
	(856, 1312, 5),
	(857, 1313, 2),
	(858, 1314, 4),
	(859, 1315, 4),
	(860, 1321, 5),
	(861, 1322, 4),
	(862, 1329, 9),
	(863, 1330, 7),
	(864, 1331, 9),
	(865, 1332, 7),
	(866, 1333, 9),
	(867, 1334, 8),
	(868, 1335, 9),
	(869, 1336, 8),
	(870, 1337, 9),
	(871, 1338, 5),
	(872, 1339, 4),
	(873, 1343, 4),
	(874, 1344, 5),
	(875, 1348, 5),
	(876, 1349, 5),
	(877, 1355, 1),
	(878, 1356, 1),
	(879, 1357, 1),
	(880, 1358, 3),
	(881, 1359, 2),
	(882, 1360, 3),
	(883, 1361, 1),
	(884, 1362, 4),
	(885, 1363, 5),
	(886, 1364, 5),
	(887, 1365, 4),
	(888, 1366, 5),
	(889, 1367, 5),
	(890, 1371, 1),
	(891, 1372, 1),
	(892, 1373, 1),
	(893, 1374, 1),
	(894, 1375, 1),
	(895, 1376, 2),
	(896, 1377, 1),
	(897, 1378, 1),
	(898, 1379, 7),
	(899, 1380, 7),
	(900, 1381, 3),
	(901, 1382, 1),
	(902, 1383, 1),
	(903, 1384, 1),
	(904, 1385, 1),
	(905, 1386, 1),
	(906, 1387, 1),
	(907, 1388, 1),
	(908, 1389, 1),
	(909, 1390, 7),
	(910, 1391, 7),
	(911, 1392, 4),
	(912, 1393, 1),
	(913, 1394, 1),
	(914, 1395, 1),
	(915, 1396, 1),
	(916, 1397, 1),
	(917, 1398, 1),
	(918, 1399, 1),
	(919, 1400, 3),
	(920, 1401, 5),
	(921, 1402, 5),
	(922, 1403, 4),
	(923, 1404, 1),
	(924, 1405, 1),
	(925, 1406, 1),
	(926, 1407, 1),
	(927, 1408, 1),
	(928, 1409, 1),
	(929, 1410, 1),
	(930, 1411, 1),
	(931, 1412, 6),
	(932, 1413, 6),
	(933, 1414, 4),
	(934, 1415, 5),
	(935, 1416, 5),
	(936, 1422, 1),
	(937, 1423, 1),
	(938, 1424, 1),
	(939, 1425, 1),
	(940, 1426, 1),
	(941, 1427, 1),
	(942, 1428, 1),
	(943, 1429, 2),
	(944, 1430, 5),
	(945, 1431, 5),
	(946, 1432, 4),
	(947, 1433, 5),
	(948, 1434, 5),
	(949, 1440, 4),
	(950, 1441, 4),
	(951, 1446, 4),
	(952, 1447, 4),
	(953, 1453, 5),
	(954, 1454, 3),
	(955, 1460, 3),
	(956, 1461, 4),
	(957, 1467, 3),
	(958, 1468, 3),
	(959, 1474, 4),
	(960, 1475, 4),
	(961, 1480, 5),
	(962, 1481, 4),
	(963, 1487, 5),
	(964, 1488, 5),
	(965, 1494, 3),
	(966, 1495, 1),
	(967, 1496, 1),
	(968, 1497, 2),
	(969, 1498, 1),
	(970, 1499, 2),
	(971, 1500, 1),
	(972, 1501, 3),
	(973, 1502, 6),
	(974, 1503, 6),
	(975, 1504, 4),
	(976, 1505, 4),
	(977, 1506, 4),
	(978, 1512, 1),
	(979, 1513, 1),
	(980, 1514, 1),
	(981, 1515, 1),
	(982, 1516, 1),
	(983, 1517, 1),
	(984, 1518, 1),
	(985, 1519, 2),
	(986, 1520, 6),
	(987, 1521, 6),
	(988, 1522, 4),
	(989, 1523, 2),
	(990, 1524, 1),
	(991, 1525, 1),
	(992, 1526, 1),
	(993, 1527, 1),
	(994, 1528, 2),
	(995, 1529, 1),
	(996, 1530, 2),
	(997, 1531, 6),
	(998, 1532, 6),
	(999, 1533, 2),
	(1000, 1534, 4),
	(1001, 1535, 3),
	(1002, 1541, 2),
	(1003, 1542, 4),
	(1004, 1548, 3),
	(1005, 1549, 4),
	(1006, 1555, 5),
	(1007, 1556, 5),
	(1008, 1561, 1),
	(1009, 1562, 1),
	(1010, 1563, 1),
	(1011, 1564, 2),
	(1012, 1565, 2),
	(1013, 1566, 2),
	(1014, 1567, 1),
	(1015, 1568, 2),
	(1016, 1569, 6),
	(1017, 1570, 6),
	(1018, 1571, 4),
	(1019, 1572, 2),
	(1020, 1573, 1),
	(1021, 1574, 1),
	(1022, 1575, 2),
	(1023, 1576, 2),
	(1024, 1577, 2),
	(1025, 1578, 2),
	(1026, 1579, 3),
	(1027, 1580, 5),
	(1028, 1581, 5),
	(1029, 1582, 4),
	(1030, 1583, 2),
	(1031, 1584, 2),
	(1032, 1585, 1),
	(1033, 1586, 2),
	(1034, 1587, 2),
	(1035, 1588, 2),
	(1036, 1589, 1),
	(1037, 1590, 2),
	(1038, 1591, 5),
	(1039, 1592, 5),
	(1040, 1593, 4),
	(1041, 1594, 4),
	(1042, 1595, 5),
	(1043, 1599, 2),
	(1044, 1600, 1),
	(1045, 1601, 1),
	(1046, 1602, 2),
	(1047, 1603, 2),
	(1048, 1604, 2),
	(1049, 1605, 1),
	(1050, 1606, 2),
	(1051, 1607, 5),
	(1052, 1608, 6),
	(1053, 1609, 4),
	(1054, 1610, 4),
	(1055, 1611, 2),
	(1056, 1612, 4),
	(1057, 1613, 2),
	(1058, 1614, 2),
	(1059, 1615, 2),
	(1060, 1616, 1),
	(1061, 1617, 2),
	(1062, 1618, 5),
	(1063, 1619, 5),
	(1064, 1620, 3),
	(1065, 1621, 1),
	(1066, 1622, 1),
	(1067, 1623, 1),
	(1068, 1624, 1),
	(1069, 1625, 1),
	(1070, 1626, 1),
	(1071, 1627, 1),
	(1072, 1628, 2),
	(1073, 1629, 6),
	(1074, 1630, 6),
	(1075, 1631, 4),
	(1076, 1632, 1),
	(1077, 1633, 1),
	(1078, 1634, 1),
	(1079, 1635, 2),
	(1080, 1636, 1),
	(1081, 1637, 1),
	(1082, 1638, 1),
	(1083, 1639, 2),
	(1084, 1640, 6),
	(1085, 1641, 6),
	(1086, 1642, 4);
/*!40000 ALTER TABLE `answerSlider` ENABLE KEYS */;

-- Dumping structure for table questionnaireDB2019.answerTextBox
CREATE TABLE IF NOT EXISTS `answerTextBox` (
  `ID` bigint(20) NOT NULL AUTO_INCREMENT,
  `answerId` bigint(20) NOT NULL,
  `value` text NOT NULL,
  PRIMARY KEY (`ID`),
  KEY `fk_answerTextBox_answerId_answer_ID` (`answerId`),
  CONSTRAINT `fk_answerTextBox_answerId_answer_ID` FOREIGN KEY (`answerId`) REFERENCES `answer` (`ID`)
) ENGINE=InnoDB AUTO_INCREMENT=196 DEFAULT CHARSET=utf8;

-- Dumping data for table questionnaireDB2019.answerTextBox: ~195 rows (approximately)
/*!40000 ALTER TABLE `answerTextBox` DISABLE KEYS */;
INSERT INTO `answerTextBox` (`ID`, `answerId`, `value`) VALUES
	(1, 4, 'Very nice!'),
	(2, 5, 'No!'),
	(3, 9, 'Step by step treatment planning'),
	(4, 10, 'No'),
	(5, 14, 'asdafsa'),
	(6, 15, 'asfasdfasd'),
	(7, 19, 'asdasda'),
	(8, 20, 'adsfasdfasd'),
	(9, 24, 'aasDa'),
	(10, 25, 'asdSAdas'),
	(11, 29, 'ADAFADF'),
	(12, 30, 'ADSFASDFSA'),
	(13, 34, 'SDFAS'),
	(14, 35, 'dsafasdfa'),
	(15, 39, 'lkjlk'),
	(16, 40, 'ljljkl;j;'),
	(17, 44, 'Gehf'),
	(18, 45, 'Hdjfifs'),
	(19, 49, 'Thi'),
	(20, 50, 'The yuk'),
	(21, 54, 'gdsasdf'),
	(22, 55, 'fdsafsad'),
	(23, 59, 'fdsffasdf'),
	(24, 60, 'fdsfasdfsad'),
	(25, 64, 'dsfsdfs'),
	(26, 65, 'sdfsdafsd'),
	(27, 69, 'dfasdfas'),
	(28, 70, 'fdsafsadfsaf'),
	(29, 74, 'Dudnfg'),
	(30, 75, 'Cdknrdd'),
	(31, 79, 'khkhk'),
	(32, 80, 'fgfdgafsd'),
	(33, 84, 'DFADSFASDFASD'),
	(34, 85, 'DFASDFASDFASD'),
	(35, 89, 'dsfasdfadsf'),
	(36, 90, 'dfasdfdasfs'),
	(37, 94, 'dsfgdfdsa'),
	(38, 95, 'fddsafasdfsa'),
	(39, 99, 'tfadsfasdf'),
	(40, 100, 'fdsafsdfasd'),
	(41, 104, 'gfdsgfdgdfs'),
	(42, 105, 'fdsfasdfasdfasd'),
	(43, 109, 'fsdafasdfasdf'),
	(44, 110, 'dfasdfadsfasdf'),
	(45, 114, 'dgfadsfdsaf'),
	(46, 115, 'dfasdfsadfsa'),
	(47, 119, 'khlhldsfsdf'),
	(48, 120, 'fsadfadsfas'),
	(49, 124, 'dfdsafasd'),
	(50, 125, 'fdsfasdfasdf'),
	(51, 129, 'dfsadfsadf'),
	(52, 130, 'fdsafasdfas'),
	(53, 134, 'fdssadfsda'),
	(54, 135, 'dfasdfdsaf'),
	(55, 139, 'fgadfsgsd'),
	(56, 140, 'dfasfadsf'),
	(57, 144, 'fgadfsgsd'),
	(58, 145, 'dfasfadsf'),
	(59, 149, 'dsadASDA'),
	(60, 150, 'dfasdfdsaf'),
	(61, 154, 'gdfsgdfsgfd'),
	(62, 155, 'fgdfgfdsgs'),
	(63, 159, 'dsczxcXZ'),
	(64, 160, 'xzcxzczXC'),
	(65, 164, 'dsfsdaf'),
	(66, 165, 'fdssdfasd'),
	(67, 169, 'dfasdfasdf'),
	(68, 170, 'fdsafasdf'),
	(69, 174, 'dfsadfasdf'),
	(70, 175, 'sfasdfadsf'),
	(71, 179, 'cdsasd'),
	(72, 180, 'dsadasD'),
	(73, 184, 'fsdfasdfas'),
	(74, 185, 'fdsfasdfasdf'),
	(75, 189, 'k'),
	(76, 190, 'm'),
	(77, 194, 'lkjlk'),
	(78, 195, 'kjkjh'),
	(79, 199, 'JHGGK'),
	(80, 200, 'KJHLKJ'),
	(81, 249, 'It\'s lit!'),
	(82, 250, '-------------'),
	(83, 254, 'Testing'),
	(84, 255, 'D ggucuc'),
	(85, 304, 'Hgfyy'),
	(86, 305, 'Test'),
	(87, 309, 'Bdbshe'),
	(88, 310, 'Udurud'),
	(89, 314, 'Hhkrdgk'),
	(90, 315, 'Hkigdf'),
	(91, 319, 'Test'),
	(92, 320, 'Hi'),
	(93, 324, 'asfsgasd'),
	(94, 325, 'sadfdasf'),
	(95, 329, 'Hehehrhr'),
	(96, 330, 'Hehehrhr'),
	(97, 334, 'Tvrhtm'),
	(98, 335, 'Httyg'),
	(99, 339, 'Tvrhtm'),
	(100, 340, 'Httyg'),
	(101, 380, 'Should have the option to leave this empty!'),
	(102, 381, 'Should have the option to leave this empty!'),
	(103, 385, 'Should have the option to leave this empty!'),
	(104, 386, 'Should have the option to leave this empty!'),
	(105, 390, 'Test'),
	(106, 391, 'Test'),
	(107, 395, 'Test'),
	(108, 396, 'Test'),
	(109, 400, 'Yick is testing'),
	(110, 401, 'Testing'),
	(111, 443, 'I like it'),
	(112, 444, 'I like it again'),
	(113, 448, 'I like it. Easy to use'),
	(114, 449, 'I like it again...'),
	(115, 453, 'like it'),
	(116, 454, 'like it...'),
	(117, 487, '.'),
	(118, 488, '.'),
	(119, 495, '.'),
	(120, 553, '.'),
	(121, 580, '.'),
	(122, 598, 'testing'),
	(123, 605, '.'),
	(124, 612, 'nothing'),
	(125, 619, 'flexibility'),
	(126, 626, 'flex'),
	(127, 662, 'Flexible'),
	(128, 727, 'ogxotdotcocofoycoycyp'),
	(129, 734, 'Testing'),
	(130, 741, 'flexibility'),
	(131, 802, 'fknfewfwe;'),
	(132, 936, 'test'),
	(133, 1028, 'Test'),
	(134, 1030, 'Test'),
	(135, 1031, 'Test'),
	(136, 1033, 'Test'),
	(137, 1036, 'Test'),
	(138, 1039, 'Test'),
	(139, 1040, 'Test'),
	(140, 1042, 'Test'),
	(141, 1049, 'Test Prod (GT)'),
	(142, 1051, 'z'),
	(143, 1053, 'z'),
	(144, 1054, 'z'),
	(145, 1056, 'zzz'),
	(146, 1059, 'dadas'),
	(147, 1062, 'asdsad'),
	(148, 1063, 'asdad'),
	(149, 1065, 'asdada'),
	(150, 1089, 'Bogues'),
	(151, 1090, 'Bogues'),
	(152, 1112, 'I love everything!'),
	(153, 1113, 'No you guys did great!'),
	(154, 1117, 'I love everything!'),
	(155, 1118, 'No you guys did great!'),
	(156, 1122, 'I love everything!'),
	(157, 1123, 'No you guys did great!'),
	(158, 1127, 'I love everything!'),
	(159, 1128, 'No you guys did great!'),
	(160, 1143, 'Dd'),
	(161, 1144, 'Dd'),
	(162, 1151, 'From Laurie as a test.'),
	(163, 1158, 'Gujddfg'),
	(164, 1199, 'lnfgsdnvds'),
	(165, 1205, 'knf;kwdn'),
	(166, 1209, 'd;fdn'),
	(167, 1210, 'd smsdn.'),
	(168, 1239, 'Rufidi'),
	(169, 1246, 'Food'),
	(170, 1295, 'Hhvhc'),
	(171, 1302, 'Would like waiting times.'),
	(172, 1320, 'J aime bcp l App , j ai hte de voir d autre fonctions qui seront disponible, diagnostic, notes du mdecin etc..'),
	(173, 1324, 'All the features'),
	(174, 1325, 'Test'),
	(175, 1341, 'This the test for 1.8.3'),
	(176, 1342, 'Ceci est le test pour 1.8.3'),
	(177, 1346, 'Test 1.8.3 fr'),
	(178, 1347, 'Test suggestions'),
	(179, 1354, 'Application EXTRAORDINAIRE.\n\nUn trs trs gros merci  mes deux fantastiques docteurs, dr Hijal et Asselah qui mont permis ds le dbut de mes traitements de participer  lintgration de cette application.\nJe tiens aussi  souligner le support inconditionnel de lquipe du service de linformatique, responsable de cette application.\n\nToutes les informations inscrites dans mon dossier mont faciliter grandement toutes les tapes du traitement de chimiothrapie. Que ce soit pour la confirmation trs rapide de tous mes rendez-vous ou pour les rsultats de prises sanguines, ou pour la facilit des enregistrements sur place, cette application est un must pour tous.\nJai moi-mme publisciser votre application  dautres services de lhopital et  dautres patients et tous y voyaient une grande avance pour nous faciliter laccs  toutes ses informations si primordiales dans notre traitement.\n\nVous savez, avoir le cancer nest pas chose facile mais quand on nous donne des outils qui nous permettent de suivre et davoir un meilleur contrle avec nos rsultats et nos mdecins traitants,  et bien cette tape ajoute une petite douceur extrmement agrable.\nEn esprant que vous pourrez continuer  developper  son maximum cette application et que vous aurez tout le support administratif et montaire en ce sens.\n\nMerci de mavoir inclus dans votre vision et nhsitez jamais  ma demander du feed back, vous mavez offert une grande opportunit.\nManon Lalibert \nChampagne_41@hotmail.com\n514.608.1540'),
	(180, 1369, 'Test 2018-02-04 English'),
	(181, 1370, 'Test 2018-02-04 English'),
	(182, 1421, 'On some occasions the app did not notify me that my appointment was ready. As a result I always sat in the waiting room to wait to be called because I did not trust the app. Sometimes it called me and sometimes it did not. I was unable to leave the waiting room. \n\nIn addition the app shows my next appointment with the radiologist as being in the same area as the treatments when in fact it is in another floor'),
	(183, 1439, 'I would to have easier login since quite long to re-enter information each time. The app does not work with hospital wi-fi, is there a reason for that? How can we clear notifications? The history always remains? Other functions such as medical team hard to evaluate since still incomplete the information hosted there.'),
	(184, 1452, 'Some of the features in your list of questionnaire arent there, at least on my case, like clinical notes, contacts with clinicians, even with education articles. Even though I have signed up for all the information to be there. \n\nIts very useful for me to check in with my radiation appointment and to know when my appointments are. \n\nPlease keep working on it to make it better. Thank you all for your hard work!'),
	(185, 1459, 'Opal is very useful. I use appointment notification and check in often. And also lab results .. I will appreciate if my radiation results such as CT, MRI, ultrasound results could be added on ...\n\nThank you very much!'),
	(186, 1466, 'Having appointments appear in the calendar with the names of the Dr and their contact information is very useful and a stress relief for someone going through a serious illness.'),
	(187, 1473, 'In my case, the app was inaccessible on my Iphone and Ipad due the older versions of my technology. The only way I was able to use the app was on my husbands IPad because it was a new model. As a result, I did find it useful to see that the times of my appointments were modified from what I had been originally told, and sometimes only a few days before the appointment. It took me awhile to figure this out, as no one had told me I would not be called by phone if the time changed. As well, it was inconvenient, as I could only access this Ipad when my husband was actually at home,so I could not use it at the hospital to checkin for my appointment.\n\nOnce I accessed the app, I found the information limited. I would have liked to see more clinical notes, scans etc. The app itself seems friendly,easy to use, and the design and look are very appealing. I like the colours.I see this manner of communicating with patients very useful, assuming doctors and staff are uploading their notes and records too. Otherwise, it becomes more of an appointment scheduler.\n\nAs for the issue of my not having access due to my technology, I think this presents a problem. If I had had the option of loging in via a website I could have used the technology via the web,even at the hospital.Not everyone has the latest technology, with the exception of the 18-35 year old group. 50 yr olds and higher may have older technology,but are likely to be very interested in all the clinical notes and documents related to their health.\n\nSo in summary, find a solution to your technology issue and ensure everyone is uploading all documents in a timely manner,plus communicate clearly on what the technology can and cannot do.\n\nThat being said, I would be happy to do any other testing after my treatment is done should you need volunteers.\n\nRegards,\nMargot Wright'),
	(188, 1486, 'I have some tests at the MGH and I dont see it in my appointments, I would like to see them since they were requested by my oncologist.'),
	(189, 1493, 'Very easy to use and very useful.'),
	(190, 1511, 'I am a new patient and I haven\'t seen all the features or information yet. My feedback is limited to what I\'ve seen so far. I like the idea of information availability.'),
	(191, 1540, 'There is still information missing such as the clinical notes, my treatment plan, my medical team.'),
	(192, 1547, 'My chart and team is not complete. \nMy oncologist is missing and I have already completed radiation but doesnt appear. \n\nYour missing Dr. Azoulays title in her name.\n\n\nI understand that the app is still in development stage'),
	(193, 1554, 'Non'),
	(194, 1597, 'Testing'),
	(195, 1598, 'Testing 2');
/*!40000 ALTER TABLE `answerTextBox` ENABLE KEYS */;

-- Dumping structure for table questionnaireDB2019.answerTime
CREATE TABLE IF NOT EXISTS `answerTime` (
  `ID` bigint(20) NOT NULL AUTO_INCREMENT,
  `answerId` bigint(20) NOT NULL,
  `value` time NOT NULL,
  PRIMARY KEY (`ID`),
  KEY `fk_answerTime_answerId_answer_ID` (`answerId`),
  CONSTRAINT `fk_answerTime_answerId_answer_ID` FOREIGN KEY (`answerId`) REFERENCES `answer` (`ID`)
) ENGINE=InnoDB DEFAULT CHARSET=utf8;

-- Dumping data for table questionnaireDB2019.answerTime: ~0 rows (approximately)
/*!40000 ALTER TABLE `answerTime` DISABLE KEYS */;
/*!40000 ALTER TABLE `answerTime` ENABLE KEYS */;

-- Dumping structure for table questionnaireDB2019.checkbox
CREATE TABLE IF NOT EXISTS `checkbox` (
  `ID` bigint(20) NOT NULL AUTO_INCREMENT,
  `questionId` bigint(20) NOT NULL,
  `minAnswer` int(11) NOT NULL DEFAULT '1',
  `maxAnswer` int(11) NOT NULL DEFAULT '1',
  PRIMARY KEY (`ID`),
  KEY `fk_checkbox_questionId_question_ID` (`questionId`),
  CONSTRAINT `fk_checkbox_questionId_question_ID` FOREIGN KEY (`questionId`) REFERENCES `question` (`ID`) ON DELETE NO ACTION ON UPDATE NO ACTION
) ENGINE=InnoDB AUTO_INCREMENT=17 DEFAULT CHARSET=utf8;

-- Dumping data for table questionnaireDB2019.checkbox: ~16 rows (approximately)
/*!40000 ALTER TABLE `checkbox` DISABLE KEYS */;
INSERT INTO `checkbox` (`ID`, `questionId`, `minAnswer`, `maxAnswer`) VALUES
	(1, 858, 1, 14),
	(2, 860, 1, 3),
	(3, 861, 1, 3),
	(4, 862, 1, 3),
	(5, 863, 1, 3),
	(6, 864, 1, 3),
	(7, 865, 1, 3),
	(8, 866, 1, 3),
	(9, 867, 1, 3),
	(10, 869, 1, 2),
	(11, 874, 1, 2),
	(12, 876, 1, 2),
	(13, 877, 1, 2),
	(14, 879, 1, 3),
	(15, 880, 1, 3),
	(16, 883, 1, 2);
/*!40000 ALTER TABLE `checkbox` ENABLE KEYS */;

-- Dumping structure for table questionnaireDB2019.checkboxOption
CREATE TABLE IF NOT EXISTS `checkboxOption` (
  `ID` bigint(20) NOT NULL AUTO_INCREMENT,
  `parentTableId` bigint(20) NOT NULL,
  `order` int(11) NOT NULL DEFAULT '0',
  `description` bigint(20) NOT NULL,
  `specialAction` int(11) NOT NULL DEFAULT '0' COMMENT '0 = nothing special, 1 = check everything, 2 = uncheck everything',
  PRIMARY KEY (`ID`),
  KEY `fk_checkboxOption_parentTableId_checkBox_ID` (`parentTableId`),
  KEY `fk_checkboxOption_description_dictionary_contentId` (`description`),
  CONSTRAINT `fk_checkboxOption_description_dictionary_contentId` FOREIGN KEY (`description`) REFERENCES `dictionary` (`contentId`) ON DELETE NO ACTION ON UPDATE NO ACTION,
  CONSTRAINT `fk_checkboxOption_parentTableId_checkBox_ID` FOREIGN KEY (`parentTableId`) REFERENCES `checkbox` (`ID`) ON DELETE NO ACTION ON UPDATE NO ACTION
) ENGINE=InnoDB AUTO_INCREMENT=55 DEFAULT CHARSET=utf8;

-- Dumping data for table questionnaireDB2019.checkboxOption: ~54 rows (approximately)
/*!40000 ALTER TABLE `checkboxOption` DISABLE KEYS */;
INSERT INTO `checkboxOption` (`ID`, `parentTableId`, `order`, `description`, `specialAction`) VALUES
	(1, 1, 1, 190, 0),
	(2, 1, 2, 191, 0),
	(3, 1, 3, 192, 0),
	(4, 1, 4, 193, 0),
	(5, 1, 5, 194, 0),
	(6, 1, 6, 195, 0),
	(7, 1, 7, 196, 0),
	(8, 1, 8, 197, 0),
	(9, 1, 9, 198, 0),
	(10, 1, 10, 199, 0),
	(11, 1, 11, 200, 0),
	(12, 1, 12, 201, 0),
	(13, 1, 13, 202, 0),
	(14, 1, 14, 203, 0),
	(15, 2, 1, 213, 0),
	(16, 2, 2, 214, 0),
	(17, 2, 3, 215, 0),
	(18, 3, 1, 219, 0),
	(19, 3, 2, 220, 0),
	(20, 3, 3, 221, 0),
	(21, 4, 1, 225, 0),
	(22, 4, 2, 226, 0),
	(23, 4, 3, 227, 0),
	(24, 5, 1, 234, 0),
	(25, 5, 2, 235, 0),
	(26, 5, 3, 236, 0),
	(27, 6, 1, 240, 0),
	(28, 6, 2, 241, 0),
	(29, 6, 3, 242, 0),
	(30, 7, 1, 246, 0),
	(31, 7, 2, 247, 0),
	(32, 7, 3, 248, 0),
	(33, 8, 1, 252, 0),
	(34, 8, 2, 253, 0),
	(35, 8, 3, 254, 0),
	(36, 9, 1, 258, 0),
	(37, 9, 2, 259, 0),
	(38, 9, 3, 260, 0),
	(39, 10, 1, 267, 0),
	(40, 10, 2, 268, 0),
	(41, 11, 1, 294, 0),
	(42, 11, 2, 295, 0),
	(43, 12, 1, 302, 0),
	(44, 12, 2, 303, 0),
	(45, 13, 1, 307, 0),
	(46, 13, 2, 308, 0),
	(47, 14, 1, 315, 0),
	(48, 14, 2, 316, 0),
	(49, 14, 3, 317, 0),
	(50, 15, 1, 321, 0),
	(51, 15, 2, 322, 0),
	(52, 15, 3, 323, 0),
	(53, 16, 1, 333, 0),
	(54, 16, 2, 334, 0);
/*!40000 ALTER TABLE `checkboxOption` ENABLE KEYS */;

-- Dumping structure for table questionnaireDB2019.date
CREATE TABLE IF NOT EXISTS `date` (
  `ID` bigint(20) NOT NULL AUTO_INCREMENT,
  `questionId` bigint(20) NOT NULL,
  PRIMARY KEY (`ID`),
  KEY `fk_date_questionId_question_ID` (`questionId`),
  CONSTRAINT `fk_date_questionId_question_ID` FOREIGN KEY (`questionId`) REFERENCES `question` (`ID`) ON DELETE NO ACTION ON UPDATE NO ACTION
) ENGINE=InnoDB DEFAULT CHARSET=utf8;

-- Dumping data for table questionnaireDB2019.date: ~0 rows (approximately)
/*!40000 ALTER TABLE `date` DISABLE KEYS */;
/*!40000 ALTER TABLE `date` ENABLE KEYS */;

-- Dumping structure for table questionnaireDB2019.definitionTable
CREATE TABLE IF NOT EXISTS `definitionTable` (
  `ID` bigint(20) NOT NULL AUTO_INCREMENT,
  `name` varchar(255) NOT NULL,
  PRIMARY KEY (`ID`)
) ENGINE=InnoDB AUTO_INCREMENT=53 DEFAULT CHARSET=utf8;

-- Dumping data for table questionnaireDB2019.definitionTable: ~52 rows (approximately)
/*!40000 ALTER TABLE `definitionTable` DISABLE KEYS */;
INSERT INTO `definitionTable` (`ID`, `name`) VALUES
	(1, 'answer'),
	(2, 'answerCheckbox'),
	(3, 'answerDate'),
	(4, 'answerLabel'),
	(5, 'answerQuestionnaire'),
	(6, 'answerRadioButton'),
	(7, 'answerSection'),
	(8, 'answerSlider'),
	(9, 'answerTextBox'),
	(10, 'answerTime'),
	(11, 'checkbox'),
	(12, 'checkboxOption'),
	(13, 'date'),
	(14, 'definitionTable'),
	(15, 'dictionary'),
	(16, 'label'),
	(17, 'labelOption'),
	(18, 'language'),
	(19, 'legacyType'),
	(20, 'library'),
	(21, 'libraryQuestion'),
	(22, 'patient'),
	(23, 'question'),
	(24, 'questionFeedback'),
	(25, 'questionRating'),
	(26, 'questionSection'),
	(27, 'questionnaire'),
	(28, 'questionnaireFeedback'),
	(29, 'questionnaireRating'),
	(30, 'radioButton'),
	(31, 'radioButtonOption'),
	(32, 'section'),
	(33, 'slider'),
	(34, 'tag'),
	(35, 'tagLibrary'),
	(36, 'tagQuestion'),
	(37, 'textBox'),
	(38, 'time'),
	(39, 'triggerWord'),
	(40, 'type'),
	(41, 'typeTemplate'),
	(42, 'typeTemplateCheckbox'),
	(43, 'typeTemplateCheckboxOption'),
	(44, 'typeTemplateDate'),
	(45, 'typeTemplateLabel'),
	(46, 'typeTemplateLabelOption'),
	(47, 'typeTemplateRadioButton'),
	(48, 'typeTemplateRadioButtonOption'),
	(49, 'typeTemplateSlider'),
	(50, 'typeTemplateTextBox'),
	(51, 'typeTemplateTime'),
	(52, 'typeTemplateTriggerWord');
/*!40000 ALTER TABLE `definitionTable` ENABLE KEYS */;

-- Dumping structure for table questionnaireDB2019.dictionary
CREATE TABLE IF NOT EXISTS `dictionary` (
  `ID` bigint(20) NOT NULL AUTO_INCREMENT,
  `tableId` bigint(20) NOT NULL,
  `languageId` bigint(20) NOT NULL,
  `contentId` bigint(20) NOT NULL,
  `content` mediumtext NOT NULL,
  `deleted` tinyint(4) NOT NULL DEFAULT '0',
  `deletedBy` varchar(255) NOT NULL,
  `creationDate` timestamp NOT NULL DEFAULT CURRENT_TIMESTAMP,
  `createdBy` varchar(255) NOT NULL,
  `lastUpdated` timestamp NOT NULL DEFAULT CURRENT_TIMESTAMP ON UPDATE CURRENT_TIMESTAMP,
  `updatedBy` varchar(255) NOT NULL,
  PRIMARY KEY (`ID`),
  KEY `idx_dictionary_contentId` (`contentId`),
  KEY `idx_dictionary_deleted` (`deleted`),
  KEY `fk_dictionary_languageId_language_ID` (`languageId`),
  KEY `fk_dictionary_tableId_definitionTable_ID` (`tableId`),
  CONSTRAINT `fk_dictionary_languageId_language_ID` FOREIGN KEY (`languageId`) REFERENCES `language` (`ID`) ON DELETE NO ACTION ON UPDATE NO ACTION,
  CONSTRAINT `fk_dictionary_tableId_definitionTable_ID` FOREIGN KEY (`tableId`) REFERENCES `definitionTable` (`ID`) ON DELETE NO ACTION ON UPDATE NO ACTION
) ENGINE=InnoDB AUTO_INCREMENT=947 DEFAULT CHARSET=utf8;

-- Dumping data for table questionnaireDB2019.dictionary: ~946 rows (approximately)
/*!40000 ALTER TABLE `dictionary` DISABLE KEYS */;
INSERT INTO `dictionary` (`ID`, `tableId`, `languageId`, `contentId`, `content`, `deleted`, `deletedBy`, `creationDate`, `createdBy`, `lastUpdated`, `updatedBy`) VALUES
	(1, 15, 1, 1, 'Franais', 0, '', '2019-04-17 15:25:13', 'QUESTIONNAIRE_MIGRATION_2019', '2019-04-17 15:25:13', 'QUESTIONNAIRE_MIGRATION_2019'),
	(2, 15, 2, 1, 'French', 0, '', '2019-04-17 15:25:13', 'QUESTIONNAIRE_MIGRATION_2019', '2019-04-17 15:25:13', 'QUESTIONNAIRE_MIGRATION_2019'),
	(3, 15, 1, 2, 'Anglais', 0, '', '2019-04-17 15:25:13', 'QUESTIONNAIRE_MIGRATION_2019', '2019-04-17 15:25:13', 'QUESTIONNAIRE_MIGRATION_2019'),
	(4, 15, 2, 2, 'English', 0, '', '2019-04-17 15:25:13', 'QUESTIONNAIRE_MIGRATION_2019', '2019-04-17 15:25:13', 'QUESTIONNAIRE_MIGRATION_2019'),
	(5, 40, 1, 3, 'Case  cocher', 0, '', '2019-04-17 15:25:13', 'QUESTIONNAIRE_MIGRATION_2019', '2019-04-17 15:25:13', 'QUESTIONNAIRE_MIGRATION_2019'),
	(6, 40, 2, 3, 'Checkbox', 0, '', '2019-04-17 15:25:13', 'QUESTIONNAIRE_MIGRATION_2019', '2019-04-17 15:25:13', 'QUESTIONNAIRE_MIGRATION_2019'),
	(7, 40, 1, 4, 'Case de dfilement', 0, '', '2019-04-17 15:25:13', 'QUESTIONNAIRE_MIGRATION_2019', '2019-04-17 15:25:13', 'QUESTIONNAIRE_MIGRATION_2019'),
	(8, 40, 2, 4, 'Slider', 0, '', '2019-04-17 15:25:13', 'QUESTIONNAIRE_MIGRATION_2019', '2019-04-17 15:25:13', 'QUESTIONNAIRE_MIGRATION_2019'),
	(9, 40, 1, 5, 'Zone de texte', 0, '', '2019-04-17 15:25:13', 'QUESTIONNAIRE_MIGRATION_2019', '2019-04-17 15:25:13', 'QUESTIONNAIRE_MIGRATION_2019'),
	(10, 40, 2, 5, 'Text box', 0, '', '2019-04-17 15:25:13', 'QUESTIONNAIRE_MIGRATION_2019', '2019-04-17 15:25:13', 'QUESTIONNAIRE_MIGRATION_2019'),
	(11, 40, 1, 6, 'Bouton radio', 0, '', '2019-04-17 15:25:13', 'QUESTIONNAIRE_MIGRATION_2019', '2019-04-17 15:25:13', 'QUESTIONNAIRE_MIGRATION_2019'),
	(12, 40, 2, 6, 'Radio Button', 0, '', '2019-04-17 15:25:13', 'QUESTIONNAIRE_MIGRATION_2019', '2019-04-17 15:25:13', 'QUESTIONNAIRE_MIGRATION_2019'),
	(13, 40, 1, 7, 'tiquette', 0, '', '2019-04-17 15:25:13', 'QUESTIONNAIRE_MIGRATION_2019', '2019-04-17 15:25:13', 'QUESTIONNAIRE_MIGRATION_2019'),
	(14, 40, 2, 7, 'Label', 0, '', '2019-04-17 15:25:13', 'QUESTIONNAIRE_MIGRATION_2019', '2019-04-17 15:25:13', 'QUESTIONNAIRE_MIGRATION_2019'),
	(15, 40, 1, 8, 'Temps', 0, '', '2019-04-17 15:25:13', 'QUESTIONNAIRE_MIGRATION_2019', '2019-04-17 15:25:13', 'QUESTIONNAIRE_MIGRATION_2019'),
	(16, 40, 2, 8, 'Time', 0, '', '2019-04-17 15:25:13', 'QUESTIONNAIRE_MIGRATION_2019', '2019-04-17 15:25:13', 'QUESTIONNAIRE_MIGRATION_2019'),
	(17, 40, 1, 9, 'Date', 0, '', '2019-04-17 15:25:13', 'QUESTIONNAIRE_MIGRATION_2019', '2019-04-17 15:25:13', 'QUESTIONNAIRE_MIGRATION_2019'),
	(18, 40, 2, 9, 'Date', 0, '', '2019-04-17 15:25:13', 'QUESTIONNAIRE_MIGRATION_2019', '2019-04-17 15:25:13', 'QUESTIONNAIRE_MIGRATION_2019'),
	(19, 27, 1, 10, 'Questionnaire de satisfaction des patients', 0, '', '2019-04-17 15:25:13', 'QUESTIONNAIRE_MIGRATION_2019', '2019-04-17 15:25:13', 'QUESTIONNAIRE_MIGRATION_2019'),
	(20, 27, 2, 10, 'Patient Satisfaction Questionnaire', 0, '', '2019-04-17 15:25:13', 'QUESTIONNAIRE_MIGRATION_2019', '2019-04-17 15:25:13', 'QUESTIONNAIRE_MIGRATION_2019'),
	(21, 27, 1, 11, '<p>N/A</p>', 0, '', '2019-04-17 15:25:13', 'QUESTIONNAIRE_MIGRATION_2019', '2019-04-17 15:25:13', 'QUESTIONNAIRE_MIGRATION_2019'),
	(22, 27, 2, 11, '<p>N/A</p>', 0, '', '2019-04-17 15:25:13', 'QUESTIONNAIRE_MIGRATION_2019', '2019-04-17 15:25:13', 'QUESTIONNAIRE_MIGRATION_2019'),
	(23, 32, 1, 12, 'FR_', 0, '', '2019-04-17 15:25:13', 'QUESTIONNAIRE_MIGRATION_2019', '2019-04-17 15:25:13', 'QUESTIONNAIRE_MIGRATION_2019'),
	(24, 32, 2, 12, 'Grading the app value', 0, '', '2019-04-17 15:25:13', 'QUESTIONNAIRE_MIGRATION_2019', '2019-04-17 15:25:13', 'QUESTIONNAIRE_MIGRATION_2019'),
	(25, 23, 1, 13, 'Valeur de l\'application', 0, '', '2019-04-17 15:25:13', 'QUESTIONNAIRE_MIGRATION_2019', '2019-04-17 15:25:13', 'QUESTIONNAIRE_MIGRATION_2019'),
	(26, 23, 2, 13, 'Value of the App', 0, '', '2019-04-17 15:25:13', 'QUESTIONNAIRE_MIGRATION_2019', '2019-04-17 15:25:13', 'QUESTIONNAIRE_MIGRATION_2019'),
	(27, 23, 1, 14, 'FR_', 0, '', '2019-04-17 15:25:13', 'QUESTIONNAIRE_MIGRATION_2019', '2019-04-17 15:25:13', 'QUESTIONNAIRE_MIGRATION_2019'),
	(28, 23, 2, 14, 'Grading the app value', 0, '', '2019-04-17 15:25:13', 'QUESTIONNAIRE_MIGRATION_2019', '2019-04-17 15:25:13', 'QUESTIONNAIRE_MIGRATION_2019'),
	(29, 23, 1, 15, 'Veuillez noter ce qui suit sur une chelle de 1  5: Valeur de l\'application', 0, '', '2019-04-17 15:25:13', 'QUESTIONNAIRE_MIGRATION_2019', '2019-04-17 15:25:13', 'QUESTIONNAIRE_MIGRATION_2019'),
	(30, 23, 2, 15, 'Please rate the following on a scale from 1 to 5: Value of the App', 0, '', '2019-04-17 15:25:13', 'QUESTIONNAIRE_MIGRATION_2019', '2019-04-17 15:25:13', 'QUESTIONNAIRE_MIGRATION_2019'),
	(31, 33, 1, 16, 'Pas du tout utile', 0, '', '2019-04-17 15:25:13', 'QUESTIONNAIRE_MIGRATION_2019', '2019-04-17 15:25:13', 'QUESTIONNAIRE_MIGRATION_2019'),
	(32, 33, 2, 16, 'Not valuable at all', 0, '', '2019-04-17 15:25:13', 'QUESTIONNAIRE_MIGRATION_2019', '2019-04-17 15:25:13', 'QUESTIONNAIRE_MIGRATION_2019'),
	(33, 33, 1, 17, 'Extrmement utile', 0, '', '2019-04-17 15:25:13', 'QUESTIONNAIRE_MIGRATION_2019', '2019-04-17 15:25:13', 'QUESTIONNAIRE_MIGRATION_2019'),
	(34, 33, 2, 17, 'Extremely valuable', 0, '', '2019-04-17 15:25:13', 'QUESTIONNAIRE_MIGRATION_2019', '2019-04-17 15:25:13', 'QUESTIONNAIRE_MIGRATION_2019'),
	(35, 23, 1, 18, 'Facilit ', 0, '', '2019-04-17 15:25:13', 'QUESTIONNAIRE_MIGRATION_2019', '2019-04-17 15:25:13', 'QUESTIONNAIRE_MIGRATION_2019'),
	(36, 23, 2, 18, 'Easiness', 0, '', '2019-04-17 15:25:13', 'QUESTIONNAIRE_MIGRATION_2019', '2019-04-17 15:25:13', 'QUESTIONNAIRE_MIGRATION_2019'),
	(37, 23, 1, 19, 'FR_', 0, '', '2019-04-17 15:25:13', 'QUESTIONNAIRE_MIGRATION_2019', '2019-04-17 15:25:13', 'QUESTIONNAIRE_MIGRATION_2019'),
	(38, 23, 2, 19, 'App navigation', 0, '', '2019-04-17 15:25:13', 'QUESTIONNAIRE_MIGRATION_2019', '2019-04-17 15:25:13', 'QUESTIONNAIRE_MIGRATION_2019'),
	(39, 23, 1, 20, 'Veuillez noter ce qui suit sur une chelle de 1  5: Facilit  naviguer dans l\'application et  trouver l\'information que vous vouliez', 0, '', '2019-04-17 15:25:13', 'QUESTIONNAIRE_MIGRATION_2019', '2019-04-17 15:25:13', 'QUESTIONNAIRE_MIGRATION_2019'),
	(40, 23, 2, 20, 'Please rate the following on a scale from 1 to 5: Easiness to navigate through the app and find the information you wanted', 0, '', '2019-04-17 15:25:13', 'QUESTIONNAIRE_MIGRATION_2019', '2019-04-17 15:25:13', 'QUESTIONNAIRE_MIGRATION_2019'),
	(41, 33, 1, 21, 'Pas facile du tout', 0, '', '2019-04-17 15:25:13', 'QUESTIONNAIRE_MIGRATION_2019', '2019-04-17 15:25:13', 'QUESTIONNAIRE_MIGRATION_2019'),
	(42, 33, 2, 21, 'Not easy at all', 0, '', '2019-04-17 15:25:13', 'QUESTIONNAIRE_MIGRATION_2019', '2019-04-17 15:25:13', 'QUESTIONNAIRE_MIGRATION_2019'),
	(43, 33, 1, 22, 'Extrmement facile', 0, '', '2019-04-17 15:25:13', 'QUESTIONNAIRE_MIGRATION_2019', '2019-04-17 15:25:13', 'QUESTIONNAIRE_MIGRATION_2019'),
	(44, 33, 2, 22, 'Extremely easy', 0, '', '2019-04-17 15:25:13', 'QUESTIONNAIRE_MIGRATION_2019', '2019-04-17 15:25:13', 'QUESTIONNAIRE_MIGRATION_2019'),
	(45, 23, 1, 23, 'FR_', 0, '', '2019-04-17 15:25:13', 'QUESTIONNAIRE_MIGRATION_2019', '2019-04-17 15:25:13', 'QUESTIONNAIRE_MIGRATION_2019'),
	(46, 23, 2, 23, 'App Features', 0, '', '2019-04-17 15:25:13', 'QUESTIONNAIRE_MIGRATION_2019', '2019-04-17 15:25:13', 'QUESTIONNAIRE_MIGRATION_2019'),
	(47, 23, 1, 24, 'FR_', 0, '', '2019-04-17 15:25:13', 'QUESTIONNAIRE_MIGRATION_2019', '2019-04-17 15:25:13', 'QUESTIONNAIRE_MIGRATION_2019'),
	(48, 23, 2, 24, 'A list of the mobile app features', 0, '', '2019-04-17 15:25:13', 'QUESTIONNAIRE_MIGRATION_2019', '2019-04-17 15:25:13', 'QUESTIONNAIRE_MIGRATION_2019'),
	(49, 23, 1, 25, 'Quelles fonctionnalits de l\'application avez-vous trouv utiles?', 0, '', '2019-04-17 15:25:13', 'QUESTIONNAIRE_MIGRATION_2019', '2019-04-17 15:25:13', 'QUESTIONNAIRE_MIGRATION_2019'),
	(50, 23, 2, 25, 'Which features of the app did you find useful?', 0, '', '2019-04-17 15:25:13', 'QUESTIONNAIRE_MIGRATION_2019', '2019-04-17 15:25:13', 'QUESTIONNAIRE_MIGRATION_2019'),
	(51, 31, 1, 26, 'Rendez-vous', 0, '', '2019-04-17 15:25:13', 'QUESTIONNAIRE_MIGRATION_2019', '2019-04-17 15:25:13', 'QUESTIONNAIRE_MIGRATION_2019'),
	(52, 31, 2, 26, 'Appointments', 0, '', '2019-04-17 15:25:13', 'QUESTIONNAIRE_MIGRATION_2019', '2019-04-17 15:25:13', 'QUESTIONNAIRE_MIGRATION_2019'),
	(53, 31, 1, 27, 'Documents', 0, '', '2019-04-17 15:25:13', 'QUESTIONNAIRE_MIGRATION_2019', '2019-04-17 15:25:13', 'QUESTIONNAIRE_MIGRATION_2019'),
	(54, 31, 2, 27, 'Documents', 0, '', '2019-04-17 15:25:13', 'QUESTIONNAIRE_MIGRATION_2019', '2019-04-17 15:25:13', 'QUESTIONNAIRE_MIGRATION_2019'),
	(55, 31, 1, 28, 'Planification du traitement', 0, '', '2019-04-17 15:25:13', 'QUESTIONNAIRE_MIGRATION_2019', '2019-04-17 15:25:13', 'QUESTIONNAIRE_MIGRATION_2019'),
	(56, 31, 2, 28, 'Treatment Planning', 0, '', '2019-04-17 15:25:13', 'QUESTIONNAIRE_MIGRATION_2019', '2019-04-17 15:25:13', 'QUESTIONNAIRE_MIGRATION_2019'),
	(57, 31, 1, 29, 'Contacts', 0, '', '2019-04-17 15:25:13', 'QUESTIONNAIRE_MIGRATION_2019', '2019-04-17 15:25:13', 'QUESTIONNAIRE_MIGRATION_2019'),
	(58, 31, 2, 29, 'Contacts', 0, '', '2019-04-17 15:25:13', 'QUESTIONNAIRE_MIGRATION_2019', '2019-04-17 15:25:13', 'QUESTIONNAIRE_MIGRATION_2019'),
	(59, 31, 1, 30, 'Matriel ducatif', 0, '', '2019-04-17 15:25:13', 'QUESTIONNAIRE_MIGRATION_2019', '2019-04-17 15:25:13', 'QUESTIONNAIRE_MIGRATION_2019'),
	(60, 31, 2, 30, 'Educational Material', 0, '', '2019-04-17 15:25:13', 'QUESTIONNAIRE_MIGRATION_2019', '2019-04-17 15:25:13', 'QUESTIONNAIRE_MIGRATION_2019'),
	(61, 31, 1, 31, 'Questionnaires', 0, '', '2019-04-17 15:25:13', 'QUESTIONNAIRE_MIGRATION_2019', '2019-04-17 15:25:13', 'QUESTIONNAIRE_MIGRATION_2019'),
	(62, 31, 2, 31, 'Questionnaires', 0, '', '2019-04-17 15:25:13', 'QUESTIONNAIRE_MIGRATION_2019', '2019-04-17 15:25:13', 'QUESTIONNAIRE_MIGRATION_2019'),
	(63, 31, 1, 32, 'Annonces', 0, '', '2019-04-17 15:25:13', 'QUESTIONNAIRE_MIGRATION_2019', '2019-04-17 15:25:13', 'QUESTIONNAIRE_MIGRATION_2019'),
	(64, 31, 2, 32, 'Announcements', 0, '', '2019-04-17 15:25:13', 'QUESTIONNAIRE_MIGRATION_2019', '2019-04-17 15:25:13', 'QUESTIONNAIRE_MIGRATION_2019'),
	(65, 31, 1, 33, 'Notifications', 0, '', '2019-04-17 15:25:13', 'QUESTIONNAIRE_MIGRATION_2019', '2019-04-17 15:25:13', 'QUESTIONNAIRE_MIGRATION_2019'),
	(66, 31, 2, 33, 'Notifications', 0, '', '2019-04-17 15:25:13', 'QUESTIONNAIRE_MIGRATION_2019', '2019-04-17 15:25:13', 'QUESTIONNAIRE_MIGRATION_2019'),
	(67, 31, 1, 34, 'Aucune des rponses ci-dessus', 0, '', '2019-04-17 15:25:13', 'QUESTIONNAIRE_MIGRATION_2019', '2019-04-17 15:25:13', 'QUESTIONNAIRE_MIGRATION_2019'),
	(68, 31, 2, 34, 'None of the above', 0, '', '2019-04-17 15:25:13', 'QUESTIONNAIRE_MIGRATION_2019', '2019-04-17 15:25:13', 'QUESTIONNAIRE_MIGRATION_2019'),
	(69, 23, 1, 35, 'FR_', 0, '', '2019-04-17 15:25:13', 'QUESTIONNAIRE_MIGRATION_2019', '2019-04-17 15:25:13', 'QUESTIONNAIRE_MIGRATION_2019'),
	(70, 23, 2, 35, 'Favorite Patient App Feature', 0, '', '2019-04-17 15:25:13', 'QUESTIONNAIRE_MIGRATION_2019', '2019-04-17 15:25:13', 'QUESTIONNAIRE_MIGRATION_2019'),
	(71, 23, 1, 36, 'FR_', 0, '', '2019-04-17 15:25:13', 'QUESTIONNAIRE_MIGRATION_2019', '2019-04-17 15:25:13', 'QUESTIONNAIRE_MIGRATION_2019'),
	(72, 23, 2, 36, 'Determining the favorite patient feature of the app', 0, '', '2019-04-17 15:25:13', 'QUESTIONNAIRE_MIGRATION_2019', '2019-04-17 15:25:13', 'QUESTIONNAIRE_MIGRATION_2019'),
	(73, 23, 1, 37, 'Qu\'avez-vous prfr dans l\'application?', 0, '', '2019-04-17 15:25:13', 'QUESTIONNAIRE_MIGRATION_2019', '2019-04-17 15:25:13', 'QUESTIONNAIRE_MIGRATION_2019'),
	(74, 23, 2, 37, 'What did you like best about the app?', 0, '', '2019-04-17 15:25:13', 'QUESTIONNAIRE_MIGRATION_2019', '2019-04-17 15:25:13', 'QUESTIONNAIRE_MIGRATION_2019'),
	(75, 23, 1, 38, 'FR_', 0, '', '2019-04-17 15:25:13', 'QUESTIONNAIRE_MIGRATION_2019', '2019-04-17 15:25:13', 'QUESTIONNAIRE_MIGRATION_2019'),
	(76, 23, 2, 38, 'Other Patient App Feature Suggestion', 0, '', '2019-04-17 15:25:13', 'QUESTIONNAIRE_MIGRATION_2019', '2019-04-17 15:25:13', 'QUESTIONNAIRE_MIGRATION_2019'),
	(77, 23, 1, 39, 'FR_', 0, '', '2019-04-17 15:25:13', 'QUESTIONNAIRE_MIGRATION_2019', '2019-04-17 15:25:13', 'QUESTIONNAIRE_MIGRATION_2019'),
	(78, 23, 2, 39, 'Determining other features that the patient would like to see in the app', 0, '', '2019-04-17 15:25:13', 'QUESTIONNAIRE_MIGRATION_2019', '2019-04-17 15:25:13', 'QUESTIONNAIRE_MIGRATION_2019'),
	(79, 23, 1, 40, 'Y a-t-il d\'autres informations que vous aimeriez que l\'application fournisse?', 0, '', '2019-04-17 15:25:13', 'QUESTIONNAIRE_MIGRATION_2019', '2019-04-17 15:25:13', 'QUESTIONNAIRE_MIGRATION_2019'),
	(80, 23, 2, 40, 'Is there any other information you would like the app to provide?', 0, '', '2019-04-17 15:25:13', 'QUESTIONNAIRE_MIGRATION_2019', '2019-04-17 15:25:13', 'QUESTIONNAIRE_MIGRATION_2019'),
	(81, 27, 1, 41, 'chelle d\'valuation des symptmes d\'Edmonton', 0, '', '2019-04-17 15:25:13', 'QUESTIONNAIRE_MIGRATION_2019', '2019-04-17 15:25:13', 'QUESTIONNAIRE_MIGRATION_2019'),
	(82, 27, 2, 41, 'Edmonton Symptom Assessment System', 0, '', '2019-04-17 15:25:13', 'QUESTIONNAIRE_MIGRATION_2019', '2019-04-17 15:25:13', 'QUESTIONNAIRE_MIGRATION_2019'),
	(83, 27, 1, 42, '<p>chelle d\'valuation des symptmes d\'Edmonton</p>', 0, '', '2019-04-17 15:25:13', 'QUESTIONNAIRE_MIGRATION_2019', '2019-04-17 15:25:13', 'QUESTIONNAIRE_MIGRATION_2019'),
	(84, 27, 2, 42, '<p>Edmonton Symptom Assessment System</p>', 0, '', '2019-04-17 15:25:13', 'QUESTIONNAIRE_MIGRATION_2019', '2019-04-17 15:25:13', 'QUESTIONNAIRE_MIGRATION_2019'),
	(85, 32, 1, 43, 'FR_', 0, '', '2019-04-17 15:25:13', 'QUESTIONNAIRE_MIGRATION_2019', '2019-04-17 15:25:13', 'QUESTIONNAIRE_MIGRATION_2019'),
	(86, 32, 2, 43, 'EN_', 0, '', '2019-04-17 15:25:13', 'QUESTIONNAIRE_MIGRATION_2019', '2019-04-17 15:25:13', 'QUESTIONNAIRE_MIGRATION_2019'),
	(87, 23, 1, 44, 'Douleur', 0, '', '2019-04-17 15:25:13', 'QUESTIONNAIRE_MIGRATION_2019', '2019-04-17 15:25:13', 'QUESTIONNAIRE_MIGRATION_2019'),
	(88, 23, 2, 44, 'Pain', 0, '', '2019-04-17 15:25:13', 'QUESTIONNAIRE_MIGRATION_2019', '2019-04-17 15:25:13', 'QUESTIONNAIRE_MIGRATION_2019'),
	(89, 23, 1, 45, 'FR_', 0, '', '2019-04-17 15:25:13', 'QUESTIONNAIRE_MIGRATION_2019', '2019-04-17 15:25:13', 'QUESTIONNAIRE_MIGRATION_2019'),
	(90, 23, 2, 45, 'EN_', 0, '', '2019-04-17 15:25:13', 'QUESTIONNAIRE_MIGRATION_2019', '2019-04-17 15:25:13', 'QUESTIONNAIRE_MIGRATION_2019'),
	(91, 23, 1, 46, 'Veuillez noter ce qui suit sur une chelle de 1  10: Douleur', 0, '', '2019-04-17 15:25:13', 'QUESTIONNAIRE_MIGRATION_2019', '2019-04-17 15:25:13', 'QUESTIONNAIRE_MIGRATION_2019'),
	(92, 23, 2, 46, 'Please rate the following on a scale from 1 to 10: Pain', 0, '', '2019-04-17 15:25:13', 'QUESTIONNAIRE_MIGRATION_2019', '2019-04-17 15:25:13', 'QUESTIONNAIRE_MIGRATION_2019'),
	(93, 33, 1, 47, 'Aucune douleur', 0, '', '2019-04-17 15:25:13', 'QUESTIONNAIRE_MIGRATION_2019', '2019-04-17 15:25:13', 'QUESTIONNAIRE_MIGRATION_2019'),
	(94, 33, 2, 47, 'No pain', 0, '', '2019-04-17 15:25:13', 'QUESTIONNAIRE_MIGRATION_2019', '2019-04-17 15:25:13', 'QUESTIONNAIRE_MIGRATION_2019'),
	(95, 33, 1, 48, 'La pire douleur possible', 0, '', '2019-04-17 15:25:13', 'QUESTIONNAIRE_MIGRATION_2019', '2019-04-17 15:25:13', 'QUESTIONNAIRE_MIGRATION_2019'),
	(96, 33, 2, 48, 'Worst possible pain', 0, '', '2019-04-17 15:25:13', 'QUESTIONNAIRE_MIGRATION_2019', '2019-04-17 15:25:13', 'QUESTIONNAIRE_MIGRATION_2019'),
	(97, 23, 1, 49, 'Fatigue', 0, '', '2019-04-17 15:25:13', 'QUESTIONNAIRE_MIGRATION_2019', '2019-04-17 15:25:13', 'QUESTIONNAIRE_MIGRATION_2019'),
	(98, 23, 2, 49, 'Tiredness', 0, '', '2019-04-17 15:25:13', 'QUESTIONNAIRE_MIGRATION_2019', '2019-04-17 15:25:13', 'QUESTIONNAIRE_MIGRATION_2019'),
	(99, 23, 1, 50, 'FR_', 0, '', '2019-04-17 15:25:13', 'QUESTIONNAIRE_MIGRATION_2019', '2019-04-17 15:25:13', 'QUESTIONNAIRE_MIGRATION_2019'),
	(100, 23, 2, 50, 'EN_', 0, '', '2019-04-17 15:25:14', 'QUESTIONNAIRE_MIGRATION_2019', '2019-04-17 15:25:14', 'QUESTIONNAIRE_MIGRATION_2019'),
	(101, 23, 1, 51, 'Veuillez noter ce qui suit sur une chelle de 1  10: Fatigue (manque dnergie)', 0, '', '2019-04-17 15:25:14', 'QUESTIONNAIRE_MIGRATION_2019', '2019-04-17 15:25:14', 'QUESTIONNAIRE_MIGRATION_2019'),
	(102, 23, 2, 51, 'Please rate the following on a scale from 1 to 10: Tiredness (lack of energy)', 0, '', '2019-04-17 15:25:14', 'QUESTIONNAIRE_MIGRATION_2019', '2019-04-17 15:25:14', 'QUESTIONNAIRE_MIGRATION_2019'),
	(103, 33, 1, 52, 'Aucune fatigue', 0, '', '2019-04-17 15:25:14', 'QUESTIONNAIRE_MIGRATION_2019', '2019-04-17 15:25:14', 'QUESTIONNAIRE_MIGRATION_2019'),
	(104, 33, 2, 52, 'No tiredness', 0, '', '2019-04-17 15:25:14', 'QUESTIONNAIRE_MIGRATION_2019', '2019-04-17 15:25:14', 'QUESTIONNAIRE_MIGRATION_2019'),
	(105, 33, 1, 53, 'La pire fatigue possible', 0, '', '2019-04-17 15:25:14', 'QUESTIONNAIRE_MIGRATION_2019', '2019-04-17 15:25:14', 'QUESTIONNAIRE_MIGRATION_2019'),
	(106, 33, 2, 53, 'Worst possible tiredness', 0, '', '2019-04-17 15:25:14', 'QUESTIONNAIRE_MIGRATION_2019', '2019-04-17 15:25:14', 'QUESTIONNAIRE_MIGRATION_2019'),
	(107, 23, 1, 54, 'Somnolence', 0, '', '2019-04-17 15:25:14', 'QUESTIONNAIRE_MIGRATION_2019', '2019-04-17 15:25:14', 'QUESTIONNAIRE_MIGRATION_2019'),
	(108, 23, 2, 54, 'Drowsiness', 0, '', '2019-04-17 15:25:14', 'QUESTIONNAIRE_MIGRATION_2019', '2019-04-17 15:25:14', 'QUESTIONNAIRE_MIGRATION_2019'),
	(109, 23, 1, 55, 'FR_', 0, '', '2019-04-17 15:25:14', 'QUESTIONNAIRE_MIGRATION_2019', '2019-04-17 15:25:14', 'QUESTIONNAIRE_MIGRATION_2019'),
	(110, 23, 2, 55, 'EN_', 0, '', '2019-04-17 15:25:14', 'QUESTIONNAIRE_MIGRATION_2019', '2019-04-17 15:25:14', 'QUESTIONNAIRE_MIGRATION_2019'),
	(111, 23, 1, 56, 'Veuillez noter ce qui suit sur une chelle de 1  10: Somnolence (se sentir endormi)', 0, '', '2019-04-17 15:25:14', 'QUESTIONNAIRE_MIGRATION_2019', '2019-04-17 15:25:14', 'QUESTIONNAIRE_MIGRATION_2019'),
	(112, 23, 2, 56, 'Please rate the following on a scale from 1 to 10: Drowsiness (feeling sleepy)', 0, '', '2019-04-17 15:25:14', 'QUESTIONNAIRE_MIGRATION_2019', '2019-04-17 15:25:14', 'QUESTIONNAIRE_MIGRATION_2019'),
	(113, 33, 1, 57, 'Aucune somnolence', 0, '', '2019-04-17 15:25:14', 'QUESTIONNAIRE_MIGRATION_2019', '2019-04-17 15:25:14', 'QUESTIONNAIRE_MIGRATION_2019'),
	(114, 33, 2, 57, 'No drowsiness', 0, '', '2019-04-17 15:25:14', 'QUESTIONNAIRE_MIGRATION_2019', '2019-04-17 15:25:14', 'QUESTIONNAIRE_MIGRATION_2019'),
	(115, 33, 1, 58, 'La pire somnolence possible', 0, '', '2019-04-17 15:25:14', 'QUESTIONNAIRE_MIGRATION_2019', '2019-04-17 15:25:14', 'QUESTIONNAIRE_MIGRATION_2019'),
	(116, 33, 2, 58, 'Worst possible drowsiness', 0, '', '2019-04-17 15:25:14', 'QUESTIONNAIRE_MIGRATION_2019', '2019-04-17 15:25:14', 'QUESTIONNAIRE_MIGRATION_2019'),
	(117, 23, 1, 59, 'Nause', 0, '', '2019-04-17 15:25:14', 'QUESTIONNAIRE_MIGRATION_2019', '2019-04-17 15:25:14', 'QUESTIONNAIRE_MIGRATION_2019'),
	(118, 23, 2, 59, 'Nausea', 0, '', '2019-04-17 15:25:14', 'QUESTIONNAIRE_MIGRATION_2019', '2019-04-17 15:25:14', 'QUESTIONNAIRE_MIGRATION_2019'),
	(119, 23, 1, 60, 'FR_', 0, '', '2019-04-17 15:25:14', 'QUESTIONNAIRE_MIGRATION_2019', '2019-04-17 15:25:14', 'QUESTIONNAIRE_MIGRATION_2019'),
	(120, 23, 2, 60, 'EN_', 0, '', '2019-04-17 15:25:14', 'QUESTIONNAIRE_MIGRATION_2019', '2019-04-17 15:25:14', 'QUESTIONNAIRE_MIGRATION_2019'),
	(121, 23, 1, 61, 'Veuillez noter ce qui suit sur une chelle de 1  10: Nause', 0, '', '2019-04-17 15:25:14', 'QUESTIONNAIRE_MIGRATION_2019', '2019-04-17 15:25:14', 'QUESTIONNAIRE_MIGRATION_2019'),
	(122, 23, 2, 61, 'Please rate the following on a scale from 1 to 10: Nausea', 0, '', '2019-04-17 15:25:14', 'QUESTIONNAIRE_MIGRATION_2019', '2019-04-17 15:25:14', 'QUESTIONNAIRE_MIGRATION_2019'),
	(123, 33, 1, 62, 'Aucune nause', 0, '', '2019-04-17 15:25:14', 'QUESTIONNAIRE_MIGRATION_2019', '2019-04-17 15:25:14', 'QUESTIONNAIRE_MIGRATION_2019'),
	(124, 33, 2, 62, 'No nausea', 0, '', '2019-04-17 15:25:14', 'QUESTIONNAIRE_MIGRATION_2019', '2019-04-17 15:25:14', 'QUESTIONNAIRE_MIGRATION_2019'),
	(125, 33, 1, 63, 'La pire nause possible', 0, '', '2019-04-17 15:25:14', 'QUESTIONNAIRE_MIGRATION_2019', '2019-04-17 15:25:14', 'QUESTIONNAIRE_MIGRATION_2019'),
	(126, 33, 2, 63, 'Worst possible nausea', 0, '', '2019-04-17 15:25:14', 'QUESTIONNAIRE_MIGRATION_2019', '2019-04-17 15:25:14', 'QUESTIONNAIRE_MIGRATION_2019'),
	(127, 23, 1, 64, 'Manque dapptit', 0, '', '2019-04-17 15:25:14', 'QUESTIONNAIRE_MIGRATION_2019', '2019-04-17 15:25:14', 'QUESTIONNAIRE_MIGRATION_2019'),
	(128, 23, 2, 64, 'Lack of appetite', 0, '', '2019-04-17 15:25:14', 'QUESTIONNAIRE_MIGRATION_2019', '2019-04-17 15:25:14', 'QUESTIONNAIRE_MIGRATION_2019'),
	(129, 23, 1, 65, 'FR_', 0, '', '2019-04-17 15:25:14', 'QUESTIONNAIRE_MIGRATION_2019', '2019-04-17 15:25:14', 'QUESTIONNAIRE_MIGRATION_2019'),
	(130, 23, 2, 65, 'EN_', 0, '', '2019-04-17 15:25:14', 'QUESTIONNAIRE_MIGRATION_2019', '2019-04-17 15:25:14', 'QUESTIONNAIRE_MIGRATION_2019'),
	(131, 23, 1, 66, 'Veuillez noter ce qui suit sur une chelle de 1  10: Manque dapptit', 0, '', '2019-04-17 15:25:14', 'QUESTIONNAIRE_MIGRATION_2019', '2019-04-17 15:25:14', 'QUESTIONNAIRE_MIGRATION_2019'),
	(132, 23, 2, 66, 'Please rate the following on a scale from 1 to 10: Lack of appetite', 0, '', '2019-04-17 15:25:14', 'QUESTIONNAIRE_MIGRATION_2019', '2019-04-17 15:25:14', 'QUESTIONNAIRE_MIGRATION_2019'),
	(133, 33, 1, 67, 'Aucun manque dapptit', 0, '', '2019-04-17 15:25:14', 'QUESTIONNAIRE_MIGRATION_2019', '2019-04-17 15:25:14', 'QUESTIONNAIRE_MIGRATION_2019'),
	(134, 33, 2, 67, 'No lack of appetite', 0, '', '2019-04-17 15:25:14', 'QUESTIONNAIRE_MIGRATION_2019', '2019-04-17 15:25:14', 'QUESTIONNAIRE_MIGRATION_2019'),
	(135, 33, 1, 68, 'Le pire manque dapptit possible', 0, '', '2019-04-17 15:25:14', 'QUESTIONNAIRE_MIGRATION_2019', '2019-04-17 15:25:14', 'QUESTIONNAIRE_MIGRATION_2019'),
	(136, 33, 2, 68, 'Worst possible lack of appetite', 0, '', '2019-04-17 15:25:14', 'QUESTIONNAIRE_MIGRATION_2019', '2019-04-17 15:25:14', 'QUESTIONNAIRE_MIGRATION_2019'),
	(137, 23, 1, 69, 'Essoufflement', 0, '', '2019-04-17 15:25:14', 'QUESTIONNAIRE_MIGRATION_2019', '2019-04-17 15:25:14', 'QUESTIONNAIRE_MIGRATION_2019'),
	(138, 23, 2, 69, 'Shortness of breath', 0, '', '2019-04-17 15:25:14', 'QUESTIONNAIRE_MIGRATION_2019', '2019-04-17 15:25:14', 'QUESTIONNAIRE_MIGRATION_2019'),
	(139, 23, 1, 70, 'FR_', 0, '', '2019-04-17 15:25:14', 'QUESTIONNAIRE_MIGRATION_2019', '2019-04-17 15:25:14', 'QUESTIONNAIRE_MIGRATION_2019'),
	(140, 23, 2, 70, 'EN_', 0, '', '2019-04-17 15:25:14', 'QUESTIONNAIRE_MIGRATION_2019', '2019-04-17 15:25:14', 'QUESTIONNAIRE_MIGRATION_2019'),
	(141, 23, 1, 71, 'Veuillez noter ce qui suit sur une chelle de 1  10: Essoufflement', 0, '', '2019-04-17 15:25:14', 'QUESTIONNAIRE_MIGRATION_2019', '2019-04-17 15:25:14', 'QUESTIONNAIRE_MIGRATION_2019'),
	(142, 23, 2, 71, 'Please rate the following on a scale from 1 to 10: Shortness of breath', 0, '', '2019-04-17 15:25:14', 'QUESTIONNAIRE_MIGRATION_2019', '2019-04-17 15:25:14', 'QUESTIONNAIRE_MIGRATION_2019'),
	(143, 33, 1, 72, 'Aucun essoufflement', 0, '', '2019-04-17 15:25:14', 'QUESTIONNAIRE_MIGRATION_2019', '2019-04-17 15:25:14', 'QUESTIONNAIRE_MIGRATION_2019'),
	(144, 33, 2, 72, 'No shortness of breath', 0, '', '2019-04-17 15:25:14', 'QUESTIONNAIRE_MIGRATION_2019', '2019-04-17 15:25:14', 'QUESTIONNAIRE_MIGRATION_2019'),
	(145, 33, 1, 73, 'Le pire essoufflement possible', 0, '', '2019-04-17 15:25:14', 'QUESTIONNAIRE_MIGRATION_2019', '2019-04-17 15:25:14', 'QUESTIONNAIRE_MIGRATION_2019'),
	(146, 33, 2, 73, 'Worst possible shortness of breath', 0, '', '2019-04-17 15:25:14', 'QUESTIONNAIRE_MIGRATION_2019', '2019-04-17 15:25:14', 'QUESTIONNAIRE_MIGRATION_2019'),
	(147, 23, 1, 74, 'Dpression', 0, '', '2019-04-17 15:25:14', 'QUESTIONNAIRE_MIGRATION_2019', '2019-04-17 15:25:14', 'QUESTIONNAIRE_MIGRATION_2019'),
	(148, 23, 2, 74, 'Depression', 0, '', '2019-04-17 15:25:14', 'QUESTIONNAIRE_MIGRATION_2019', '2019-04-17 15:25:14', 'QUESTIONNAIRE_MIGRATION_2019'),
	(149, 23, 1, 75, 'FR_', 0, '', '2019-04-17 15:25:14', 'QUESTIONNAIRE_MIGRATION_2019', '2019-04-17 15:25:14', 'QUESTIONNAIRE_MIGRATION_2019'),
	(150, 23, 2, 75, 'EN_', 0, '', '2019-04-17 15:25:14', 'QUESTIONNAIRE_MIGRATION_2019', '2019-04-17 15:25:14', 'QUESTIONNAIRE_MIGRATION_2019'),
	(151, 23, 1, 76, 'Veuillez noter ce qui suit sur une chelle de 1  10: Dpression (tristesse)', 0, '', '2019-04-17 15:25:14', 'QUESTIONNAIRE_MIGRATION_2019', '2019-04-17 15:25:14', 'QUESTIONNAIRE_MIGRATION_2019'),
	(152, 23, 2, 76, 'Please rate the following on a scale from 1 to 10: Depression (feeling sad)', 0, '', '2019-04-17 15:25:14', 'QUESTIONNAIRE_MIGRATION_2019', '2019-04-17 15:25:14', 'QUESTIONNAIRE_MIGRATION_2019'),
	(153, 33, 1, 77, 'Aucune dpression', 0, '', '2019-04-17 15:25:14', 'QUESTIONNAIRE_MIGRATION_2019', '2019-04-17 15:25:14', 'QUESTIONNAIRE_MIGRATION_2019'),
	(154, 33, 2, 77, 'No depression', 0, '', '2019-04-17 15:25:14', 'QUESTIONNAIRE_MIGRATION_2019', '2019-04-17 15:25:14', 'QUESTIONNAIRE_MIGRATION_2019'),
	(155, 33, 1, 78, 'La pire dpression possible', 0, '', '2019-04-17 15:25:14', 'QUESTIONNAIRE_MIGRATION_2019', '2019-04-17 15:25:14', 'QUESTIONNAIRE_MIGRATION_2019'),
	(156, 33, 2, 78, 'Worst possible depression', 0, '', '2019-04-17 15:25:14', 'QUESTIONNAIRE_MIGRATION_2019', '2019-04-17 15:25:14', 'QUESTIONNAIRE_MIGRATION_2019'),
	(157, 23, 1, 79, 'Anxit', 0, '', '2019-04-17 15:25:14', 'QUESTIONNAIRE_MIGRATION_2019', '2019-04-17 15:25:14', 'QUESTIONNAIRE_MIGRATION_2019'),
	(158, 23, 2, 79, 'Anxiety', 0, '', '2019-04-17 15:25:14', 'QUESTIONNAIRE_MIGRATION_2019', '2019-04-17 15:25:14', 'QUESTIONNAIRE_MIGRATION_2019'),
	(159, 23, 1, 80, 'FR_', 0, '', '2019-04-17 15:25:14', 'QUESTIONNAIRE_MIGRATION_2019', '2019-04-17 15:25:14', 'QUESTIONNAIRE_MIGRATION_2019'),
	(160, 23, 2, 80, 'EN_', 0, '', '2019-04-17 15:25:14', 'QUESTIONNAIRE_MIGRATION_2019', '2019-04-17 15:25:14', 'QUESTIONNAIRE_MIGRATION_2019'),
	(161, 23, 1, 81, 'Veuillez noter ce qui suit sur une chelle de 1  10: Anxit (se sentir nerveux)', 0, '', '2019-04-17 15:25:14', 'QUESTIONNAIRE_MIGRATION_2019', '2019-04-17 15:25:14', 'QUESTIONNAIRE_MIGRATION_2019'),
	(162, 23, 2, 81, 'Please rate the following on a scale from 1 to 10: Anxiety (feeling nervous)', 0, '', '2019-04-17 15:25:14', 'QUESTIONNAIRE_MIGRATION_2019', '2019-04-17 15:25:14', 'QUESTIONNAIRE_MIGRATION_2019'),
	(163, 33, 1, 82, 'Aucune anxit', 0, '', '2019-04-17 15:25:14', 'QUESTIONNAIRE_MIGRATION_2019', '2019-04-17 15:25:14', 'QUESTIONNAIRE_MIGRATION_2019'),
	(164, 33, 2, 82, 'No anxiety', 0, '', '2019-04-17 15:25:14', 'QUESTIONNAIRE_MIGRATION_2019', '2019-04-17 15:25:14', 'QUESTIONNAIRE_MIGRATION_2019'),
	(165, 33, 1, 83, 'La pire anxit possible', 0, '', '2019-04-17 15:25:14', 'QUESTIONNAIRE_MIGRATION_2019', '2019-04-17 15:25:14', 'QUESTIONNAIRE_MIGRATION_2019'),
	(166, 33, 2, 83, 'Worst possible anxiety', 0, '', '2019-04-17 15:25:14', 'QUESTIONNAIRE_MIGRATION_2019', '2019-04-17 15:25:14', 'QUESTIONNAIRE_MIGRATION_2019'),
	(167, 23, 1, 84, 'Bien-tre', 0, '', '2019-04-17 15:25:14', 'QUESTIONNAIRE_MIGRATION_2019', '2019-04-17 15:25:14', 'QUESTIONNAIRE_MIGRATION_2019'),
	(168, 23, 2, 84, 'Wellbeing', 0, '', '2019-04-17 15:25:14', 'QUESTIONNAIRE_MIGRATION_2019', '2019-04-17 15:25:14', 'QUESTIONNAIRE_MIGRATION_2019'),
	(169, 23, 1, 85, 'FR_', 0, '', '2019-04-17 15:25:14', 'QUESTIONNAIRE_MIGRATION_2019', '2019-04-17 15:25:14', 'QUESTIONNAIRE_MIGRATION_2019'),
	(170, 23, 2, 85, 'EN_', 0, '', '2019-04-17 15:25:14', 'QUESTIONNAIRE_MIGRATION_2019', '2019-04-17 15:25:14', 'QUESTIONNAIRE_MIGRATION_2019'),
	(171, 23, 1, 86, 'Veuillez noter ce qui suit sur une chelle de 1  10: Bien-tre (comment vous vous sentez en gnral)', 0, '', '2019-04-17 15:25:14', 'QUESTIONNAIRE_MIGRATION_2019', '2019-04-17 15:25:14', 'QUESTIONNAIRE_MIGRATION_2019'),
	(172, 23, 2, 86, 'Please rate the following on a scale from 1 to 10: Wellbeing (how you feel overall)', 0, '', '2019-04-17 15:25:14', 'QUESTIONNAIRE_MIGRATION_2019', '2019-04-17 15:25:14', 'QUESTIONNAIRE_MIGRATION_2019'),
	(173, 33, 1, 87, 'Meilleure sensation de bien-tre', 0, '', '2019-04-17 15:25:14', 'QUESTIONNAIRE_MIGRATION_2019', '2019-04-17 15:25:14', 'QUESTIONNAIRE_MIGRATION_2019'),
	(174, 33, 2, 87, 'Best wellbeing', 0, '', '2019-04-17 15:25:14', 'QUESTIONNAIRE_MIGRATION_2019', '2019-04-17 15:25:14', 'QUESTIONNAIRE_MIGRATION_2019'),
	(175, 33, 1, 88, 'Aucune sensation de bien-tre', 0, '', '2019-04-17 15:25:14', 'QUESTIONNAIRE_MIGRATION_2019', '2019-04-17 15:25:14', 'QUESTIONNAIRE_MIGRATION_2019'),
	(176, 33, 2, 88, 'Worst possible wellbeing', 0, '', '2019-04-17 15:25:14', 'QUESTIONNAIRE_MIGRATION_2019', '2019-04-17 15:25:14', 'QUESTIONNAIRE_MIGRATION_2019'),
	(177, 27, 1, 89, 'Questionnaire sur les symptmes de la radiothrapie du sein', 0, '', '2019-04-17 15:25:14', 'QUESTIONNAIRE_MIGRATION_2019', '2019-04-17 15:25:14', 'QUESTIONNAIRE_MIGRATION_2019'),
	(178, 27, 2, 89, 'Breast Radiotherapy Symptom Questionnaire', 0, '', '2019-04-17 15:25:14', 'QUESTIONNAIRE_MIGRATION_2019', '2019-04-17 15:25:14', 'QUESTIONNAIRE_MIGRATION_2019'),
	(179, 27, 1, 90, '<p>Les patients signalent parfois qu\'ils prsentent les symptmes suivants. Veuillez indiquer la svrit des symptmes que vous avez ressentis lors de la dernire semaine.</p>', 0, '', '2019-04-17 15:25:14', 'QUESTIONNAIRE_MIGRATION_2019', '2019-04-17 15:25:14', 'QUESTIONNAIRE_MIGRATION_2019'),
	(180, 27, 2, 90, '<p>Patients sometimes report that they have the following symptoms or problems. Please indicate the extent to which you have experienced these symptoms or problems during the past week.</p>', 0, '', '2019-04-17 15:25:14', 'QUESTIONNAIRE_MIGRATION_2019', '2019-04-17 15:25:14', 'QUESTIONNAIRE_MIGRATION_2019'),
	(181, 32, 1, 91, 'FR_', 0, '', '2019-04-17 15:25:14', 'QUESTIONNAIRE_MIGRATION_2019', '2019-04-17 15:25:14', 'QUESTIONNAIRE_MIGRATION_2019'),
	(182, 32, 2, 91, 'EN_', 0, '', '2019-04-17 15:25:14', 'QUESTIONNAIRE_MIGRATION_2019', '2019-04-17 15:25:14', 'QUESTIONNAIRE_MIGRATION_2019'),
	(183, 23, 1, 92, 'FR_', 0, '', '2019-04-17 15:25:14', 'QUESTIONNAIRE_MIGRATION_2019', '2019-04-17 15:25:14', 'QUESTIONNAIRE_MIGRATION_2019'),
	(184, 23, 2, 92, 'EN_', 0, '', '2019-04-17 15:25:14', 'QUESTIONNAIRE_MIGRATION_2019', '2019-04-17 15:25:14', 'QUESTIONNAIRE_MIGRATION_2019'),
	(185, 23, 1, 93, 'FR_', 0, '', '2019-04-17 15:25:14', 'QUESTIONNAIRE_MIGRATION_2019', '2019-04-17 15:25:14', 'QUESTIONNAIRE_MIGRATION_2019'),
	(186, 23, 2, 93, 'EN_', 0, '', '2019-04-17 15:25:14', 'QUESTIONNAIRE_MIGRATION_2019', '2019-04-17 15:25:14', 'QUESTIONNAIRE_MIGRATION_2019'),
	(187, 23, 1, 94, 'Au cours de la semaine passe: Avez-vous eu mal au bras ou  lpaule?', 0, '', '2019-04-17 15:25:14', 'QUESTIONNAIRE_MIGRATION_2019', '2019-04-17 15:25:14', 'QUESTIONNAIRE_MIGRATION_2019'),
	(188, 23, 2, 94, 'During the past week: Did you have any pain in your arm or shoulder?', 0, '', '2019-04-17 15:25:14', 'QUESTIONNAIRE_MIGRATION_2019', '2019-04-17 15:25:14', 'QUESTIONNAIRE_MIGRATION_2019'),
	(189, 33, 1, 95, 'Pas du tout', 0, '', '2019-04-17 15:25:14', 'QUESTIONNAIRE_MIGRATION_2019', '2019-04-17 15:25:14', 'QUESTIONNAIRE_MIGRATION_2019'),
	(190, 33, 2, 95, 'Not at All', 0, '', '2019-04-17 15:25:14', 'QUESTIONNAIRE_MIGRATION_2019', '2019-04-17 15:25:14', 'QUESTIONNAIRE_MIGRATION_2019'),
	(191, 33, 1, 96, 'Beaucoup', 0, '', '2019-04-17 15:25:14', 'QUESTIONNAIRE_MIGRATION_2019', '2019-04-17 15:25:14', 'QUESTIONNAIRE_MIGRATION_2019'),
	(192, 33, 2, 96, 'Very Much', 0, '', '2019-04-17 15:25:14', 'QUESTIONNAIRE_MIGRATION_2019', '2019-04-17 15:25:14', 'QUESTIONNAIRE_MIGRATION_2019'),
	(193, 23, 1, 97, 'FR_', 0, '', '2019-04-17 15:25:14', 'QUESTIONNAIRE_MIGRATION_2019', '2019-04-17 15:25:14', 'QUESTIONNAIRE_MIGRATION_2019'),
	(194, 23, 2, 97, 'EN_', 0, '', '2019-04-17 15:25:14', 'QUESTIONNAIRE_MIGRATION_2019', '2019-04-17 15:25:14', 'QUESTIONNAIRE_MIGRATION_2019'),
	(195, 23, 1, 98, 'FR_', 0, '', '2019-04-17 15:25:14', 'QUESTIONNAIRE_MIGRATION_2019', '2019-04-17 15:25:14', 'QUESTIONNAIRE_MIGRATION_2019'),
	(196, 23, 2, 98, 'EN_', 0, '', '2019-04-17 15:25:14', 'QUESTIONNAIRE_MIGRATION_2019', '2019-04-17 15:25:14', 'QUESTIONNAIRE_MIGRATION_2019'),
	(197, 23, 1, 99, 'Au cours de la semaine passe: Avez-vous eu la main ou le bras enfl?', 0, '', '2019-04-17 15:25:14', 'QUESTIONNAIRE_MIGRATION_2019', '2019-04-17 15:25:14', 'QUESTIONNAIRE_MIGRATION_2019'),
	(198, 23, 2, 99, 'During the past week: Did you have a swollen arm or hand?', 0, '', '2019-04-17 15:25:14', 'QUESTIONNAIRE_MIGRATION_2019', '2019-04-17 15:25:14', 'QUESTIONNAIRE_MIGRATION_2019'),
	(199, 33, 1, 100, 'Pas du tout', 0, '', '2019-04-17 15:25:14', 'QUESTIONNAIRE_MIGRATION_2019', '2019-04-17 15:25:14', 'QUESTIONNAIRE_MIGRATION_2019'),
	(200, 33, 2, 100, 'Not at All', 0, '', '2019-04-17 15:25:14', 'QUESTIONNAIRE_MIGRATION_2019', '2019-04-17 15:25:14', 'QUESTIONNAIRE_MIGRATION_2019'),
	(201, 33, 1, 101, 'Beaucoup', 0, '', '2019-04-17 15:25:14', 'QUESTIONNAIRE_MIGRATION_2019', '2019-04-17 15:25:14', 'QUESTIONNAIRE_MIGRATION_2019'),
	(202, 33, 2, 101, 'Very Much', 0, '', '2019-04-17 15:25:14', 'QUESTIONNAIRE_MIGRATION_2019', '2019-04-17 15:25:14', 'QUESTIONNAIRE_MIGRATION_2019'),
	(203, 23, 1, 102, 'FR_', 0, '', '2019-04-17 15:25:14', 'QUESTIONNAIRE_MIGRATION_2019', '2019-04-17 15:25:14', 'QUESTIONNAIRE_MIGRATION_2019'),
	(204, 23, 2, 102, 'EN_', 0, '', '2019-04-17 15:25:14', 'QUESTIONNAIRE_MIGRATION_2019', '2019-04-17 15:25:14', 'QUESTIONNAIRE_MIGRATION_2019'),
	(205, 23, 1, 103, 'FR_', 0, '', '2019-04-17 15:25:14', 'QUESTIONNAIRE_MIGRATION_2019', '2019-04-17 15:25:14', 'QUESTIONNAIRE_MIGRATION_2019'),
	(206, 23, 2, 103, 'EN_', 0, '', '2019-04-17 15:25:14', 'QUESTIONNAIRE_MIGRATION_2019', '2019-04-17 15:25:14', 'QUESTIONNAIRE_MIGRATION_2019'),
	(207, 23, 1, 104, 'Au cours de la semaine passe: Avez-vous eu du mal  lever le bras devant vous ou sur le ct?', 0, '', '2019-04-17 15:25:14', 'QUESTIONNAIRE_MIGRATION_2019', '2019-04-17 15:25:14', 'QUESTIONNAIRE_MIGRATION_2019'),
	(208, 23, 2, 104, 'During the past week: Was it difficult to raise your arm or to move it sideways?', 0, '', '2019-04-17 15:25:14', 'QUESTIONNAIRE_MIGRATION_2019', '2019-04-17 15:25:14', 'QUESTIONNAIRE_MIGRATION_2019'),
	(209, 33, 1, 105, 'Pas du tout', 0, '', '2019-04-17 15:25:14', 'QUESTIONNAIRE_MIGRATION_2019', '2019-04-17 15:25:14', 'QUESTIONNAIRE_MIGRATION_2019'),
	(210, 33, 2, 105, 'Not at All', 0, '', '2019-04-17 15:25:14', 'QUESTIONNAIRE_MIGRATION_2019', '2019-04-17 15:25:14', 'QUESTIONNAIRE_MIGRATION_2019'),
	(211, 33, 1, 106, 'Beaucoup', 0, '', '2019-04-17 15:25:14', 'QUESTIONNAIRE_MIGRATION_2019', '2019-04-17 15:25:14', 'QUESTIONNAIRE_MIGRATION_2019'),
	(212, 33, 2, 106, 'Very Much', 0, '', '2019-04-17 15:25:14', 'QUESTIONNAIRE_MIGRATION_2019', '2019-04-17 15:25:14', 'QUESTIONNAIRE_MIGRATION_2019'),
	(213, 23, 1, 107, 'FR_', 0, '', '2019-04-17 15:25:14', 'QUESTIONNAIRE_MIGRATION_2019', '2019-04-17 15:25:14', 'QUESTIONNAIRE_MIGRATION_2019'),
	(214, 23, 2, 107, 'EN_', 0, '', '2019-04-17 15:25:14', 'QUESTIONNAIRE_MIGRATION_2019', '2019-04-17 15:25:14', 'QUESTIONNAIRE_MIGRATION_2019'),
	(215, 23, 1, 108, 'FR_', 0, '', '2019-04-17 15:25:14', 'QUESTIONNAIRE_MIGRATION_2019', '2019-04-17 15:25:14', 'QUESTIONNAIRE_MIGRATION_2019'),
	(216, 23, 2, 108, 'EN_', 0, '', '2019-04-17 15:25:14', 'QUESTIONNAIRE_MIGRATION_2019', '2019-04-17 15:25:14', 'QUESTIONNAIRE_MIGRATION_2019'),
	(217, 23, 1, 109, 'Au cours de la semaine passe: Avez-vous ressenti des douleurs dans la rgion trait?', 0, '', '2019-04-17 15:25:14', 'QUESTIONNAIRE_MIGRATION_2019', '2019-04-17 15:25:14', 'QUESTIONNAIRE_MIGRATION_2019'),
	(218, 23, 2, 109, 'During the past week: Have you had any pain in your radiated area?', 0, '', '2019-04-17 15:25:14', 'QUESTIONNAIRE_MIGRATION_2019', '2019-04-17 15:25:14', 'QUESTIONNAIRE_MIGRATION_2019'),
	(219, 33, 1, 110, 'Pas du tout', 0, '', '2019-04-17 15:25:14', 'QUESTIONNAIRE_MIGRATION_2019', '2019-04-17 15:25:14', 'QUESTIONNAIRE_MIGRATION_2019'),
	(220, 33, 2, 110, 'Not at All', 0, '', '2019-04-17 15:25:14', 'QUESTIONNAIRE_MIGRATION_2019', '2019-04-17 15:25:14', 'QUESTIONNAIRE_MIGRATION_2019'),
	(221, 33, 1, 111, 'Beaucoup', 0, '', '2019-04-17 15:25:14', 'QUESTIONNAIRE_MIGRATION_2019', '2019-04-17 15:25:14', 'QUESTIONNAIRE_MIGRATION_2019'),
	(222, 33, 2, 111, 'Very Much', 0, '', '2019-04-17 15:25:14', 'QUESTIONNAIRE_MIGRATION_2019', '2019-04-17 15:25:14', 'QUESTIONNAIRE_MIGRATION_2019'),
	(223, 23, 1, 112, 'FR_', 0, '', '2019-04-17 15:25:14', 'QUESTIONNAIRE_MIGRATION_2019', '2019-04-17 15:25:14', 'QUESTIONNAIRE_MIGRATION_2019'),
	(224, 23, 2, 112, 'EN_', 0, '', '2019-04-17 15:25:14', 'QUESTIONNAIRE_MIGRATION_2019', '2019-04-17 15:25:14', 'QUESTIONNAIRE_MIGRATION_2019'),
	(225, 23, 1, 113, 'FR_', 0, '', '2019-04-17 15:25:14', 'QUESTIONNAIRE_MIGRATION_2019', '2019-04-17 15:25:14', 'QUESTIONNAIRE_MIGRATION_2019'),
	(226, 23, 2, 113, 'EN_', 0, '', '2019-04-17 15:25:14', 'QUESTIONNAIRE_MIGRATION_2019', '2019-04-17 15:25:14', 'QUESTIONNAIRE_MIGRATION_2019'),
	(227, 23, 1, 114, 'Au cours de la semaine passe: La rgion trait tait-elle enfle?', 0, '', '2019-04-17 15:25:14', 'QUESTIONNAIRE_MIGRATION_2019', '2019-04-17 15:25:14', 'QUESTIONNAIRE_MIGRATION_2019'),
	(228, 23, 2, 114, 'During the past week: Have you had any swelling in your radiated area?', 0, '', '2019-04-17 15:25:14', 'QUESTIONNAIRE_MIGRATION_2019', '2019-04-17 15:25:14', 'QUESTIONNAIRE_MIGRATION_2019'),
	(229, 33, 1, 115, 'Pas du tout', 0, '', '2019-04-17 15:25:14', 'QUESTIONNAIRE_MIGRATION_2019', '2019-04-17 15:25:14', 'QUESTIONNAIRE_MIGRATION_2019'),
	(230, 33, 2, 115, 'Not at All', 0, '', '2019-04-17 15:25:14', 'QUESTIONNAIRE_MIGRATION_2019', '2019-04-17 15:25:14', 'QUESTIONNAIRE_MIGRATION_2019'),
	(231, 33, 1, 116, 'Beaucoup', 0, '', '2019-04-17 15:25:14', 'QUESTIONNAIRE_MIGRATION_2019', '2019-04-17 15:25:14', 'QUESTIONNAIRE_MIGRATION_2019'),
	(232, 33, 2, 116, 'Very Much', 0, '', '2019-04-17 15:25:14', 'QUESTIONNAIRE_MIGRATION_2019', '2019-04-17 15:25:14', 'QUESTIONNAIRE_MIGRATION_2019'),
	(233, 23, 1, 117, 'FR_', 0, '', '2019-04-17 15:25:14', 'QUESTIONNAIRE_MIGRATION_2019', '2019-04-17 15:25:14', 'QUESTIONNAIRE_MIGRATION_2019'),
	(234, 23, 2, 117, 'EN_', 0, '', '2019-04-17 15:25:14', 'QUESTIONNAIRE_MIGRATION_2019', '2019-04-17 15:25:14', 'QUESTIONNAIRE_MIGRATION_2019'),
	(235, 23, 1, 118, 'FR_', 0, '', '2019-04-17 15:25:14', 'QUESTIONNAIRE_MIGRATION_2019', '2019-04-17 15:25:14', 'QUESTIONNAIRE_MIGRATION_2019'),
	(236, 23, 2, 118, 'EN_', 0, '', '2019-04-17 15:25:14', 'QUESTIONNAIRE_MIGRATION_2019', '2019-04-17 15:25:14', 'QUESTIONNAIRE_MIGRATION_2019'),
	(237, 23, 1, 119, 'Au cours de la semaine passe: La rgion trait tait-elle particulirement sensible?', 0, '', '2019-04-17 15:25:14', 'QUESTIONNAIRE_MIGRATION_2019', '2019-04-17 15:25:14', 'QUESTIONNAIRE_MIGRATION_2019'),
	(238, 23, 2, 119, 'During the past week: Has your radiated area been oversensitive?', 0, '', '2019-04-17 15:25:14', 'QUESTIONNAIRE_MIGRATION_2019', '2019-04-17 15:25:14', 'QUESTIONNAIRE_MIGRATION_2019'),
	(239, 33, 1, 120, 'Pas du tout', 0, '', '2019-04-17 15:25:14', 'QUESTIONNAIRE_MIGRATION_2019', '2019-04-17 15:25:14', 'QUESTIONNAIRE_MIGRATION_2019'),
	(240, 33, 2, 120, 'Not at All', 0, '', '2019-04-17 15:25:14', 'QUESTIONNAIRE_MIGRATION_2019', '2019-04-17 15:25:14', 'QUESTIONNAIRE_MIGRATION_2019'),
	(241, 33, 1, 121, 'Beaucoup', 0, '', '2019-04-17 15:25:14', 'QUESTIONNAIRE_MIGRATION_2019', '2019-04-17 15:25:14', 'QUESTIONNAIRE_MIGRATION_2019'),
	(242, 33, 2, 121, 'Very Much', 0, '', '2019-04-17 15:25:14', 'QUESTIONNAIRE_MIGRATION_2019', '2019-04-17 15:25:14', 'QUESTIONNAIRE_MIGRATION_2019'),
	(243, 23, 1, 122, 'FR_', 0, '', '2019-04-17 15:25:14', 'QUESTIONNAIRE_MIGRATION_2019', '2019-04-17 15:25:14', 'QUESTIONNAIRE_MIGRATION_2019'),
	(244, 23, 2, 122, 'EN_', 0, '', '2019-04-17 15:25:14', 'QUESTIONNAIRE_MIGRATION_2019', '2019-04-17 15:25:14', 'QUESTIONNAIRE_MIGRATION_2019'),
	(245, 23, 1, 123, 'FR_', 0, '', '2019-04-17 15:25:14', 'QUESTIONNAIRE_MIGRATION_2019', '2019-04-17 15:25:14', 'QUESTIONNAIRE_MIGRATION_2019'),
	(246, 23, 2, 123, 'EN_', 0, '', '2019-04-17 15:25:14', 'QUESTIONNAIRE_MIGRATION_2019', '2019-04-17 15:25:14', 'QUESTIONNAIRE_MIGRATION_2019'),
	(247, 23, 1, 124, 'Au cours de la semaine passe: Avez-vous eu des problmes de peau dans la rgion trait?', 0, '', '2019-04-17 15:25:14', 'QUESTIONNAIRE_MIGRATION_2019', '2019-04-17 15:25:14', 'QUESTIONNAIRE_MIGRATION_2019'),
	(248, 23, 2, 124, 'During the past week: Have you had skin problems in the area that was radiated (eg. itchy, dry, flaky)?', 0, '', '2019-04-17 15:25:14', 'QUESTIONNAIRE_MIGRATION_2019', '2019-04-17 15:25:14', 'QUESTIONNAIRE_MIGRATION_2019'),
	(249, 33, 1, 125, 'Pas du tout', 0, '', '2019-04-17 15:25:14', 'QUESTIONNAIRE_MIGRATION_2019', '2019-04-17 15:25:14', 'QUESTIONNAIRE_MIGRATION_2019'),
	(250, 33, 2, 125, 'Not at All', 0, '', '2019-04-17 15:25:14', 'QUESTIONNAIRE_MIGRATION_2019', '2019-04-17 15:25:14', 'QUESTIONNAIRE_MIGRATION_2019'),
	(251, 33, 1, 126, 'Beaucoup', 0, '', '2019-04-17 15:25:14', 'QUESTIONNAIRE_MIGRATION_2019', '2019-04-17 15:25:14', 'QUESTIONNAIRE_MIGRATION_2019'),
	(252, 33, 2, 126, 'Very Much', 0, '', '2019-04-17 15:25:14', 'QUESTIONNAIRE_MIGRATION_2019', '2019-04-17 15:25:14', 'QUESTIONNAIRE_MIGRATION_2019'),
	(253, 23, 1, 127, 'FR_', 0, '', '2019-04-17 15:25:14', 'QUESTIONNAIRE_MIGRATION_2019', '2019-04-17 15:25:14', 'QUESTIONNAIRE_MIGRATION_2019'),
	(254, 23, 2, 127, 'EN_', 0, '', '2019-04-17 15:25:14', 'QUESTIONNAIRE_MIGRATION_2019', '2019-04-17 15:25:14', 'QUESTIONNAIRE_MIGRATION_2019'),
	(255, 23, 1, 128, 'FR_', 0, '', '2019-04-17 15:25:14', 'QUESTIONNAIRE_MIGRATION_2019', '2019-04-17 15:25:14', 'QUESTIONNAIRE_MIGRATION_2019'),
	(256, 23, 2, 128, 'EN_', 0, '', '2019-04-17 15:25:14', 'QUESTIONNAIRE_MIGRATION_2019', '2019-04-17 15:25:14', 'QUESTIONNAIRE_MIGRATION_2019'),
	(257, 23, 1, 129, 'Au cours de la semaine passe: tiez-vous fatigu(e) ?', 0, '', '2019-04-17 15:25:14', 'QUESTIONNAIRE_MIGRATION_2019', '2019-04-17 15:25:14', 'QUESTIONNAIRE_MIGRATION_2019'),
	(258, 23, 2, 129, 'During the past week: Were you tired?', 0, '', '2019-04-17 15:25:14', 'QUESTIONNAIRE_MIGRATION_2019', '2019-04-17 15:25:14', 'QUESTIONNAIRE_MIGRATION_2019'),
	(259, 33, 1, 130, 'Pas du tout', 0, '', '2019-04-17 15:25:14', 'QUESTIONNAIRE_MIGRATION_2019', '2019-04-17 15:25:14', 'QUESTIONNAIRE_MIGRATION_2019'),
	(260, 33, 2, 130, 'Not at All', 0, '', '2019-04-17 15:25:14', 'QUESTIONNAIRE_MIGRATION_2019', '2019-04-17 15:25:14', 'QUESTIONNAIRE_MIGRATION_2019'),
	(261, 33, 1, 131, 'Beaucoup', 0, '', '2019-04-17 15:25:14', 'QUESTIONNAIRE_MIGRATION_2019', '2019-04-17 15:25:14', 'QUESTIONNAIRE_MIGRATION_2019'),
	(262, 33, 2, 131, 'Very Much', 0, '', '2019-04-17 15:25:14', 'QUESTIONNAIRE_MIGRATION_2019', '2019-04-17 15:25:14', 'QUESTIONNAIRE_MIGRATION_2019'),
	(263, 23, 1, 132, 'FR_', 0, '', '2019-04-17 15:25:14', 'QUESTIONNAIRE_MIGRATION_2019', '2019-04-17 15:25:14', 'QUESTIONNAIRE_MIGRATION_2019'),
	(264, 23, 2, 132, 'EN_', 0, '', '2019-04-17 15:25:14', 'QUESTIONNAIRE_MIGRATION_2019', '2019-04-17 15:25:14', 'QUESTIONNAIRE_MIGRATION_2019'),
	(265, 23, 1, 133, 'FR_', 0, '', '2019-04-17 15:25:14', 'QUESTIONNAIRE_MIGRATION_2019', '2019-04-17 15:25:14', 'QUESTIONNAIRE_MIGRATION_2019'),
	(266, 23, 2, 133, 'EN_', 0, '', '2019-04-17 15:25:14', 'QUESTIONNAIRE_MIGRATION_2019', '2019-04-17 15:25:14', 'QUESTIONNAIRE_MIGRATION_2019'),
	(267, 23, 1, 134, 'Comment valueriez-vous votre tat de sant au cours de la semaine passe ?', 0, '', '2019-04-17 15:25:14', 'QUESTIONNAIRE_MIGRATION_2019', '2019-04-17 15:25:14', 'QUESTIONNAIRE_MIGRATION_2019'),
	(268, 23, 2, 134, 'How would you rate your overall health during the past week?', 0, '', '2019-04-17 15:25:14', 'QUESTIONNAIRE_MIGRATION_2019', '2019-04-17 15:25:14', 'QUESTIONNAIRE_MIGRATION_2019'),
	(269, 33, 1, 135, 'Trs Mauvais', 0, '', '2019-04-17 15:25:14', 'QUESTIONNAIRE_MIGRATION_2019', '2019-04-17 15:25:14', 'QUESTIONNAIRE_MIGRATION_2019'),
	(270, 33, 2, 135, 'Very Poor', 0, '', '2019-04-17 15:25:14', 'QUESTIONNAIRE_MIGRATION_2019', '2019-04-17 15:25:14', 'QUESTIONNAIRE_MIGRATION_2019'),
	(271, 33, 1, 136, 'Excellent', 0, '', '2019-04-17 15:25:14', 'QUESTIONNAIRE_MIGRATION_2019', '2019-04-17 15:25:14', 'QUESTIONNAIRE_MIGRATION_2019'),
	(272, 33, 2, 136, 'Excellent', 0, '', '2019-04-17 15:25:14', 'QUESTIONNAIRE_MIGRATION_2019', '2019-04-17 15:25:14', 'QUESTIONNAIRE_MIGRATION_2019'),
	(273, 23, 1, 137, 'FR_', 0, '', '2019-04-17 15:25:14', 'QUESTIONNAIRE_MIGRATION_2019', '2019-04-17 15:25:14', 'QUESTIONNAIRE_MIGRATION_2019'),
	(274, 23, 2, 137, 'EN_', 0, '', '2019-04-17 15:25:14', 'QUESTIONNAIRE_MIGRATION_2019', '2019-04-17 15:25:14', 'QUESTIONNAIRE_MIGRATION_2019'),
	(275, 23, 1, 138, 'FR_', 0, '', '2019-04-17 15:25:14', 'QUESTIONNAIRE_MIGRATION_2019', '2019-04-17 15:25:14', 'QUESTIONNAIRE_MIGRATION_2019'),
	(276, 23, 2, 138, 'EN_', 0, '', '2019-04-17 15:25:14', 'QUESTIONNAIRE_MIGRATION_2019', '2019-04-17 15:25:14', 'QUESTIONNAIRE_MIGRATION_2019'),
	(277, 23, 1, 139, 'Comment valueriez-vous l\'ensemble de votre qualit de vie au cours de la semaine passe ?', 0, '', '2019-04-17 15:25:14', 'QUESTIONNAIRE_MIGRATION_2019', '2019-04-17 15:25:14', 'QUESTIONNAIRE_MIGRATION_2019'),
	(278, 23, 2, 139, 'How would you rate your overall quality of life during the past week?', 0, '', '2019-04-17 15:25:14', 'QUESTIONNAIRE_MIGRATION_2019', '2019-04-17 15:25:14', 'QUESTIONNAIRE_MIGRATION_2019'),
	(279, 33, 1, 140, 'Trs Mauvais', 0, '', '2019-04-17 15:25:14', 'QUESTIONNAIRE_MIGRATION_2019', '2019-04-17 15:25:14', 'QUESTIONNAIRE_MIGRATION_2019'),
	(280, 33, 2, 140, 'Very Poor', 0, '', '2019-04-17 15:25:14', 'QUESTIONNAIRE_MIGRATION_2019', '2019-04-17 15:25:14', 'QUESTIONNAIRE_MIGRATION_2019'),
	(281, 33, 1, 141, 'Excellente', 0, '', '2019-04-17 15:25:14', 'QUESTIONNAIRE_MIGRATION_2019', '2019-04-17 15:25:14', 'QUESTIONNAIRE_MIGRATION_2019'),
	(282, 33, 2, 141, 'Excellent', 0, '', '2019-04-17 15:25:14', 'QUESTIONNAIRE_MIGRATION_2019', '2019-04-17 15:25:14', 'QUESTIONNAIRE_MIGRATION_2019'),
	(283, 23, 1, 142, 'FR_', 0, '', '2019-04-17 15:25:14', 'QUESTIONNAIRE_MIGRATION_2019', '2019-04-17 15:25:14', 'QUESTIONNAIRE_MIGRATION_2019'),
	(284, 23, 2, 142, 'EN_', 0, '', '2019-04-17 15:25:14', 'QUESTIONNAIRE_MIGRATION_2019', '2019-04-17 15:25:14', 'QUESTIONNAIRE_MIGRATION_2019'),
	(285, 23, 1, 143, 'FR_', 0, '', '2019-04-17 15:25:14', 'QUESTIONNAIRE_MIGRATION_2019', '2019-04-17 15:25:14', 'QUESTIONNAIRE_MIGRATION_2019'),
	(286, 23, 2, 143, 'EN_', 0, '', '2019-04-17 15:25:14', 'QUESTIONNAIRE_MIGRATION_2019', '2019-04-17 15:25:14', 'QUESTIONNAIRE_MIGRATION_2019'),
	(287, 23, 1, 144, 'Dans quelle mesure tes-vous satisfait de ce questionnaire?', 0, '', '2019-04-17 15:25:14', 'QUESTIONNAIRE_MIGRATION_2019', '2019-04-17 15:25:14', 'QUESTIONNAIRE_MIGRATION_2019'),
	(288, 23, 2, 144, 'How satisfied are you with this questionnaire?', 0, '', '2019-04-17 15:25:14', 'QUESTIONNAIRE_MIGRATION_2019', '2019-04-17 15:25:14', 'QUESTIONNAIRE_MIGRATION_2019'),
	(289, 33, 1, 145, 'Trs peu Satisfait', 0, '', '2019-04-17 15:25:14', 'QUESTIONNAIRE_MIGRATION_2019', '2019-04-17 15:25:14', 'QUESTIONNAIRE_MIGRATION_2019'),
	(290, 33, 2, 145, 'Not at all satisfied', 0, '', '2019-04-17 15:25:14', 'QUESTIONNAIRE_MIGRATION_2019', '2019-04-17 15:25:14', 'QUESTIONNAIRE_MIGRATION_2019'),
	(291, 33, 1, 146, 'Trs Satisfait', 0, '', '2019-04-17 15:25:14', 'QUESTIONNAIRE_MIGRATION_2019', '2019-04-17 15:25:14', 'QUESTIONNAIRE_MIGRATION_2019'),
	(292, 33, 2, 146, 'Very satisfied', 0, '', '2019-04-17 15:25:14', 'QUESTIONNAIRE_MIGRATION_2019', '2019-04-17 15:25:14', 'QUESTIONNAIRE_MIGRATION_2019'),
	(293, 27, 1, 147, 'Questionnaire d\'valuation de lapplication Opal', 0, '', '2019-04-17 15:25:14', 'QUESTIONNAIRE_MIGRATION_2019', '2019-04-17 15:25:14', 'QUESTIONNAIRE_MIGRATION_2019'),
	(294, 27, 2, 147, 'Opal Feedback Questionnaire', 0, '', '2019-04-17 15:25:14', 'QUESTIONNAIRE_MIGRATION_2019', '2019-04-17 15:25:14', 'QUESTIONNAIRE_MIGRATION_2019'),
	(295, 27, 1, 148, '<p>Ce court questionnaire vous permet de donner votre avis sur vos expriences lors de lutilisation de lapplication Opal. Vos rponses nous aideront  amliorer davantage Opal.<br/></p>', 0, '', '2019-04-17 15:25:14', 'QUESTIONNAIRE_MIGRATION_2019', '2019-04-17 15:25:14', 'QUESTIONNAIRE_MIGRATION_2019'),
	(296, 27, 2, 148, '<p>This short questionnaire allows you to provide feedback about your experiences using Opal. Your responses will help us further improve Opal.</p>', 0, '', '2019-04-17 15:25:14', 'QUESTIONNAIRE_MIGRATION_2019', '2019-04-17 15:25:14', 'QUESTIONNAIRE_MIGRATION_2019'),
	(297, 32, 1, 149, 'FR_', 0, '', '2019-04-17 15:25:14', 'QUESTIONNAIRE_MIGRATION_2019', '2019-04-17 15:25:14', 'QUESTIONNAIRE_MIGRATION_2019'),
	(298, 32, 2, 149, 'EN_', 0, '', '2019-04-17 15:25:14', 'QUESTIONNAIRE_MIGRATION_2019', '2019-04-17 15:25:14', 'QUESTIONNAIRE_MIGRATION_2019'),
	(299, 23, 1, 150, 'FR_', 0, '', '2019-04-17 15:25:14', 'QUESTIONNAIRE_MIGRATION_2019', '2019-04-17 15:25:14', 'QUESTIONNAIRE_MIGRATION_2019'),
	(300, 23, 2, 150, 'EN_', 0, '', '2019-04-17 15:25:14', 'QUESTIONNAIRE_MIGRATION_2019', '2019-04-17 15:25:14', 'QUESTIONNAIRE_MIGRATION_2019'),
	(301, 23, 1, 151, 'FR_', 0, '', '2019-04-17 15:25:14', 'QUESTIONNAIRE_MIGRATION_2019', '2019-04-17 15:25:14', 'QUESTIONNAIRE_MIGRATION_2019'),
	(302, 23, 2, 151, 'EN_', 0, '', '2019-04-17 15:25:14', 'QUESTIONNAIRE_MIGRATION_2019', '2019-04-17 15:25:14', 'QUESTIONNAIRE_MIGRATION_2019'),
	(303, 23, 1, 152, 'Trouvez-vous l\'application Opal utile?', 0, '', '2019-04-17 15:25:14', 'QUESTIONNAIRE_MIGRATION_2019', '2019-04-17 15:25:14', 'QUESTIONNAIRE_MIGRATION_2019'),
	(304, 23, 2, 152, 'How useful is the Opal app?', 0, '', '2019-04-17 15:25:14', 'QUESTIONNAIRE_MIGRATION_2019', '2019-04-17 15:25:14', 'QUESTIONNAIRE_MIGRATION_2019'),
	(305, 33, 1, 153, 'Pas du tout utile', 0, '', '2019-04-17 15:25:14', 'QUESTIONNAIRE_MIGRATION_2019', '2019-04-17 15:25:14', 'QUESTIONNAIRE_MIGRATION_2019'),
	(306, 33, 2, 153, 'Not useful at all', 0, '', '2019-04-17 15:25:14', 'QUESTIONNAIRE_MIGRATION_2019', '2019-04-17 15:25:14', 'QUESTIONNAIRE_MIGRATION_2019'),
	(307, 33, 1, 154, 'Extrmement utile', 0, '', '2019-04-17 15:25:14', 'QUESTIONNAIRE_MIGRATION_2019', '2019-04-17 15:25:14', 'QUESTIONNAIRE_MIGRATION_2019'),
	(308, 33, 2, 154, 'Extremely useful', 0, '', '2019-04-17 15:25:14', 'QUESTIONNAIRE_MIGRATION_2019', '2019-04-17 15:25:14', 'QUESTIONNAIRE_MIGRATION_2019'),
	(309, 23, 1, 155, 'FR_', 0, '', '2019-04-17 15:25:14', 'QUESTIONNAIRE_MIGRATION_2019', '2019-04-17 15:25:14', 'QUESTIONNAIRE_MIGRATION_2019'),
	(310, 23, 2, 155, 'EN_', 0, '', '2019-04-17 15:25:14', 'QUESTIONNAIRE_MIGRATION_2019', '2019-04-17 15:25:14', 'QUESTIONNAIRE_MIGRATION_2019'),
	(311, 23, 1, 156, 'FR_', 0, '', '2019-04-17 15:25:14', 'QUESTIONNAIRE_MIGRATION_2019', '2019-04-17 15:25:14', 'QUESTIONNAIRE_MIGRATION_2019'),
	(312, 23, 2, 156, 'EN_', 0, '', '2019-04-17 15:25:14', 'QUESTIONNAIRE_MIGRATION_2019', '2019-04-17 15:25:14', 'QUESTIONNAIRE_MIGRATION_2019'),
	(313, 23, 1, 157, 'Est-il facile de naviguer dans l\'application Opal pour trouver l\'information que vous cherchez?', 0, '', '2019-04-17 15:25:14', 'QUESTIONNAIRE_MIGRATION_2019', '2019-04-17 15:25:14', 'QUESTIONNAIRE_MIGRATION_2019'),
	(314, 23, 2, 157, 'How easy is it to navigate through the Opal app to find the information that you want?', 0, '', '2019-04-17 15:25:14', 'QUESTIONNAIRE_MIGRATION_2019', '2019-04-17 15:25:14', 'QUESTIONNAIRE_MIGRATION_2019'),
	(315, 33, 1, 158, 'Pas facile du tout', 0, '', '2019-04-17 15:25:14', 'QUESTIONNAIRE_MIGRATION_2019', '2019-04-17 15:25:14', 'QUESTIONNAIRE_MIGRATION_2019'),
	(316, 33, 2, 158, 'Not easy at all', 0, '', '2019-04-17 15:25:14', 'QUESTIONNAIRE_MIGRATION_2019', '2019-04-17 15:25:14', 'QUESTIONNAIRE_MIGRATION_2019'),
	(317, 33, 1, 159, 'Extrmement facile', 0, '', '2019-04-17 15:25:14', 'QUESTIONNAIRE_MIGRATION_2019', '2019-04-17 15:25:14', 'QUESTIONNAIRE_MIGRATION_2019'),
	(318, 33, 2, 159, 'Extremely easy', 0, '', '2019-04-17 15:25:14', 'QUESTIONNAIRE_MIGRATION_2019', '2019-04-17 15:25:14', 'QUESTIONNAIRE_MIGRATION_2019'),
	(319, 23, 1, 160, 'FR_', 0, '', '2019-04-17 15:25:14', 'QUESTIONNAIRE_MIGRATION_2019', '2019-04-17 15:25:14', 'QUESTIONNAIRE_MIGRATION_2019'),
	(320, 23, 2, 160, 'EN_', 0, '', '2019-04-17 15:25:14', 'QUESTIONNAIRE_MIGRATION_2019', '2019-04-17 15:25:14', 'QUESTIONNAIRE_MIGRATION_2019'),
	(321, 23, 1, 161, 'FR_', 0, '', '2019-04-17 15:25:14', 'QUESTIONNAIRE_MIGRATION_2019', '2019-04-17 15:25:14', 'QUESTIONNAIRE_MIGRATION_2019'),
	(322, 23, 2, 161, 'EN_', 0, '', '2019-04-17 15:25:14', 'QUESTIONNAIRE_MIGRATION_2019', '2019-04-17 15:25:14', 'QUESTIONNAIRE_MIGRATION_2019'),
	(323, 23, 1, 162, 'Recommanderiez-vous l\'application Opal  un autre patient atteint de cancer?', 0, '', '2019-04-17 15:25:14', 'QUESTIONNAIRE_MIGRATION_2019', '2019-04-17 15:25:14', 'QUESTIONNAIRE_MIGRATION_2019'),
	(324, 23, 2, 162, 'Would you recommend the Opal app to another cancer patient?', 0, '', '2019-04-17 15:25:14', 'QUESTIONNAIRE_MIGRATION_2019', '2019-04-17 15:25:14', 'QUESTIONNAIRE_MIGRATION_2019'),
	(325, 31, 1, 163, 'Oui', 0, '', '2019-04-17 15:25:14', 'QUESTIONNAIRE_MIGRATION_2019', '2019-04-17 15:25:14', 'QUESTIONNAIRE_MIGRATION_2019'),
	(326, 31, 2, 163, 'Yes', 0, '', '2019-04-17 15:25:14', 'QUESTIONNAIRE_MIGRATION_2019', '2019-04-17 15:25:14', 'QUESTIONNAIRE_MIGRATION_2019'),
	(327, 31, 1, 164, 'Non', 0, '', '2019-04-17 15:25:14', 'QUESTIONNAIRE_MIGRATION_2019', '2019-04-17 15:25:14', 'QUESTIONNAIRE_MIGRATION_2019'),
	(328, 31, 2, 164, 'No', 0, '', '2019-04-17 15:25:14', 'QUESTIONNAIRE_MIGRATION_2019', '2019-04-17 15:25:14', 'QUESTIONNAIRE_MIGRATION_2019'),
	(329, 23, 1, 165, 'FR_', 0, '', '2019-04-17 15:25:14', 'QUESTIONNAIRE_MIGRATION_2019', '2019-04-17 15:25:14', 'QUESTIONNAIRE_MIGRATION_2019'),
	(330, 23, 2, 165, 'EN_', 0, '', '2019-04-17 15:25:14', 'QUESTIONNAIRE_MIGRATION_2019', '2019-04-17 15:25:14', 'QUESTIONNAIRE_MIGRATION_2019'),
	(331, 23, 1, 166, 'FR_', 0, '', '2019-04-17 15:25:14', 'QUESTIONNAIRE_MIGRATION_2019', '2019-04-17 15:25:14', 'QUESTIONNAIRE_MIGRATION_2019'),
	(332, 23, 2, 166, 'EN_', 0, '', '2019-04-17 15:25:14', 'QUESTIONNAIRE_MIGRATION_2019', '2019-04-17 15:25:14', 'QUESTIONNAIRE_MIGRATION_2019'),
	(333, 23, 1, 167, 'Souhaitez-vous que vos aidants, tels que les membres de votre famille, aient accs  certaines de vos informations via une application comme Opal?', 0, '', '2019-04-17 15:25:14', 'QUESTIONNAIRE_MIGRATION_2019', '2019-04-17 15:25:14', 'QUESTIONNAIRE_MIGRATION_2019'),
	(334, 23, 2, 167, 'Would you like your caregiver(s), such as family members, to have access to some of your information via an app like Opal?', 0, '', '2019-04-17 15:25:14', 'QUESTIONNAIRE_MIGRATION_2019', '2019-04-17 15:25:14', 'QUESTIONNAIRE_MIGRATION_2019'),
	(335, 31, 1, 168, 'Oui', 0, '', '2019-04-17 15:25:14', 'QUESTIONNAIRE_MIGRATION_2019', '2019-04-17 15:25:14', 'QUESTIONNAIRE_MIGRATION_2019'),
	(336, 31, 2, 168, 'Yes', 0, '', '2019-04-17 15:25:14', 'QUESTIONNAIRE_MIGRATION_2019', '2019-04-17 15:25:14', 'QUESTIONNAIRE_MIGRATION_2019'),
	(337, 31, 1, 169, 'Non', 0, '', '2019-04-17 15:25:14', 'QUESTIONNAIRE_MIGRATION_2019', '2019-04-17 15:25:14', 'QUESTIONNAIRE_MIGRATION_2019'),
	(338, 31, 2, 169, 'No', 0, '', '2019-04-17 15:25:14', 'QUESTIONNAIRE_MIGRATION_2019', '2019-04-17 15:25:14', 'QUESTIONNAIRE_MIGRATION_2019'),
	(339, 23, 1, 170, 'FR_', 0, '', '2019-04-17 15:25:14', 'QUESTIONNAIRE_MIGRATION_2019', '2019-04-17 15:25:14', 'QUESTIONNAIRE_MIGRATION_2019'),
	(340, 23, 2, 170, 'EN_', 0, '', '2019-04-17 15:25:14', 'QUESTIONNAIRE_MIGRATION_2019', '2019-04-17 15:25:14', 'QUESTIONNAIRE_MIGRATION_2019'),
	(341, 23, 1, 171, 'FR_', 0, '', '2019-04-17 15:25:14', 'QUESTIONNAIRE_MIGRATION_2019', '2019-04-17 15:25:14', 'QUESTIONNAIRE_MIGRATION_2019'),
	(342, 23, 2, 171, 'EN_', 0, '', '2019-04-17 15:25:14', 'QUESTIONNAIRE_MIGRATION_2019', '2019-04-17 15:25:14', 'QUESTIONNAIRE_MIGRATION_2019'),
	(343, 23, 1, 172, 'Veuillez slectionner toutes les fonctionnalits dOpal que vous trouvez utiles.', 0, '', '2019-04-17 15:25:14', 'QUESTIONNAIRE_MIGRATION_2019', '2019-04-17 15:25:14', 'QUESTIONNAIRE_MIGRATION_2019'),
	(344, 23, 2, 172, 'Please select all the features that you find useful.', 0, '', '2019-04-17 15:25:14', 'QUESTIONNAIRE_MIGRATION_2019', '2019-04-17 15:25:14', 'QUESTIONNAIRE_MIGRATION_2019'),
	(345, 31, 1, 173, 'Calendrier / liste des rendez-vous', 0, '', '2019-04-17 15:25:14', 'QUESTIONNAIRE_MIGRATION_2019', '2019-04-17 15:25:14', 'QUESTIONNAIRE_MIGRATION_2019'),
	(346, 31, 2, 173, 'Calendar/list of appointments', 0, '', '2019-04-17 15:25:14', 'QUESTIONNAIRE_MIGRATION_2019', '2019-04-17 15:25:14', 'QUESTIONNAIRE_MIGRATION_2019'),
	(347, 31, 1, 174, 'Enregistrement  vos rendez-vous', 0, '', '2019-04-17 15:25:14', 'QUESTIONNAIRE_MIGRATION_2019', '2019-04-17 15:25:14', 'QUESTIONNAIRE_MIGRATION_2019'),
	(348, 31, 2, 174, 'Checking in for appointments', 0, '', '2019-04-17 15:25:14', 'QUESTIONNAIRE_MIGRATION_2019', '2019-04-17 15:25:14', 'QUESTIONNAIRE_MIGRATION_2019'),
	(349, 31, 1, 175, 'Notes cliniques', 0, '', '2019-04-17 15:25:14', 'QUESTIONNAIRE_MIGRATION_2019', '2019-04-17 15:25:14', 'QUESTIONNAIRE_MIGRATION_2019'),
	(350, 31, 2, 175, 'Clinical notes', 0, '', '2019-04-17 15:25:14', 'QUESTIONNAIRE_MIGRATION_2019', '2019-04-17 15:25:14', 'QUESTIONNAIRE_MIGRATION_2019'),
	(351, 31, 1, 176, 'Matriel pdagogique', 0, '', '2019-04-17 15:25:14', 'QUESTIONNAIRE_MIGRATION_2019', '2019-04-17 15:25:14', 'QUESTIONNAIRE_MIGRATION_2019'),
	(352, 31, 2, 176, 'Educational material', 0, '', '2019-04-17 15:25:14', 'QUESTIONNAIRE_MIGRATION_2019', '2019-04-17 15:25:14', 'QUESTIONNAIRE_MIGRATION_2019'),
	(353, 31, 1, 177, 'Rsultats de laboratoire', 0, '', '2019-04-17 15:25:14', 'QUESTIONNAIRE_MIGRATION_2019', '2019-04-17 15:25:14', 'QUESTIONNAIRE_MIGRATION_2019'),
	(354, 31, 2, 177, 'Lab results', 0, '', '2019-04-17 15:25:14', 'QUESTIONNAIRE_MIGRATION_2019', '2019-04-17 15:25:14', 'QUESTIONNAIRE_MIGRATION_2019'),
	(355, 31, 1, 178, 'Les contacts de mon quipe soignante', 0, '', '2019-04-17 15:25:14', 'QUESTIONNAIRE_MIGRATION_2019', '2019-04-17 15:25:14', 'QUESTIONNAIRE_MIGRATION_2019'),
	(356, 31, 2, 178, 'My treating team contacts', 0, '', '2019-04-17 15:25:14', 'QUESTIONNAIRE_MIGRATION_2019', '2019-04-17 15:25:14', 'QUESTIONNAIRE_MIGRATION_2019'),
	(357, 31, 1, 179, 'Notifications', 0, '', '2019-04-17 15:25:14', 'QUESTIONNAIRE_MIGRATION_2019', '2019-04-17 15:25:14', 'QUESTIONNAIRE_MIGRATION_2019'),
	(358, 31, 2, 179, 'Notifications', 0, '', '2019-04-17 15:25:14', 'QUESTIONNAIRE_MIGRATION_2019', '2019-04-17 15:25:14', 'QUESTIONNAIRE_MIGRATION_2019'),
	(359, 31, 1, 180, 'Informations par rapport au stationnement', 0, '', '2019-04-17 15:25:14', 'QUESTIONNAIRE_MIGRATION_2019', '2019-04-17 15:25:14', 'QUESTIONNAIRE_MIGRATION_2019'),
	(360, 31, 2, 180, 'Parking information', 0, '', '2019-04-17 15:25:14', 'QUESTIONNAIRE_MIGRATION_2019', '2019-04-17 15:25:14', 'QUESTIONNAIRE_MIGRATION_2019'),
	(361, 31, 1, 181, 'Le module Patients pour les patients', 0, '', '2019-04-17 15:25:14', 'QUESTIONNAIRE_MIGRATION_2019', '2019-04-17 15:25:14', 'QUESTIONNAIRE_MIGRATION_2019'),
	(362, 31, 2, 181, 'Patients for Patients', 0, '', '2019-04-17 15:25:14', 'QUESTIONNAIRE_MIGRATION_2019', '2019-04-17 15:25:14', 'QUESTIONNAIRE_MIGRATION_2019'),
	(363, 31, 1, 182, 'Questionnaires', 0, '', '2019-04-17 15:25:14', 'QUESTIONNAIRE_MIGRATION_2019', '2019-04-17 15:25:14', 'QUESTIONNAIRE_MIGRATION_2019'),
	(364, 31, 2, 182, 'Questionnaires', 0, '', '2019-04-17 15:25:14', 'QUESTIONNAIRE_MIGRATION_2019', '2019-04-17 15:25:14', 'QUESTIONNAIRE_MIGRATION_2019'),
	(365, 31, 1, 183, 'Paramtres (tel que la langue ou la taille de la police, etc)', 0, '', '2019-04-17 15:25:14', 'QUESTIONNAIRE_MIGRATION_2019', '2019-04-17 15:25:14', 'QUESTIONNAIRE_MIGRATION_2019'),
	(366, 31, 2, 183, 'Settings (i.e. language, font size)', 0, '', '2019-04-17 15:25:14', 'QUESTIONNAIRE_MIGRATION_2019', '2019-04-17 15:25:14', 'QUESTIONNAIRE_MIGRATION_2019'),
	(367, 31, 1, 184, 'Planification du traitement', 0, '', '2019-04-17 15:25:14', 'QUESTIONNAIRE_MIGRATION_2019', '2019-04-17 15:25:14', 'QUESTIONNAIRE_MIGRATION_2019'),
	(368, 31, 2, 184, 'Treatment planning', 0, '', '2019-04-17 15:25:14', 'QUESTIONNAIRE_MIGRATION_2019', '2019-04-17 15:25:14', 'QUESTIONNAIRE_MIGRATION_2019'),
	(369, 31, 1, 185, 'Messages de lquipe traitante', 0, '', '2019-04-17 15:25:14', 'QUESTIONNAIRE_MIGRATION_2019', '2019-04-17 15:25:14', 'QUESTIONNAIRE_MIGRATION_2019'),
	(370, 31, 2, 185, 'Treating team messages', 0, '', '2019-04-17 15:25:14', 'QUESTIONNAIRE_MIGRATION_2019', '2019-04-17 15:25:14', 'QUESTIONNAIRE_MIGRATION_2019'),
	(371, 31, 1, 186, 'Aucune des rponses ci-dessus', 0, '', '2019-04-17 15:25:14', 'QUESTIONNAIRE_MIGRATION_2019', '2019-04-17 15:25:14', 'QUESTIONNAIRE_MIGRATION_2019'),
	(372, 31, 2, 186, 'None of the Above', 0, '', '2019-04-17 15:25:14', 'QUESTIONNAIRE_MIGRATION_2019', '2019-04-17 15:25:14', 'QUESTIONNAIRE_MIGRATION_2019'),
	(373, 23, 1, 187, 'FR_', 0, '', '2019-04-17 15:25:14', 'QUESTIONNAIRE_MIGRATION_2019', '2019-04-17 15:25:14', 'QUESTIONNAIRE_MIGRATION_2019'),
	(374, 23, 2, 187, 'EN_', 0, '', '2019-04-17 15:25:14', 'QUESTIONNAIRE_MIGRATION_2019', '2019-04-17 15:25:14', 'QUESTIONNAIRE_MIGRATION_2019'),
	(375, 23, 1, 188, 'FR_', 0, '', '2019-04-17 15:25:14', 'QUESTIONNAIRE_MIGRATION_2019', '2019-04-17 15:25:14', 'QUESTIONNAIRE_MIGRATION_2019'),
	(376, 23, 2, 188, 'EN_', 0, '', '2019-04-17 15:25:14', 'QUESTIONNAIRE_MIGRATION_2019', '2019-04-17 15:25:14', 'QUESTIONNAIRE_MIGRATION_2019'),
	(377, 23, 1, 189, 'Quelle caractristique d\'Opal trouvez-vous la plus utile? (slectionnez une caractristique)', 0, '', '2019-04-17 15:25:14', 'QUESTIONNAIRE_MIGRATION_2019', '2019-04-17 15:25:14', 'QUESTIONNAIRE_MIGRATION_2019'),
	(378, 23, 2, 189, 'Which feature of Opal do you find most useful? (select one feature)', 0, '', '2019-04-17 15:25:14', 'QUESTIONNAIRE_MIGRATION_2019', '2019-04-17 15:25:14', 'QUESTIONNAIRE_MIGRATION_2019'),
	(379, 12, 1, 190, 'Calendrier / liste des rendez-vous', 0, '', '2019-04-17 15:25:14', 'QUESTIONNAIRE_MIGRATION_2019', '2019-04-17 15:25:14', 'QUESTIONNAIRE_MIGRATION_2019'),
	(380, 12, 2, 190, 'Calendar/list of appointments', 0, '', '2019-04-17 15:25:14', 'QUESTIONNAIRE_MIGRATION_2019', '2019-04-17 15:25:14', 'QUESTIONNAIRE_MIGRATION_2019'),
	(381, 12, 1, 191, 'Enregistrement  vos rendez-vous', 0, '', '2019-04-17 15:25:14', 'QUESTIONNAIRE_MIGRATION_2019', '2019-04-17 15:25:14', 'QUESTIONNAIRE_MIGRATION_2019'),
	(382, 12, 2, 191, 'Checking in for appointments', 0, '', '2019-04-17 15:25:14', 'QUESTIONNAIRE_MIGRATION_2019', '2019-04-17 15:25:14', 'QUESTIONNAIRE_MIGRATION_2019'),
	(383, 12, 1, 192, 'Notes cliniques', 0, '', '2019-04-17 15:25:14', 'QUESTIONNAIRE_MIGRATION_2019', '2019-04-17 15:25:14', 'QUESTIONNAIRE_MIGRATION_2019'),
	(384, 12, 2, 192, 'Clinical notes', 0, '', '2019-04-17 15:25:14', 'QUESTIONNAIRE_MIGRATION_2019', '2019-04-17 15:25:14', 'QUESTIONNAIRE_MIGRATION_2019'),
	(385, 12, 1, 193, 'Matriel pdagogique', 0, '', '2019-04-17 15:25:14', 'QUESTIONNAIRE_MIGRATION_2019', '2019-04-17 15:25:14', 'QUESTIONNAIRE_MIGRATION_2019'),
	(386, 12, 2, 193, 'Educational material', 0, '', '2019-04-17 15:25:14', 'QUESTIONNAIRE_MIGRATION_2019', '2019-04-17 15:25:14', 'QUESTIONNAIRE_MIGRATION_2019'),
	(387, 12, 1, 194, 'Rsultats de laboratoire', 0, '', '2019-04-17 15:25:14', 'QUESTIONNAIRE_MIGRATION_2019', '2019-04-17 15:25:14', 'QUESTIONNAIRE_MIGRATION_2019'),
	(388, 12, 2, 194, 'Lab results', 0, '', '2019-04-17 15:25:14', 'QUESTIONNAIRE_MIGRATION_2019', '2019-04-17 15:25:14', 'QUESTIONNAIRE_MIGRATION_2019'),
	(389, 12, 1, 195, 'Les contacts de mon quipe soignante', 0, '', '2019-04-17 15:25:14', 'QUESTIONNAIRE_MIGRATION_2019', '2019-04-17 15:25:14', 'QUESTIONNAIRE_MIGRATION_2019'),
	(390, 12, 2, 195, 'My treating team contacts', 0, '', '2019-04-17 15:25:14', 'QUESTIONNAIRE_MIGRATION_2019', '2019-04-17 15:25:14', 'QUESTIONNAIRE_MIGRATION_2019'),
	(391, 12, 1, 196, 'Notifications', 0, '', '2019-04-17 15:25:14', 'QUESTIONNAIRE_MIGRATION_2019', '2019-04-17 15:25:14', 'QUESTIONNAIRE_MIGRATION_2019'),
	(392, 12, 2, 196, 'Notifications', 0, '', '2019-04-17 15:25:14', 'QUESTIONNAIRE_MIGRATION_2019', '2019-04-17 15:25:14', 'QUESTIONNAIRE_MIGRATION_2019'),
	(393, 12, 1, 197, 'Informations par rapport au stationnement', 0, '', '2019-04-17 15:25:14', 'QUESTIONNAIRE_MIGRATION_2019', '2019-04-17 15:25:14', 'QUESTIONNAIRE_MIGRATION_2019'),
	(394, 12, 2, 197, 'Parking information', 0, '', '2019-04-17 15:25:14', 'QUESTIONNAIRE_MIGRATION_2019', '2019-04-17 15:25:14', 'QUESTIONNAIRE_MIGRATION_2019'),
	(395, 12, 1, 198, 'Le module Patients pour les patients', 0, '', '2019-04-17 15:25:14', 'QUESTIONNAIRE_MIGRATION_2019', '2019-04-17 15:25:14', 'QUESTIONNAIRE_MIGRATION_2019'),
	(396, 12, 2, 198, 'Patients for Patients', 0, '', '2019-04-17 15:25:14', 'QUESTIONNAIRE_MIGRATION_2019', '2019-04-17 15:25:14', 'QUESTIONNAIRE_MIGRATION_2019'),
	(397, 12, 1, 199, 'Questionnaires', 0, '', '2019-04-17 15:25:14', 'QUESTIONNAIRE_MIGRATION_2019', '2019-04-17 15:25:14', 'QUESTIONNAIRE_MIGRATION_2019'),
	(398, 12, 2, 199, 'Questionnaires', 0, '', '2019-04-17 15:25:14', 'QUESTIONNAIRE_MIGRATION_2019', '2019-04-17 15:25:14', 'QUESTIONNAIRE_MIGRATION_2019'),
	(399, 12, 1, 200, 'Paramtres (tel que la langue ou la taille de la police, etc)', 0, '', '2019-04-17 15:25:14', 'QUESTIONNAIRE_MIGRATION_2019', '2019-04-17 15:25:14', 'QUESTIONNAIRE_MIGRATION_2019'),
	(400, 12, 2, 200, 'Settings (i.e. language, font size)', 0, '', '2019-04-17 15:25:14', 'QUESTIONNAIRE_MIGRATION_2019', '2019-04-17 15:25:14', 'QUESTIONNAIRE_MIGRATION_2019'),
	(401, 12, 1, 201, 'Planification du traitement', 0, '', '2019-04-17 15:25:14', 'QUESTIONNAIRE_MIGRATION_2019', '2019-04-17 15:25:14', 'QUESTIONNAIRE_MIGRATION_2019'),
	(402, 12, 2, 201, 'Treatment planning', 0, '', '2019-04-17 15:25:14', 'QUESTIONNAIRE_MIGRATION_2019', '2019-04-17 15:25:14', 'QUESTIONNAIRE_MIGRATION_2019'),
	(403, 12, 1, 202, 'Messages de lquipe traitante', 0, '', '2019-04-17 15:25:15', 'QUESTIONNAIRE_MIGRATION_2019', '2019-04-17 15:25:15', 'QUESTIONNAIRE_MIGRATION_2019'),
	(404, 12, 2, 202, 'Treating team messages', 0, '', '2019-04-17 15:25:15', 'QUESTIONNAIRE_MIGRATION_2019', '2019-04-17 15:25:15', 'QUESTIONNAIRE_MIGRATION_2019'),
	(405, 12, 1, 203, 'Aucune des rponses ci-dessus', 0, '', '2019-04-17 15:25:15', 'QUESTIONNAIRE_MIGRATION_2019', '2019-04-17 15:25:15', 'QUESTIONNAIRE_MIGRATION_2019'),
	(406, 12, 2, 203, 'None of the Above', 0, '', '2019-04-17 15:25:15', 'QUESTIONNAIRE_MIGRATION_2019', '2019-04-17 15:25:15', 'QUESTIONNAIRE_MIGRATION_2019'),
	(407, 23, 1, 204, 'FR_', 0, '', '2019-04-17 15:25:15', 'QUESTIONNAIRE_MIGRATION_2019', '2019-04-17 15:25:15', 'QUESTIONNAIRE_MIGRATION_2019'),
	(408, 23, 2, 204, 'EN_', 0, '', '2019-04-17 15:25:15', 'QUESTIONNAIRE_MIGRATION_2019', '2019-04-17 15:25:15', 'QUESTIONNAIRE_MIGRATION_2019'),
	(409, 23, 1, 205, 'FR_', 0, '', '2019-04-17 15:25:15', 'QUESTIONNAIRE_MIGRATION_2019', '2019-04-17 15:25:15', 'QUESTIONNAIRE_MIGRATION_2019'),
	(410, 23, 2, 205, 'EN_', 0, '', '2019-04-17 15:25:15', 'QUESTIONNAIRE_MIGRATION_2019', '2019-04-17 15:25:15', 'QUESTIONNAIRE_MIGRATION_2019'),
	(411, 23, 1, 206, 'Avez-vous des commentaires sur l\'application Opal? Ceux-ci peuvent tre des commentaires sur ce que vous aimez, ou des suggestions sur ce qui pourrait tre ajout ou amlior.', 0, '', '2019-04-17 15:25:15', 'QUESTIONNAIRE_MIGRATION_2019', '2019-04-17 15:25:15', 'QUESTIONNAIRE_MIGRATION_2019'),
	(412, 23, 2, 206, 'Please enter any comments you have about the Opal app.  These can be comments about what you like, or suggestions about what could be added or improved.', 0, '', '2019-04-17 15:25:15', 'QUESTIONNAIRE_MIGRATION_2019', '2019-04-17 15:25:15', 'QUESTIONNAIRE_MIGRATION_2019'),
	(413, 27, 1, 207, 'Acceptabilit du le patient', 0, '', '2019-04-17 15:25:15', 'QUESTIONNAIRE_MIGRATION_2019', '2019-04-17 15:25:15', 'QUESTIONNAIRE_MIGRATION_2019'),
	(414, 27, 2, 207, 'Patient Acceptability', 0, '', '2019-04-17 15:25:15', 'QUESTIONNAIRE_MIGRATION_2019', '2019-04-17 15:25:15', 'QUESTIONNAIRE_MIGRATION_2019'),
	(415, 27, 1, 208, '<p>N/A</p>', 0, '', '2019-04-17 15:25:15', 'QUESTIONNAIRE_MIGRATION_2019', '2019-04-17 15:25:15', 'QUESTIONNAIRE_MIGRATION_2019'),
	(416, 27, 2, 208, '<p>N/A</p>', 0, '', '2019-04-17 15:25:15', 'QUESTIONNAIRE_MIGRATION_2019', '2019-04-17 15:25:15', 'QUESTIONNAIRE_MIGRATION_2019'),
	(417, 32, 1, 209, 'FR_', 0, '', '2019-04-17 15:25:15', 'QUESTIONNAIRE_MIGRATION_2019', '2019-04-17 15:25:15', 'QUESTIONNAIRE_MIGRATION_2019'),
	(418, 32, 2, 209, 'EN_', 0, '', '2019-04-17 15:25:15', 'QUESTIONNAIRE_MIGRATION_2019', '2019-04-17 15:25:15', 'QUESTIONNAIRE_MIGRATION_2019'),
	(419, 23, 1, 210, 'FR_', 0, '', '2019-04-17 15:25:15', 'QUESTIONNAIRE_MIGRATION_2019', '2019-04-17 15:25:15', 'QUESTIONNAIRE_MIGRATION_2019'),
	(420, 23, 2, 210, 'EN_', 0, '', '2019-04-17 15:25:15', 'QUESTIONNAIRE_MIGRATION_2019', '2019-04-17 15:25:15', 'QUESTIONNAIRE_MIGRATION_2019'),
	(421, 23, 1, 211, 'FR_', 0, '', '2019-04-17 15:25:15', 'QUESTIONNAIRE_MIGRATION_2019', '2019-04-17 15:25:15', 'QUESTIONNAIRE_MIGRATION_2019'),
	(422, 23, 2, 211, 'EN_', 0, '', '2019-04-17 15:25:15', 'QUESTIONNAIRE_MIGRATION_2019', '2019-04-17 15:25:15', 'QUESTIONNAIRE_MIGRATION_2019'),
	(423, 23, 1, 212, 'tiez-vous confortable  rpondre  ce questionnaire?', 0, '', '2019-04-17 15:25:15', 'QUESTIONNAIRE_MIGRATION_2019', '2019-04-17 15:25:15', 'QUESTIONNAIRE_MIGRATION_2019'),
	(424, 23, 2, 212, 'Were you comfortable to answer this questionnaire?', 0, '', '2019-04-17 15:25:15', 'QUESTIONNAIRE_MIGRATION_2019', '2019-04-17 15:25:15', 'QUESTIONNAIRE_MIGRATION_2019'),
	(425, 12, 1, 213, 'Oui', 0, '', '2019-04-17 15:25:15', 'QUESTIONNAIRE_MIGRATION_2019', '2019-04-17 15:25:15', 'QUESTIONNAIRE_MIGRATION_2019'),
	(426, 12, 2, 213, 'Yes', 0, '', '2019-04-17 15:25:15', 'QUESTIONNAIRE_MIGRATION_2019', '2019-04-17 15:25:15', 'QUESTIONNAIRE_MIGRATION_2019'),
	(427, 12, 1, 214, 'Non', 0, '', '2019-04-17 15:25:15', 'QUESTIONNAIRE_MIGRATION_2019', '2019-04-17 15:25:15', 'QUESTIONNAIRE_MIGRATION_2019'),
	(428, 12, 2, 214, 'No', 0, '', '2019-04-17 15:25:15', 'QUESTIONNAIRE_MIGRATION_2019', '2019-04-17 15:25:15', 'QUESTIONNAIRE_MIGRATION_2019'),
	(429, 12, 1, 215, 'Neutre', 0, '', '2019-04-17 15:25:15', 'QUESTIONNAIRE_MIGRATION_2019', '2019-04-17 15:25:15', 'QUESTIONNAIRE_MIGRATION_2019'),
	(430, 12, 2, 215, 'Neutral', 0, '', '2019-04-17 15:25:15', 'QUESTIONNAIRE_MIGRATION_2019', '2019-04-17 15:25:15', 'QUESTIONNAIRE_MIGRATION_2019'),
	(431, 23, 1, 216, 'FR_', 0, '', '2019-04-17 15:25:15', 'QUESTIONNAIRE_MIGRATION_2019', '2019-04-17 15:25:15', 'QUESTIONNAIRE_MIGRATION_2019'),
	(432, 23, 2, 216, 'EN_', 0, '', '2019-04-17 15:25:15', 'QUESTIONNAIRE_MIGRATION_2019', '2019-04-17 15:25:15', 'QUESTIONNAIRE_MIGRATION_2019'),
	(433, 23, 1, 217, 'FR_', 0, '', '2019-04-17 15:25:15', 'QUESTIONNAIRE_MIGRATION_2019', '2019-04-17 15:25:15', 'QUESTIONNAIRE_MIGRATION_2019'),
	(434, 23, 2, 217, 'EN_', 0, '', '2019-04-17 15:25:15', 'QUESTIONNAIRE_MIGRATION_2019', '2019-04-17 15:25:15', 'QUESTIONNAIRE_MIGRATION_2019'),
	(435, 23, 1, 218, 'Avez-vous trouv le fait de remplir ce questionnaire un fardeau?', 0, '', '2019-04-17 15:25:15', 'QUESTIONNAIRE_MIGRATION_2019', '2019-04-17 15:25:15', 'QUESTIONNAIRE_MIGRATION_2019'),
	(436, 23, 2, 218, 'Did you find completing this questionnaire a burden?', 0, '', '2019-04-17 15:25:15', 'QUESTIONNAIRE_MIGRATION_2019', '2019-04-17 15:25:15', 'QUESTIONNAIRE_MIGRATION_2019'),
	(437, 12, 1, 219, 'Oui', 0, '', '2019-04-17 15:25:15', 'QUESTIONNAIRE_MIGRATION_2019', '2019-04-17 15:25:15', 'QUESTIONNAIRE_MIGRATION_2019'),
	(438, 12, 2, 219, 'Yes', 0, '', '2019-04-17 15:25:15', 'QUESTIONNAIRE_MIGRATION_2019', '2019-04-17 15:25:15', 'QUESTIONNAIRE_MIGRATION_2019'),
	(439, 12, 1, 220, 'Non', 0, '', '2019-04-17 15:25:15', 'QUESTIONNAIRE_MIGRATION_2019', '2019-04-17 15:25:15', 'QUESTIONNAIRE_MIGRATION_2019'),
	(440, 12, 2, 220, 'No', 0, '', '2019-04-17 15:25:15', 'QUESTIONNAIRE_MIGRATION_2019', '2019-04-17 15:25:15', 'QUESTIONNAIRE_MIGRATION_2019'),
	(441, 12, 1, 221, 'Neutre', 0, '', '2019-04-17 15:25:15', 'QUESTIONNAIRE_MIGRATION_2019', '2019-04-17 15:25:15', 'QUESTIONNAIRE_MIGRATION_2019'),
	(442, 12, 2, 221, 'Neutral', 0, '', '2019-04-17 15:25:15', 'QUESTIONNAIRE_MIGRATION_2019', '2019-04-17 15:25:15', 'QUESTIONNAIRE_MIGRATION_2019'),
	(443, 23, 1, 222, 'FR_', 0, '', '2019-04-17 15:25:15', 'QUESTIONNAIRE_MIGRATION_2019', '2019-04-17 15:25:15', 'QUESTIONNAIRE_MIGRATION_2019'),
	(444, 23, 2, 222, 'EN_', 0, '', '2019-04-17 15:25:15', 'QUESTIONNAIRE_MIGRATION_2019', '2019-04-17 15:25:15', 'QUESTIONNAIRE_MIGRATION_2019'),
	(445, 23, 1, 223, 'FR_', 0, '', '2019-04-17 15:25:15', 'QUESTIONNAIRE_MIGRATION_2019', '2019-04-17 15:25:15', 'QUESTIONNAIRE_MIGRATION_2019'),
	(446, 23, 2, 223, 'EN_', 0, '', '2019-04-17 15:25:15', 'QUESTIONNAIRE_MIGRATION_2019', '2019-04-17 15:25:15', 'QUESTIONNAIRE_MIGRATION_2019'),
	(447, 23, 1, 224, 'Compliter ce questionnaire tait important pour m\'aider  obtenir de l\'information sur le pronostic de mon cancer en ce moment.', 0, '', '2019-04-17 15:25:15', 'QUESTIONNAIRE_MIGRATION_2019', '2019-04-17 15:25:15', 'QUESTIONNAIRE_MIGRATION_2019'),
	(448, 23, 2, 224, 'Completing this questionnaire was important to help me obtaining information about the prognosis of my cancer now.', 0, '', '2019-04-17 15:25:15', 'QUESTIONNAIRE_MIGRATION_2019', '2019-04-17 15:25:15', 'QUESTIONNAIRE_MIGRATION_2019'),
	(449, 12, 1, 225, 'Oui', 0, '', '2019-04-17 15:25:15', 'QUESTIONNAIRE_MIGRATION_2019', '2019-04-17 15:25:15', 'QUESTIONNAIRE_MIGRATION_2019'),
	(450, 12, 2, 225, 'Yes', 0, '', '2019-04-17 15:25:15', 'QUESTIONNAIRE_MIGRATION_2019', '2019-04-17 15:25:15', 'QUESTIONNAIRE_MIGRATION_2019'),
	(451, 12, 1, 226, 'Non', 0, '', '2019-04-17 15:25:15', 'QUESTIONNAIRE_MIGRATION_2019', '2019-04-17 15:25:15', 'QUESTIONNAIRE_MIGRATION_2019'),
	(452, 12, 2, 226, 'No', 0, '', '2019-04-17 15:25:15', 'QUESTIONNAIRE_MIGRATION_2019', '2019-04-17 15:25:15', 'QUESTIONNAIRE_MIGRATION_2019'),
	(453, 12, 1, 227, 'Neutre', 0, '', '2019-04-17 15:25:15', 'QUESTIONNAIRE_MIGRATION_2019', '2019-04-17 15:25:15', 'QUESTIONNAIRE_MIGRATION_2019'),
	(454, 12, 2, 227, 'Neutral', 0, '', '2019-04-17 15:25:15', 'QUESTIONNAIRE_MIGRATION_2019', '2019-04-17 15:25:15', 'QUESTIONNAIRE_MIGRATION_2019'),
	(455, 27, 1, 228, 'Information sur le diagnostic et pronostic de cancer', 0, '', '2019-04-17 15:25:15', 'QUESTIONNAIRE_MIGRATION_2019', '2019-04-17 15:25:15', 'QUESTIONNAIRE_MIGRATION_2019'),
	(456, 27, 2, 228, 'Information about diagnosis and prognosis of cancer disease', 0, '', '2019-04-17 15:25:15', 'QUESTIONNAIRE_MIGRATION_2019', '2019-04-17 15:25:15', 'QUESTIONNAIRE_MIGRATION_2019'),
	(457, 27, 1, 229, '<p>N/A</p>', 0, '', '2019-04-17 15:25:15', 'QUESTIONNAIRE_MIGRATION_2019', '2019-04-17 15:25:15', 'QUESTIONNAIRE_MIGRATION_2019'),
	(458, 27, 2, 229, '<p>N/A</p>', 0, '', '2019-04-17 15:25:15', 'QUESTIONNAIRE_MIGRATION_2019', '2019-04-17 15:25:15', 'QUESTIONNAIRE_MIGRATION_2019'),
	(459, 32, 1, 230, 'FR_', 0, '', '2019-04-17 15:25:15', 'QUESTIONNAIRE_MIGRATION_2019', '2019-04-17 15:25:15', 'QUESTIONNAIRE_MIGRATION_2019'),
	(460, 32, 2, 230, 'EN_', 0, '', '2019-04-17 15:25:15', 'QUESTIONNAIRE_MIGRATION_2019', '2019-04-17 15:25:15', 'QUESTIONNAIRE_MIGRATION_2019'),
	(461, 23, 1, 231, 'FR_', 0, '', '2019-04-17 15:25:15', 'QUESTIONNAIRE_MIGRATION_2019', '2019-04-17 15:25:15', 'QUESTIONNAIRE_MIGRATION_2019'),
	(462, 23, 2, 231, 'EN_', 0, '', '2019-04-17 15:25:15', 'QUESTIONNAIRE_MIGRATION_2019', '2019-04-17 15:25:15', 'QUESTIONNAIRE_MIGRATION_2019'),
	(463, 23, 1, 232, 'FR_', 0, '', '2019-04-17 15:25:15', 'QUESTIONNAIRE_MIGRATION_2019', '2019-04-17 15:25:15', 'QUESTIONNAIRE_MIGRATION_2019'),
	(464, 23, 2, 232, 'EN_', 0, '', '2019-04-17 15:25:15', 'QUESTIONNAIRE_MIGRATION_2019', '2019-04-17 15:25:15', 'QUESTIONNAIRE_MIGRATION_2019'),
	(465, 23, 1, 233, 'Nous pensons que de vouloir savoir toutes, certaines out aucune des informations  propos de votre maladie est particulier  chaque patient. Les gens font face  leur maladie de manires diffrentes. Certains patients prfrent avoir tous les dtails sur leur maladie, certains prfent avoir une quantit limite d\'information, certains prfrent ne rien savoir ou avoir trs peu d\'information, et certains prfrent que leur famile sache  leur place. Que prfrez-vous?', 0, '', '2019-04-17 15:25:15', 'QUESTIONNAIRE_MIGRATION_2019', '2019-04-17 15:25:15', 'QUESTIONNAIRE_MIGRATION_2019'),
	(466, 23, 2, 233, 'We believe that wanting to know all, some or none of the information about your disease is particular to each patient. People cope with their illness differently. Some patients like to know all of the details about their disease, some prefer limited information, some prefer not to know or to know very little, and some prefer that their family knows on their behalf. What do you prefer?', 0, '', '2019-04-17 15:25:15', 'QUESTIONNAIRE_MIGRATION_2019', '2019-04-17 15:25:15', 'QUESTIONNAIRE_MIGRATION_2019'),
	(467, 12, 1, 234, 'Connaitre tous les dtails', 0, '', '2019-04-17 15:25:15', 'QUESTIONNAIRE_MIGRATION_2019', '2019-04-17 15:25:15', 'QUESTIONNAIRE_MIGRATION_2019'),
	(468, 12, 2, 234, 'To know all the details', 0, '', '2019-04-17 15:25:15', 'QUESTIONNAIRE_MIGRATION_2019', '2019-04-17 15:25:15', 'QUESTIONNAIRE_MIGRATION_2019'),
	(469, 12, 1, 235, 'Quantit limite d\'informations', 0, '', '2019-04-17 15:25:15', 'QUESTIONNAIRE_MIGRATION_2019', '2019-04-17 15:25:15', 'QUESTIONNAIRE_MIGRATION_2019'),
	(470, 12, 2, 235, 'To have limited information', 0, '', '2019-04-17 15:25:15', 'QUESTIONNAIRE_MIGRATION_2019', '2019-04-17 15:25:15', 'QUESTIONNAIRE_MIGRATION_2019'),
	(471, 12, 1, 236, 'Ne rien savoir', 0, '', '2019-04-17 15:25:15', 'QUESTIONNAIRE_MIGRATION_2019', '2019-04-17 15:25:15', 'QUESTIONNAIRE_MIGRATION_2019'),
	(472, 12, 2, 236, 'Not to know', 0, '', '2019-04-17 15:25:15', 'QUESTIONNAIRE_MIGRATION_2019', '2019-04-17 15:25:15', 'QUESTIONNAIRE_MIGRATION_2019'),
	(473, 23, 1, 237, 'FR_', 0, '', '2019-04-17 15:25:15', 'QUESTIONNAIRE_MIGRATION_2019', '2019-04-17 15:25:15', 'QUESTIONNAIRE_MIGRATION_2019'),
	(474, 23, 2, 237, 'EN_', 0, '', '2019-04-17 15:25:15', 'QUESTIONNAIRE_MIGRATION_2019', '2019-04-17 15:25:15', 'QUESTIONNAIRE_MIGRATION_2019'),
	(475, 23, 1, 238, 'FR_', 0, '', '2019-04-17 15:25:15', 'QUESTIONNAIRE_MIGRATION_2019', '2019-04-17 15:25:15', 'QUESTIONNAIRE_MIGRATION_2019'),
	(476, 23, 2, 238, 'EN_', 0, '', '2019-04-17 15:25:15', 'QUESTIONNAIRE_MIGRATION_2019', '2019-04-17 15:25:15', 'QUESTIONNAIRE_MIGRATION_2019'),
	(477, 23, 1, 239, '(pour les patients qui veulent toutes ou certaines informations)<br />Dans quelle(s) rgion(s) se situe votre cancer aujourd\'hui?', 0, '', '2019-04-17 15:25:15', 'QUESTIONNAIRE_MIGRATION_2019', '2019-04-17 15:25:15', 'QUESTIONNAIRE_MIGRATION_2019'),
	(478, 23, 2, 239, '(for patients who wants to know all or limited information)<br />How extensive is your cancer now?', 0, '', '2019-04-17 15:25:15', 'QUESTIONNAIRE_MIGRATION_2019', '2019-04-17 15:25:15', 'QUESTIONNAIRE_MIGRATION_2019'),
	(479, 12, 1, 240, 'Dans l\'organe ou la rgion o il a commenc (stade limit)', 0, '', '2019-04-17 15:25:15', 'QUESTIONNAIRE_MIGRATION_2019', '2019-04-17 15:25:15', 'QUESTIONNAIRE_MIGRATION_2019'),
	(480, 12, 2, 240, 'Localized (only in the organ where it started)', 0, '', '2019-04-17 15:25:15', 'QUESTIONNAIRE_MIGRATION_2019', '2019-04-17 15:25:15', 'QUESTIONNAIRE_MIGRATION_2019'),
	(481, 12, 1, 241, 'Dans d\'autres rgions du corps (stage quatre)', 0, '', '2019-04-17 15:25:15', 'QUESTIONNAIRE_MIGRATION_2019', '2019-04-17 15:25:15', 'QUESTIONNAIRE_MIGRATION_2019'),
	(482, 12, 2, 241, 'Distant spread to other parts of the body (stage four)', 0, '', '2019-04-17 15:25:15', 'QUESTIONNAIRE_MIGRATION_2019', '2019-04-17 15:25:15', 'QUESTIONNAIRE_MIGRATION_2019'),
	(483, 12, 1, 242, 'Je ne sais pas', 0, '', '2019-04-17 15:25:15', 'QUESTIONNAIRE_MIGRATION_2019', '2019-04-17 15:25:15', 'QUESTIONNAIRE_MIGRATION_2019'),
	(484, 12, 2, 242, 'I don\'t know', 0, '', '2019-04-17 15:25:15', 'QUESTIONNAIRE_MIGRATION_2019', '2019-04-17 15:25:15', 'QUESTIONNAIRE_MIGRATION_2019'),
	(485, 23, 1, 243, 'FR_', 0, '', '2019-04-17 15:25:15', 'QUESTIONNAIRE_MIGRATION_2019', '2019-04-17 15:25:15', 'QUESTIONNAIRE_MIGRATION_2019'),
	(486, 23, 2, 243, 'EN_', 0, '', '2019-04-17 15:25:15', 'QUESTIONNAIRE_MIGRATION_2019', '2019-04-17 15:25:15', 'QUESTIONNAIRE_MIGRATION_2019'),
	(487, 23, 1, 244, 'FR_', 0, '', '2019-04-17 15:25:15', 'QUESTIONNAIRE_MIGRATION_2019', '2019-04-17 15:25:15', 'QUESTIONNAIRE_MIGRATION_2019'),
	(488, 23, 2, 244, 'EN_', 0, '', '2019-04-17 15:25:15', 'QUESTIONNAIRE_MIGRATION_2019', '2019-04-17 15:25:15', 'QUESTIONNAIRE_MIGRATION_2019'),
	(489, 23, 1, 245, '(pour les patients qui veulent toutes ou certaines informations)<br />Quel est le but (ou la raison) de votre prochain traitement aujourd\'hui?', 0, '', '2019-04-17 15:25:15', 'QUESTIONNAIRE_MIGRATION_2019', '2019-04-17 15:25:15', 'QUESTIONNAIRE_MIGRATION_2019'),
	(490, 23, 2, 245, '(for patients who wants to know all or limited information)<br />What is the goal (or reason) of the treatment of your cancer now?', 0, '', '2019-04-17 15:25:15', 'QUESTIONNAIRE_MIGRATION_2019', '2019-04-17 15:25:15', 'QUESTIONNAIRE_MIGRATION_2019'),
	(491, 12, 1, 246, 'Gurir ou essayer de gurir mon cacer', 0, '', '2019-04-17 15:25:15', 'QUESTIONNAIRE_MIGRATION_2019', '2019-04-17 15:25:15', 'QUESTIONNAIRE_MIGRATION_2019'),
	(492, 12, 2, 246, 'To cure or try to cure the cancer', 0, '', '2019-04-17 15:25:15', 'QUESTIONNAIRE_MIGRATION_2019', '2019-04-17 15:25:15', 'QUESTIONNAIRE_MIGRATION_2019'),
	(493, 12, 1, 247, 'Aider avec les symptmes, mais pas gurir', 0, '', '2019-04-17 15:25:15', 'QUESTIONNAIRE_MIGRATION_2019', '2019-04-17 15:25:15', 'QUESTIONNAIRE_MIGRATION_2019'),
	(494, 12, 2, 247, 'To help with symptoms, but not to cure', 0, '', '2019-04-17 15:25:15', 'QUESTIONNAIRE_MIGRATION_2019', '2019-04-17 15:25:15', 'QUESTIONNAIRE_MIGRATION_2019'),
	(495, 12, 1, 248, 'Je ne sais pas', 0, '', '2019-04-17 15:25:15', 'QUESTIONNAIRE_MIGRATION_2019', '2019-04-17 15:25:15', 'QUESTIONNAIRE_MIGRATION_2019'),
	(496, 12, 2, 248, 'I don\'t know', 0, '', '2019-04-17 15:25:15', 'QUESTIONNAIRE_MIGRATION_2019', '2019-04-17 15:25:15', 'QUESTIONNAIRE_MIGRATION_2019'),
	(497, 23, 1, 249, 'FR_', 0, '', '2019-04-17 15:25:15', 'QUESTIONNAIRE_MIGRATION_2019', '2019-04-17 15:25:15', 'QUESTIONNAIRE_MIGRATION_2019'),
	(498, 23, 2, 249, 'EN_', 0, '', '2019-04-17 15:25:15', 'QUESTIONNAIRE_MIGRATION_2019', '2019-04-17 15:25:15', 'QUESTIONNAIRE_MIGRATION_2019'),
	(499, 23, 1, 250, 'FR_', 0, '', '2019-04-17 15:25:15', 'QUESTIONNAIRE_MIGRATION_2019', '2019-04-17 15:25:15', 'QUESTIONNAIRE_MIGRATION_2019'),
	(500, 23, 2, 250, 'EN_', 0, '', '2019-04-17 15:25:15', 'QUESTIONNAIRE_MIGRATION_2019', '2019-04-17 15:25:15', 'QUESTIONNAIRE_MIGRATION_2019'),
	(501, 23, 1, 251, '(pour les patients qui veulent toutes ou certaines informations)<br />Pour combien de temps, voire pas du tout, est-ce que votre prochain traitement est susceptible de prolonger votre vie?', 0, '', '2019-04-17 15:25:15', 'QUESTIONNAIRE_MIGRATION_2019', '2019-04-17 15:25:15', 'QUESTIONNAIRE_MIGRATION_2019'),
	(502, 23, 2, 251, '(for patients who wants to know all or limited information)<br />For how long, if at all, is your cancer treatment now going to prolong your life?', 0, '', '2019-04-17 15:25:15', 'QUESTIONNAIRE_MIGRATION_2019', '2019-04-17 15:25:15', 'QUESTIONNAIRE_MIGRATION_2019'),
	(503, 12, 1, 252, 'Moins qu\'une anne', 0, '', '2019-04-17 15:25:15', 'QUESTIONNAIRE_MIGRATION_2019', '2019-04-17 15:25:15', 'QUESTIONNAIRE_MIGRATION_2019'),
	(504, 12, 2, 252, 'It probably will not or weeks-months', 0, '', '2019-04-17 15:25:15', 'QUESTIONNAIRE_MIGRATION_2019', '2019-04-17 15:25:15', 'QUESTIONNAIRE_MIGRATION_2019'),
	(505, 12, 1, 253, 'Plus qu\'une anne', 0, '', '2019-04-17 15:25:15', 'QUESTIONNAIRE_MIGRATION_2019', '2019-04-17 15:25:15', 'QUESTIONNAIRE_MIGRATION_2019'),
	(506, 12, 2, 253, 'Years', 0, '', '2019-04-17 15:25:15', 'QUESTIONNAIRE_MIGRATION_2019', '2019-04-17 15:25:15', 'QUESTIONNAIRE_MIGRATION_2019'),
	(507, 12, 1, 254, 'Je ne sais pas', 0, '', '2019-04-17 15:25:15', 'QUESTIONNAIRE_MIGRATION_2019', '2019-04-17 15:25:15', 'QUESTIONNAIRE_MIGRATION_2019'),
	(508, 12, 2, 254, 'I don\'t know', 0, '', '2019-04-17 15:25:15', 'QUESTIONNAIRE_MIGRATION_2019', '2019-04-17 15:25:15', 'QUESTIONNAIRE_MIGRATION_2019'),
	(509, 23, 1, 255, 'FR_', 0, '', '2019-04-17 15:25:15', 'QUESTIONNAIRE_MIGRATION_2019', '2019-04-17 15:25:15', 'QUESTIONNAIRE_MIGRATION_2019'),
	(510, 23, 2, 255, 'EN_', 0, '', '2019-04-17 15:25:15', 'QUESTIONNAIRE_MIGRATION_2019', '2019-04-17 15:25:15', 'QUESTIONNAIRE_MIGRATION_2019'),
	(511, 23, 1, 256, 'FR_', 0, '', '2019-04-17 15:25:15', 'QUESTIONNAIRE_MIGRATION_2019', '2019-04-17 15:25:15', 'QUESTIONNAIRE_MIGRATION_2019'),
	(512, 23, 2, 256, 'EN_', 0, '', '2019-04-17 15:25:15', 'QUESTIONNAIRE_MIGRATION_2019', '2019-04-17 15:25:15', 'QUESTIONNAIRE_MIGRATION_2019'),
	(513, 23, 1, 257, '(pour les patients qui veulent toutes ou certaines informations)<br />Votre cancer, aujourd\'hui, est considr:', 0, '', '2019-04-17 15:25:15', 'QUESTIONNAIRE_MIGRATION_2019', '2019-04-17 15:25:15', 'QUESTIONNAIRE_MIGRATION_2019'),
	(514, 23, 2, 257, '(for patients who wants to know all or limited information)<br />Your cancer now is considered:', 0, '', '2019-04-17 15:25:15', 'QUESTIONNAIRE_MIGRATION_2019', '2019-04-17 15:25:15', 'QUESTIONNAIRE_MIGRATION_2019'),
	(515, 12, 1, 258, 'Pas curable', 0, '', '2019-04-17 15:25:15', 'QUESTIONNAIRE_MIGRATION_2019', '2019-04-17 15:25:15', 'QUESTIONNAIRE_MIGRATION_2019'),
	(516, 12, 2, 258, 'Not curable', 0, '', '2019-04-17 15:25:15', 'QUESTIONNAIRE_MIGRATION_2019', '2019-04-17 15:25:15', 'QUESTIONNAIRE_MIGRATION_2019'),
	(517, 12, 1, 259, 'Curable', 0, '', '2019-04-17 15:25:15', 'QUESTIONNAIRE_MIGRATION_2019', '2019-04-17 15:25:15', 'QUESTIONNAIRE_MIGRATION_2019'),
	(518, 12, 2, 259, 'Curable', 0, '', '2019-04-17 15:25:15', 'QUESTIONNAIRE_MIGRATION_2019', '2019-04-17 15:25:15', 'QUESTIONNAIRE_MIGRATION_2019'),
	(519, 12, 1, 260, 'Je ne sais pas', 0, '', '2019-04-17 15:25:15', 'QUESTIONNAIRE_MIGRATION_2019', '2019-04-17 15:25:15', 'QUESTIONNAIRE_MIGRATION_2019'),
	(520, 12, 2, 260, 'I don\'t know', 0, '', '2019-04-17 15:25:15', 'QUESTIONNAIRE_MIGRATION_2019', '2019-04-17 15:25:15', 'QUESTIONNAIRE_MIGRATION_2019'),
	(521, 27, 1, 261, 'Portrait de sant', 0, '', '2019-04-17 15:25:15', 'QUESTIONNAIRE_MIGRATION_2019', '2019-04-17 15:25:15', 'QUESTIONNAIRE_MIGRATION_2019'),
	(522, 27, 2, 261, 'Health Snapshot Questionnaire', 0, '', '2019-04-17 15:25:15', 'QUESTIONNAIRE_MIGRATION_2019', '2019-04-17 15:25:15', 'QUESTIONNAIRE_MIGRATION_2019'),
	(523, 27, 1, 262, '<p>N/A</p>', 0, '', '2019-04-17 15:25:15', 'QUESTIONNAIRE_MIGRATION_2019', '2019-04-17 15:25:15', 'QUESTIONNAIRE_MIGRATION_2019'),
	(524, 27, 2, 262, '<p>Please take a moment to complete this questionnaire before you see your physician. The answers you provide will provide your physician with a snapshot of your health and will save time during your appointment.</p><p>If you have any questions or are unsure of an answer, please let your physician know.</p>', 0, '', '2019-04-17 15:25:15', 'QUESTIONNAIRE_MIGRATION_2019', '2019-04-17 15:25:15', 'QUESTIONNAIRE_MIGRATION_2019'),
	(525, 32, 1, 263, 'FR_', 0, '', '2019-04-17 15:25:15', 'QUESTIONNAIRE_MIGRATION_2019', '2019-04-17 15:25:15', 'QUESTIONNAIRE_MIGRATION_2019'),
	(526, 32, 2, 263, 'EN_', 0, '', '2019-04-17 15:25:15', 'QUESTIONNAIRE_MIGRATION_2019', '2019-04-17 15:25:15', 'QUESTIONNAIRE_MIGRATION_2019'),
	(527, 23, 1, 264, 'FR_', 0, '', '2019-04-17 15:25:15', 'QUESTIONNAIRE_MIGRATION_2019', '2019-04-17 15:25:15', 'QUESTIONNAIRE_MIGRATION_2019'),
	(528, 23, 2, 264, 'EN_', 0, '', '2019-04-17 15:25:15', 'QUESTIONNAIRE_MIGRATION_2019', '2019-04-17 15:25:15', 'QUESTIONNAIRE_MIGRATION_2019'),
	(529, 23, 1, 265, 'FR_', 0, '', '2019-04-17 15:25:15', 'QUESTIONNAIRE_MIGRATION_2019', '2019-04-17 15:25:15', 'QUESTIONNAIRE_MIGRATION_2019'),
	(530, 23, 2, 265, 'EN_', 0, '', '2019-04-17 15:25:15', 'QUESTIONNAIRE_MIGRATION_2019', '2019-04-17 15:25:15', 'QUESTIONNAIRE_MIGRATION_2019'),
	(531, 23, 1, 266, 'Avez-vous dj eu une chirurgie?\r\n', 0, '', '2019-04-17 15:25:15', 'QUESTIONNAIRE_MIGRATION_2019', '2019-04-17 15:25:15', 'QUESTIONNAIRE_MIGRATION_2019'),
	(532, 23, 2, 266, 'Have you ever had surgery?', 0, '', '2019-04-17 15:25:15', 'QUESTIONNAIRE_MIGRATION_2019', '2019-04-17 15:25:15', 'QUESTIONNAIRE_MIGRATION_2019'),
	(533, 12, 1, 267, 'Oui\r\n', 0, '', '2019-04-17 15:25:15', 'QUESTIONNAIRE_MIGRATION_2019', '2019-04-17 15:25:15', 'QUESTIONNAIRE_MIGRATION_2019'),
	(534, 12, 2, 267, 'Yes', 0, '', '2019-04-17 15:25:15', 'QUESTIONNAIRE_MIGRATION_2019', '2019-04-17 15:25:15', 'QUESTIONNAIRE_MIGRATION_2019'),
	(535, 12, 1, 268, 'Non\r\n', 0, '', '2019-04-17 15:25:15', 'QUESTIONNAIRE_MIGRATION_2019', '2019-04-17 15:25:15', 'QUESTIONNAIRE_MIGRATION_2019'),
	(536, 12, 2, 268, 'No', 0, '', '2019-04-17 15:25:15', 'QUESTIONNAIRE_MIGRATION_2019', '2019-04-17 15:25:15', 'QUESTIONNAIRE_MIGRATION_2019'),
	(537, 23, 1, 269, 'FR_', 0, '', '2019-04-17 15:25:15', 'QUESTIONNAIRE_MIGRATION_2019', '2019-04-17 15:25:15', 'QUESTIONNAIRE_MIGRATION_2019'),
	(538, 23, 2, 269, 'EN_', 0, '', '2019-04-17 15:25:15', 'QUESTIONNAIRE_MIGRATION_2019', '2019-04-17 15:25:15', 'QUESTIONNAIRE_MIGRATION_2019'),
	(539, 23, 1, 270, 'FR_', 0, '', '2019-04-17 15:25:15', 'QUESTIONNAIRE_MIGRATION_2019', '2019-04-17 15:25:15', 'QUESTIONNAIRE_MIGRATION_2019'),
	(540, 23, 2, 270, 'EN_', 0, '', '2019-04-17 15:25:15', 'QUESTIONNAIRE_MIGRATION_2019', '2019-04-17 15:25:15', 'QUESTIONNAIRE_MIGRATION_2019'),
	(541, 23, 1, 271, 'Si vous avez rpondu oui  la question prcdente, veuillez indiquer le type et la date de chaque chirurgie.', 0, '', '2019-04-17 15:25:15', 'QUESTIONNAIRE_MIGRATION_2019', '2019-04-17 15:25:15', 'QUESTIONNAIRE_MIGRATION_2019'),
	(542, 23, 2, 271, 'If you answered `yes` to the previous question, please list the type and date of each surgery?', 0, '', '2019-04-17 15:25:15', 'QUESTIONNAIRE_MIGRATION_2019', '2019-04-17 15:25:15', 'QUESTIONNAIRE_MIGRATION_2019'),
	(543, 23, 1, 272, 'FR_', 0, '', '2019-04-17 15:25:15', 'QUESTIONNAIRE_MIGRATION_2019', '2019-04-17 15:25:15', 'QUESTIONNAIRE_MIGRATION_2019'),
	(544, 23, 2, 272, 'EN_', 0, '', '2019-04-17 15:25:15', 'QUESTIONNAIRE_MIGRATION_2019', '2019-04-17 15:25:15', 'QUESTIONNAIRE_MIGRATION_2019'),
	(545, 23, 1, 273, 'FR_', 0, '', '2019-04-17 15:25:15', 'QUESTIONNAIRE_MIGRATION_2019', '2019-04-17 15:25:15', 'QUESTIONNAIRE_MIGRATION_2019'),
	(546, 23, 2, 273, 'EN_', 0, '', '2019-04-17 15:25:15', 'QUESTIONNAIRE_MIGRATION_2019', '2019-04-17 15:25:15', 'QUESTIONNAIRE_MIGRATION_2019'),
	(547, 23, 1, 274, 'Souffrez-vous de problmes de sant?', 0, '', '2019-04-17 15:25:15', 'QUESTIONNAIRE_MIGRATION_2019', '2019-04-17 15:25:15', 'QUESTIONNAIRE_MIGRATION_2019'),
	(548, 23, 2, 274, 'Do you suffer from any health problems?', 0, '', '2019-04-17 15:25:15', 'QUESTIONNAIRE_MIGRATION_2019', '2019-04-17 15:25:15', 'QUESTIONNAIRE_MIGRATION_2019'),
	(549, 31, 1, 275, 'Problmes cardiaques\r\n', 0, '', '2019-04-17 15:25:15', 'QUESTIONNAIRE_MIGRATION_2019', '2019-04-17 15:25:15', 'QUESTIONNAIRE_MIGRATION_2019'),
	(550, 31, 2, 275, 'Heart condition', 0, '', '2019-04-17 15:25:15', 'QUESTIONNAIRE_MIGRATION_2019', '2019-04-17 15:25:15', 'QUESTIONNAIRE_MIGRATION_2019'),
	(551, 31, 1, 276, 'Hypertension artrielle\r\n', 0, '', '2019-04-17 15:25:15', 'QUESTIONNAIRE_MIGRATION_2019', '2019-04-17 15:25:15', 'QUESTIONNAIRE_MIGRATION_2019'),
	(552, 31, 2, 276, 'High blood pressure', 0, '', '2019-04-17 15:25:15', 'QUESTIONNAIRE_MIGRATION_2019', '2019-04-17 15:25:15', 'QUESTIONNAIRE_MIGRATION_2019'),
	(553, 31, 1, 277, 'Diabtes\r\n', 0, '', '2019-04-17 15:25:15', 'QUESTIONNAIRE_MIGRATION_2019', '2019-04-17 15:25:15', 'QUESTIONNAIRE_MIGRATION_2019'),
	(554, 31, 2, 277, 'Diabetes', 0, '', '2019-04-17 15:25:15', 'QUESTIONNAIRE_MIGRATION_2019', '2019-04-17 15:25:15', 'QUESTIONNAIRE_MIGRATION_2019'),
	(555, 31, 1, 278, 'Problmes respiratoires', 0, '', '2019-04-17 15:25:15', 'QUESTIONNAIRE_MIGRATION_2019', '2019-04-17 15:25:15', 'QUESTIONNAIRE_MIGRATION_2019'),
	(556, 31, 2, 278, 'Respiratory problems', 0, '', '2019-04-17 15:25:15', 'QUESTIONNAIRE_MIGRATION_2019', '2019-04-17 15:25:15', 'QUESTIONNAIRE_MIGRATION_2019'),
	(557, 31, 1, 279, 'Problmes rnaux\r\n', 0, '', '2019-04-17 15:25:15', 'QUESTIONNAIRE_MIGRATION_2019', '2019-04-17 15:25:15', 'QUESTIONNAIRE_MIGRATION_2019'),
	(558, 31, 2, 279, 'Kidney disorders', 0, '', '2019-04-17 15:25:15', 'QUESTIONNAIRE_MIGRATION_2019', '2019-04-17 15:25:15', 'QUESTIONNAIRE_MIGRATION_2019'),
	(559, 31, 1, 280, 'Arthrite\r\n', 0, '', '2019-04-17 15:25:15', 'QUESTIONNAIRE_MIGRATION_2019', '2019-04-17 15:25:15', 'QUESTIONNAIRE_MIGRATION_2019'),
	(560, 31, 2, 280, 'Arthritis', 0, '', '2019-04-17 15:25:15', 'QUESTIONNAIRE_MIGRATION_2019', '2019-04-17 15:25:15', 'QUESTIONNAIRE_MIGRATION_2019'),
	(561, 31, 1, 281, 'pilepsie\r\n', 0, '', '2019-04-17 15:25:15', 'QUESTIONNAIRE_MIGRATION_2019', '2019-04-17 15:25:15', 'QUESTIONNAIRE_MIGRATION_2019'),
	(562, 31, 2, 281, 'Epilepsy', 0, '', '2019-04-17 15:25:15', 'QUESTIONNAIRE_MIGRATION_2019', '2019-04-17 15:25:15', 'QUESTIONNAIRE_MIGRATION_2019'),
	(563, 31, 1, 282, 'Traitement anticoagulant\r\n', 0, '', '2019-04-17 15:25:15', 'QUESTIONNAIRE_MIGRATION_2019', '2019-04-17 15:25:15', 'QUESTIONNAIRE_MIGRATION_2019'),
	(564, 31, 2, 282, 'Anticoagulant treatment', 0, '', '2019-04-17 15:25:15', 'QUESTIONNAIRE_MIGRATION_2019', '2019-04-17 15:25:15', 'QUESTIONNAIRE_MIGRATION_2019'),
	(565, 31, 1, 283, 'Autres\r\n', 0, '', '2019-04-17 15:25:15', 'QUESTIONNAIRE_MIGRATION_2019', '2019-04-17 15:25:15', 'QUESTIONNAIRE_MIGRATION_2019'),
	(566, 31, 2, 283, 'Other', 0, '', '2019-04-17 15:25:15', 'QUESTIONNAIRE_MIGRATION_2019', '2019-04-17 15:25:15', 'QUESTIONNAIRE_MIGRATION_2019'),
	(567, 31, 1, 284, 'Aucune de ces rponses\r\n', 0, '', '2019-04-17 15:25:15', 'QUESTIONNAIRE_MIGRATION_2019', '2019-04-17 15:25:15', 'QUESTIONNAIRE_MIGRATION_2019'),
	(568, 31, 2, 284, 'None of the Above', 0, '', '2019-04-17 15:25:15', 'QUESTIONNAIRE_MIGRATION_2019', '2019-04-17 15:25:15', 'QUESTIONNAIRE_MIGRATION_2019'),
	(569, 23, 1, 285, 'FR_', 0, '', '2019-04-17 15:25:15', 'QUESTIONNAIRE_MIGRATION_2019', '2019-04-17 15:25:15', 'QUESTIONNAIRE_MIGRATION_2019'),
	(570, 23, 2, 285, 'EN_', 0, '', '2019-04-17 15:25:15', 'QUESTIONNAIRE_MIGRATION_2019', '2019-04-17 15:25:15', 'QUESTIONNAIRE_MIGRATION_2019'),
	(571, 23, 1, 286, 'FR_', 0, '', '2019-04-17 15:25:15', 'QUESTIONNAIRE_MIGRATION_2019', '2019-04-17 15:25:15', 'QUESTIONNAIRE_MIGRATION_2019'),
	(572, 23, 2, 286, 'EN_', 0, '', '2019-04-17 15:25:15', 'QUESTIONNAIRE_MIGRATION_2019', '2019-04-17 15:25:15', 'QUESTIONNAIRE_MIGRATION_2019'),
	(573, 23, 1, 287, 'Si vous avez rpondu Autres  la question prcdente, veuillez numrer tous vos autres problmes de sant.', 0, '', '2019-04-17 15:25:15', 'QUESTIONNAIRE_MIGRATION_2019', '2019-04-17 15:25:15', 'QUESTIONNAIRE_MIGRATION_2019'),
	(574, 23, 2, 287, 'If you answered `other` to the previous question, please list all of your other health problems.', 0, '', '2019-04-17 15:25:15', 'QUESTIONNAIRE_MIGRATION_2019', '2019-04-17 15:25:15', 'QUESTIONNAIRE_MIGRATION_2019'),
	(575, 23, 1, 288, 'FR_', 0, '', '2019-04-17 15:25:15', 'QUESTIONNAIRE_MIGRATION_2019', '2019-04-17 15:25:15', 'QUESTIONNAIRE_MIGRATION_2019'),
	(576, 23, 2, 288, 'EN_', 0, '', '2019-04-17 15:25:15', 'QUESTIONNAIRE_MIGRATION_2019', '2019-04-17 15:25:15', 'QUESTIONNAIRE_MIGRATION_2019'),
	(577, 23, 1, 289, 'FR_', 0, '', '2019-04-17 15:25:15', 'QUESTIONNAIRE_MIGRATION_2019', '2019-04-17 15:25:15', 'QUESTIONNAIRE_MIGRATION_2019'),
	(578, 23, 2, 289, 'EN_', 0, '', '2019-04-17 15:25:15', 'QUESTIONNAIRE_MIGRATION_2019', '2019-04-17 15:25:15', 'QUESTIONNAIRE_MIGRATION_2019'),
	(579, 23, 1, 290, 'Veuillez numrer tous les mdicaments que vous prenez actuellement.\r\n', 0, '', '2019-04-17 15:25:15', 'QUESTIONNAIRE_MIGRATION_2019', '2019-04-17 15:25:15', 'QUESTIONNAIRE_MIGRATION_2019'),
	(580, 23, 2, 290, 'Please list all the medications that you are currently taking.', 0, '', '2019-04-17 15:25:15', 'QUESTIONNAIRE_MIGRATION_2019', '2019-04-17 15:25:15', 'QUESTIONNAIRE_MIGRATION_2019'),
	(581, 23, 1, 291, 'FR_', 0, '', '2019-04-17 15:25:15', 'QUESTIONNAIRE_MIGRATION_2019', '2019-04-17 15:25:15', 'QUESTIONNAIRE_MIGRATION_2019'),
	(582, 23, 2, 291, 'EN_', 0, '', '2019-04-17 15:25:15', 'QUESTIONNAIRE_MIGRATION_2019', '2019-04-17 15:25:15', 'QUESTIONNAIRE_MIGRATION_2019'),
	(583, 23, 1, 292, 'FR_', 0, '', '2019-04-17 15:25:15', 'QUESTIONNAIRE_MIGRATION_2019', '2019-04-17 15:25:15', 'QUESTIONNAIRE_MIGRATION_2019'),
	(584, 23, 2, 292, 'EN_', 0, '', '2019-04-17 15:25:15', 'QUESTIONNAIRE_MIGRATION_2019', '2019-04-17 15:25:15', 'QUESTIONNAIRE_MIGRATION_2019'),
	(585, 23, 1, 293, 'Avez-vous dj reu un traitement de radiothrapie?\r\n', 0, '', '2019-04-17 15:25:15', 'QUESTIONNAIRE_MIGRATION_2019', '2019-04-17 15:25:15', 'QUESTIONNAIRE_MIGRATION_2019'),
	(586, 23, 2, 293, 'Have you ever received radiation treatment(s)?', 0, '', '2019-04-17 15:25:15', 'QUESTIONNAIRE_MIGRATION_2019', '2019-04-17 15:25:15', 'QUESTIONNAIRE_MIGRATION_2019'),
	(587, 12, 1, 294, 'Oui\r\n', 0, '', '2019-04-17 15:25:15', 'QUESTIONNAIRE_MIGRATION_2019', '2019-04-17 15:25:15', 'QUESTIONNAIRE_MIGRATION_2019'),
	(588, 12, 2, 294, 'Yes', 0, '', '2019-04-17 15:25:15', 'QUESTIONNAIRE_MIGRATION_2019', '2019-04-17 15:25:15', 'QUESTIONNAIRE_MIGRATION_2019'),
	(589, 12, 1, 295, 'Non\r\n', 0, '', '2019-04-17 15:25:15', 'QUESTIONNAIRE_MIGRATION_2019', '2019-04-17 15:25:15', 'QUESTIONNAIRE_MIGRATION_2019'),
	(590, 12, 2, 295, 'No', 0, '', '2019-04-17 15:25:15', 'QUESTIONNAIRE_MIGRATION_2019', '2019-04-17 15:25:15', 'QUESTIONNAIRE_MIGRATION_2019'),
	(591, 23, 1, 296, 'FR_', 0, '', '2019-04-17 15:25:15', 'QUESTIONNAIRE_MIGRATION_2019', '2019-04-17 15:25:15', 'QUESTIONNAIRE_MIGRATION_2019'),
	(592, 23, 2, 296, 'EN_', 0, '', '2019-04-17 15:25:15', 'QUESTIONNAIRE_MIGRATION_2019', '2019-04-17 15:25:15', 'QUESTIONNAIRE_MIGRATION_2019'),
	(593, 23, 1, 297, 'FR_', 0, '', '2019-04-17 15:25:15', 'QUESTIONNAIRE_MIGRATION_2019', '2019-04-17 15:25:15', 'QUESTIONNAIRE_MIGRATION_2019'),
	(594, 23, 2, 297, 'EN_', 0, '', '2019-04-17 15:25:15', 'QUESTIONNAIRE_MIGRATION_2019', '2019-04-17 15:25:15', 'QUESTIONNAIRE_MIGRATION_2019'),
	(595, 23, 1, 298, 'Si vous avez rpondu oui  la question prcdente, indiquez (1) quand, (2) dans quel hpital vous avez t trait et (3) la partie du corps qui a t traite par radiation.', 0, '', '2019-04-17 15:25:15', 'QUESTIONNAIRE_MIGRATION_2019', '2019-04-17 15:25:15', 'QUESTIONNAIRE_MIGRATION_2019'),
	(596, 23, 2, 298, 'If you have answered `yes` to the previous question, please state (1) when, (2) in which hospital you were treated, and (3) the body part that was treated with radiation.', 0, '', '2019-04-17 15:25:15', 'QUESTIONNAIRE_MIGRATION_2019', '2019-04-17 15:25:15', 'QUESTIONNAIRE_MIGRATION_2019'),
	(597, 23, 1, 299, 'FR_', 0, '', '2019-04-17 15:25:15', 'QUESTIONNAIRE_MIGRATION_2019', '2019-04-17 15:25:15', 'QUESTIONNAIRE_MIGRATION_2019'),
	(598, 23, 2, 299, 'EN_', 0, '', '2019-04-17 15:25:15', 'QUESTIONNAIRE_MIGRATION_2019', '2019-04-17 15:25:15', 'QUESTIONNAIRE_MIGRATION_2019'),
	(599, 23, 1, 300, 'FR_', 0, '', '2019-04-17 15:25:15', 'QUESTIONNAIRE_MIGRATION_2019', '2019-04-17 15:25:15', 'QUESTIONNAIRE_MIGRATION_2019'),
	(600, 23, 2, 300, 'EN_', 0, '', '2019-04-17 15:25:15', 'QUESTIONNAIRE_MIGRATION_2019', '2019-04-17 15:25:15', 'QUESTIONNAIRE_MIGRATION_2019'),
	(601, 23, 1, 301, 'Avez-vous un stimulateur cardiaque?', 0, '', '2019-04-17 15:25:15', 'QUESTIONNAIRE_MIGRATION_2019', '2019-04-17 15:25:15', 'QUESTIONNAIRE_MIGRATION_2019'),
	(602, 23, 2, 301, 'Do you have a pacemaker?', 0, '', '2019-04-17 15:25:15', 'QUESTIONNAIRE_MIGRATION_2019', '2019-04-17 15:25:15', 'QUESTIONNAIRE_MIGRATION_2019'),
	(603, 12, 1, 302, 'Oui\r\n', 0, '', '2019-04-17 15:25:15', 'QUESTIONNAIRE_MIGRATION_2019', '2019-04-17 15:25:15', 'QUESTIONNAIRE_MIGRATION_2019'),
	(604, 12, 2, 302, 'Yes', 0, '', '2019-04-17 15:25:15', 'QUESTIONNAIRE_MIGRATION_2019', '2019-04-17 15:25:15', 'QUESTIONNAIRE_MIGRATION_2019'),
	(605, 12, 1, 303, 'Non\r\n', 0, '', '2019-04-17 15:25:15', 'QUESTIONNAIRE_MIGRATION_2019', '2019-04-17 15:25:15', 'QUESTIONNAIRE_MIGRATION_2019'),
	(606, 12, 2, 303, 'No', 0, '', '2019-04-17 15:25:15', 'QUESTIONNAIRE_MIGRATION_2019', '2019-04-17 15:25:15', 'QUESTIONNAIRE_MIGRATION_2019'),
	(607, 23, 1, 304, 'FR_', 0, '', '2019-04-17 15:25:15', 'QUESTIONNAIRE_MIGRATION_2019', '2019-04-17 15:25:15', 'QUESTIONNAIRE_MIGRATION_2019'),
	(608, 23, 2, 304, 'EN_', 0, '', '2019-04-17 15:25:15', 'QUESTIONNAIRE_MIGRATION_2019', '2019-04-17 15:25:15', 'QUESTIONNAIRE_MIGRATION_2019'),
	(609, 23, 1, 305, 'FR_', 0, '', '2019-04-17 15:25:15', 'QUESTIONNAIRE_MIGRATION_2019', '2019-04-17 15:25:15', 'QUESTIONNAIRE_MIGRATION_2019'),
	(610, 23, 2, 305, 'EN_', 0, '', '2019-04-17 15:25:15', 'QUESTIONNAIRE_MIGRATION_2019', '2019-04-17 15:25:15', 'QUESTIONNAIRE_MIGRATION_2019'),
	(611, 23, 1, 306, 'Avez-vous des allergies?', 0, '', '2019-04-17 15:25:15', 'QUESTIONNAIRE_MIGRATION_2019', '2019-04-17 15:25:15', 'QUESTIONNAIRE_MIGRATION_2019'),
	(612, 23, 2, 306, 'Do you have any allergies?', 0, '', '2019-04-17 15:25:15', 'QUESTIONNAIRE_MIGRATION_2019', '2019-04-17 15:25:15', 'QUESTIONNAIRE_MIGRATION_2019'),
	(613, 12, 1, 307, 'Oui\r\n', 0, '', '2019-04-17 15:25:15', 'QUESTIONNAIRE_MIGRATION_2019', '2019-04-17 15:25:15', 'QUESTIONNAIRE_MIGRATION_2019'),
	(614, 12, 2, 307, 'Yes', 0, '', '2019-04-17 15:25:15', 'QUESTIONNAIRE_MIGRATION_2019', '2019-04-17 15:25:15', 'QUESTIONNAIRE_MIGRATION_2019'),
	(615, 12, 1, 308, 'Non\r\n', 0, '', '2019-04-17 15:25:15', 'QUESTIONNAIRE_MIGRATION_2019', '2019-04-17 15:25:15', 'QUESTIONNAIRE_MIGRATION_2019'),
	(616, 12, 2, 308, 'No', 0, '', '2019-04-17 15:25:15', 'QUESTIONNAIRE_MIGRATION_2019', '2019-04-17 15:25:15', 'QUESTIONNAIRE_MIGRATION_2019'),
	(617, 23, 1, 309, 'FR_', 0, '', '2019-04-17 15:25:15', 'QUESTIONNAIRE_MIGRATION_2019', '2019-04-17 15:25:15', 'QUESTIONNAIRE_MIGRATION_2019'),
	(618, 23, 2, 309, 'EN_', 0, '', '2019-04-17 15:25:15', 'QUESTIONNAIRE_MIGRATION_2019', '2019-04-17 15:25:15', 'QUESTIONNAIRE_MIGRATION_2019'),
	(619, 23, 1, 310, 'FR_', 0, '', '2019-04-17 15:25:15', 'QUESTIONNAIRE_MIGRATION_2019', '2019-04-17 15:25:15', 'QUESTIONNAIRE_MIGRATION_2019'),
	(620, 23, 2, 310, 'EN_', 0, '', '2019-04-17 15:25:15', 'QUESTIONNAIRE_MIGRATION_2019', '2019-04-17 15:25:15', 'QUESTIONNAIRE_MIGRATION_2019'),
	(621, 23, 1, 311, 'Si vous avez rpondu oui  la question prcdente, veuillez indiquer (1) les mdicaments et les produits auxquels vous tes allergique et (2) les types de ractions que vous prouvez.', 0, '', '2019-04-17 15:25:15', 'QUESTIONNAIRE_MIGRATION_2019', '2019-04-17 15:25:15', 'QUESTIONNAIRE_MIGRATION_2019'),
	(622, 23, 2, 311, 'If you answered `yes` to the previous question, please list (1) the medications and products you are allergic to and (2) the reactions you experience.', 0, '', '2019-04-17 15:25:15', 'QUESTIONNAIRE_MIGRATION_2019', '2019-04-17 15:25:15', 'QUESTIONNAIRE_MIGRATION_2019'),
	(623, 23, 1, 312, 'FR_', 0, '', '2019-04-17 15:25:15', 'QUESTIONNAIRE_MIGRATION_2019', '2019-04-17 15:25:15', 'QUESTIONNAIRE_MIGRATION_2019'),
	(624, 23, 2, 312, 'EN_', 0, '', '2019-04-17 15:25:15', 'QUESTIONNAIRE_MIGRATION_2019', '2019-04-17 15:25:15', 'QUESTIONNAIRE_MIGRATION_2019'),
	(625, 23, 1, 313, 'FR_', 0, '', '2019-04-17 15:25:15', 'QUESTIONNAIRE_MIGRATION_2019', '2019-04-17 15:25:15', 'QUESTIONNAIRE_MIGRATION_2019'),
	(626, 23, 2, 313, 'EN_', 0, '', '2019-04-17 15:25:15', 'QUESTIONNAIRE_MIGRATION_2019', '2019-04-17 15:25:15', 'QUESTIONNAIRE_MIGRATION_2019'),
	(627, 23, 1, 314, 'Est-ce que l\'un de vos proches du premier degr (parents, frres et surs ou enfants) a t atteint du cancer?', 0, '', '2019-04-17 15:25:15', 'QUESTIONNAIRE_MIGRATION_2019', '2019-04-17 15:25:15', 'QUESTIONNAIRE_MIGRATION_2019'),
	(628, 23, 2, 314, 'Have any of your fisrt-degree relatives (parents, siblings or kids) ever been diagnosed with cancer?', 0, '', '2019-04-17 15:25:15', 'QUESTIONNAIRE_MIGRATION_2019', '2019-04-17 15:25:15', 'QUESTIONNAIRE_MIGRATION_2019'),
	(629, 12, 1, 315, 'Oui\r\n', 0, '', '2019-04-17 15:25:15', 'QUESTIONNAIRE_MIGRATION_2019', '2019-04-17 15:25:15', 'QUESTIONNAIRE_MIGRATION_2019'),
	(630, 12, 2, 315, 'Yes', 0, '', '2019-04-17 15:25:15', 'QUESTIONNAIRE_MIGRATION_2019', '2019-04-17 15:25:15', 'QUESTIONNAIRE_MIGRATION_2019'),
	(631, 12, 1, 316, 'Non\r\n', 0, '', '2019-04-17 15:25:15', 'QUESTIONNAIRE_MIGRATION_2019', '2019-04-17 15:25:15', 'QUESTIONNAIRE_MIGRATION_2019'),
	(632, 12, 2, 316, 'No', 0, '', '2019-04-17 15:25:15', 'QUESTIONNAIRE_MIGRATION_2019', '2019-04-17 15:25:15', 'QUESTIONNAIRE_MIGRATION_2019'),
	(633, 12, 1, 317, 'Je ne suis pas au courant\r\n', 0, '', '2019-04-17 15:25:15', 'QUESTIONNAIRE_MIGRATION_2019', '2019-04-17 15:25:15', 'QUESTIONNAIRE_MIGRATION_2019'),
	(634, 12, 2, 317, 'I am not aware', 0, '', '2019-04-17 15:25:15', 'QUESTIONNAIRE_MIGRATION_2019', '2019-04-17 15:25:15', 'QUESTIONNAIRE_MIGRATION_2019'),
	(635, 23, 1, 318, 'FR_', 0, '', '2019-04-17 15:25:15', 'QUESTIONNAIRE_MIGRATION_2019', '2019-04-17 15:25:15', 'QUESTIONNAIRE_MIGRATION_2019'),
	(636, 23, 2, 318, 'EN_', 0, '', '2019-04-17 15:25:15', 'QUESTIONNAIRE_MIGRATION_2019', '2019-04-17 15:25:15', 'QUESTIONNAIRE_MIGRATION_2019'),
	(637, 23, 1, 319, 'FR_', 0, '', '2019-04-17 15:25:15', 'QUESTIONNAIRE_MIGRATION_2019', '2019-04-17 15:25:15', 'QUESTIONNAIRE_MIGRATION_2019'),
	(638, 23, 2, 319, 'EN_', 0, '', '2019-04-17 15:25:15', 'QUESTIONNAIRE_MIGRATION_2019', '2019-04-17 15:25:15', 'QUESTIONNAIRE_MIGRATION_2019'),
	(639, 23, 1, 320, 'Avez-vous dj fum?', 0, '', '2019-04-17 15:25:15', 'QUESTIONNAIRE_MIGRATION_2019', '2019-04-17 15:25:15', 'QUESTIONNAIRE_MIGRATION_2019'),
	(640, 23, 2, 320, 'Have you ever smoked?', 0, '', '2019-04-17 15:25:15', 'QUESTIONNAIRE_MIGRATION_2019', '2019-04-17 15:25:15', 'QUESTIONNAIRE_MIGRATION_2019'),
	(641, 12, 1, 321, 'Je fume prsentement\r\n', 0, '', '2019-04-17 15:25:15', 'QUESTIONNAIRE_MIGRATION_2019', '2019-04-17 15:25:15', 'QUESTIONNAIRE_MIGRATION_2019'),
	(642, 12, 2, 321, 'I currently smoke', 0, '', '2019-04-17 15:25:15', 'QUESTIONNAIRE_MIGRATION_2019', '2019-04-17 15:25:15', 'QUESTIONNAIRE_MIGRATION_2019'),
	(643, 12, 1, 322, 'Je fumais autrefois\r\n', 0, '', '2019-04-17 15:25:15', 'QUESTIONNAIRE_MIGRATION_2019', '2019-04-17 15:25:15', 'QUESTIONNAIRE_MIGRATION_2019'),
	(644, 12, 2, 322, 'I used to smoke', 0, '', '2019-04-17 15:25:15', 'QUESTIONNAIRE_MIGRATION_2019', '2019-04-17 15:25:15', 'QUESTIONNAIRE_MIGRATION_2019'),
	(645, 12, 1, 323, 'Non\r\n', 0, '', '2019-04-17 15:25:15', 'QUESTIONNAIRE_MIGRATION_2019', '2019-04-17 15:25:15', 'QUESTIONNAIRE_MIGRATION_2019'),
	(646, 12, 2, 323, 'No', 0, '', '2019-04-17 15:25:15', 'QUESTIONNAIRE_MIGRATION_2019', '2019-04-17 15:25:15', 'QUESTIONNAIRE_MIGRATION_2019'),
	(647, 23, 1, 324, 'FR_', 0, '', '2019-04-17 15:25:15', 'QUESTIONNAIRE_MIGRATION_2019', '2019-04-17 15:25:15', 'QUESTIONNAIRE_MIGRATION_2019'),
	(648, 23, 2, 324, 'EN_', 0, '', '2019-04-17 15:25:15', 'QUESTIONNAIRE_MIGRATION_2019', '2019-04-17 15:25:15', 'QUESTIONNAIRE_MIGRATION_2019'),
	(649, 23, 1, 325, 'FR_', 0, '', '2019-04-17 15:25:15', 'QUESTIONNAIRE_MIGRATION_2019', '2019-04-17 15:25:15', 'QUESTIONNAIRE_MIGRATION_2019'),
	(650, 23, 2, 325, 'EN_', 0, '', '2019-04-17 15:25:15', 'QUESTIONNAIRE_MIGRATION_2019', '2019-04-17 15:25:15', 'QUESTIONNAIRE_MIGRATION_2019'),
	(651, 23, 1, 326, 'Si vous avez rpondu Je fume actuellement  la question prcdente, combien de cigarettes fumez-vous par jour? Depuis combien d\'annes fumez-vous?', 0, '', '2019-04-17 15:25:15', 'QUESTIONNAIRE_MIGRATION_2019', '2019-04-17 15:25:15', 'QUESTIONNAIRE_MIGRATION_2019'),
	(652, 23, 2, 326, 'If you answered `I currently smoke` to the previous question, how many cigarettes do you smoke per day? For how many years have you been smoking?', 0, '', '2019-04-17 15:25:15', 'QUESTIONNAIRE_MIGRATION_2019', '2019-04-17 15:25:15', 'QUESTIONNAIRE_MIGRATION_2019'),
	(653, 23, 1, 327, 'FR_', 0, '', '2019-04-17 15:25:15', 'QUESTIONNAIRE_MIGRATION_2019', '2019-04-17 15:25:15', 'QUESTIONNAIRE_MIGRATION_2019'),
	(654, 23, 2, 327, 'EN_', 0, '', '2019-04-17 15:25:15', 'QUESTIONNAIRE_MIGRATION_2019', '2019-04-17 15:25:15', 'QUESTIONNAIRE_MIGRATION_2019'),
	(655, 23, 1, 328, 'FR_', 0, '', '2019-04-17 15:25:15', 'QUESTIONNAIRE_MIGRATION_2019', '2019-04-17 15:25:15', 'QUESTIONNAIRE_MIGRATION_2019'),
	(656, 23, 2, 328, 'EN_', 0, '', '2019-04-17 15:25:15', 'QUESTIONNAIRE_MIGRATION_2019', '2019-04-17 15:25:15', 'QUESTIONNAIRE_MIGRATION_2019'),
	(657, 23, 1, 329, 'Si vous avez rpondu Je fumais autrefois  la question 12, combien de cigarettes fumiez-vous par jour? Pendant combien d\'annes avait-vous fum ? Quand avez-vous arrt?', 0, '', '2019-04-17 15:25:15', 'QUESTIONNAIRE_MIGRATION_2019', '2019-04-17 15:25:15', 'QUESTIONNAIRE_MIGRATION_2019'),
	(658, 23, 2, 329, 'If you answered `I used to smoke` to question 12, how many cigarettes did you somke per day? For how many years have you been smoking? When did you stop?', 0, '', '2019-04-17 15:25:15', 'QUESTIONNAIRE_MIGRATION_2019', '2019-04-17 15:25:15', 'QUESTIONNAIRE_MIGRATION_2019'),
	(659, 23, 1, 330, 'FR_', 0, '', '2019-04-17 15:25:15', 'QUESTIONNAIRE_MIGRATION_2019', '2019-04-17 15:25:15', 'QUESTIONNAIRE_MIGRATION_2019'),
	(660, 23, 2, 330, 'EN_', 0, '', '2019-04-17 15:25:15', 'QUESTIONNAIRE_MIGRATION_2019', '2019-04-17 15:25:15', 'QUESTIONNAIRE_MIGRATION_2019'),
	(661, 23, 1, 331, 'FR_', 0, '', '2019-04-17 15:25:15', 'QUESTIONNAIRE_MIGRATION_2019', '2019-04-17 15:25:15', 'QUESTIONNAIRE_MIGRATION_2019'),
	(662, 23, 2, 331, 'EN_', 0, '', '2019-04-17 15:25:15', 'QUESTIONNAIRE_MIGRATION_2019', '2019-04-17 15:25:15', 'QUESTIONNAIRE_MIGRATION_2019'),
	(663, 23, 1, 332, 'Consommez-vous de l\'alcool?', 0, '', '2019-04-17 15:25:15', 'QUESTIONNAIRE_MIGRATION_2019', '2019-04-17 15:25:15', 'QUESTIONNAIRE_MIGRATION_2019'),
	(664, 23, 2, 332, 'Do you consume alcohol?', 0, '', '2019-04-17 15:25:15', 'QUESTIONNAIRE_MIGRATION_2019', '2019-04-17 15:25:15', 'QUESTIONNAIRE_MIGRATION_2019'),
	(665, 12, 1, 333, 'Oui\r\n', 0, '', '2019-04-17 15:25:15', 'QUESTIONNAIRE_MIGRATION_2019', '2019-04-17 15:25:15', 'QUESTIONNAIRE_MIGRATION_2019'),
	(666, 12, 2, 333, 'Yes', 0, '', '2019-04-17 15:25:15', 'QUESTIONNAIRE_MIGRATION_2019', '2019-04-17 15:25:15', 'QUESTIONNAIRE_MIGRATION_2019'),
	(667, 12, 1, 334, 'Non\r\n', 0, '', '2019-04-17 15:25:15', 'QUESTIONNAIRE_MIGRATION_2019', '2019-04-17 15:25:15', 'QUESTIONNAIRE_MIGRATION_2019'),
	(668, 12, 2, 334, 'No', 0, '', '2019-04-17 15:25:15', 'QUESTIONNAIRE_MIGRATION_2019', '2019-04-17 15:25:15', 'QUESTIONNAIRE_MIGRATION_2019'),
	(669, 23, 1, 335, 'FR_', 0, '', '2019-04-17 15:25:15', 'QUESTIONNAIRE_MIGRATION_2019', '2019-04-17 15:25:15', 'QUESTIONNAIRE_MIGRATION_2019'),
	(670, 23, 2, 335, 'EN_', 0, '', '2019-04-17 15:25:15', 'QUESTIONNAIRE_MIGRATION_2019', '2019-04-17 15:25:15', 'QUESTIONNAIRE_MIGRATION_2019'),
	(671, 23, 1, 336, 'FR_', 0, '', '2019-04-17 15:25:15', 'QUESTIONNAIRE_MIGRATION_2019', '2019-04-17 15:25:15', 'QUESTIONNAIRE_MIGRATION_2019'),
	(672, 23, 2, 336, 'EN_', 0, '', '2019-04-17 15:25:15', 'QUESTIONNAIRE_MIGRATION_2019', '2019-04-17 15:25:15', 'QUESTIONNAIRE_MIGRATION_2019'),
	(673, 23, 1, 337, 'Si vous avez rpondu oui  la question prcdente, combien de verres prenez-vous par semaine, en moyenne?', 0, '', '2019-04-17 15:25:15', 'QUESTIONNAIRE_MIGRATION_2019', '2019-04-17 15:25:15', 'QUESTIONNAIRE_MIGRATION_2019'),
	(674, 23, 2, 337, 'If you answered `yes` to the pevious question, how many drinks do you have per week, on avergae?', 0, '', '2019-04-17 15:25:15', 'QUESTIONNAIRE_MIGRATION_2019', '2019-04-17 15:25:15', 'QUESTIONNAIRE_MIGRATION_2019'),
	(675, 41, 1, 338, 'FR_', 0, '', '2019-04-17 15:25:15', 'QUESTIONNAIRE_MIGRATION_2019', '2019-04-17 15:25:15', 'QUESTIONNAIRE_MIGRATION_2019'),
	(676, 41, 2, 338, 'Severity', 0, '', '2019-04-17 15:25:15', 'QUESTIONNAIRE_MIGRATION_2019', '2019-04-17 15:25:15', 'QUESTIONNAIRE_MIGRATION_2019'),
	(677, 48, 1, 339, 'FR_', 0, '', '2019-04-17 15:25:15', 'QUESTIONNAIRE_MIGRATION_2019', '2019-04-17 15:25:15', 'QUESTIONNAIRE_MIGRATION_2019'),
	(678, 48, 2, 339, 'None', 0, '', '2019-04-17 15:25:15', 'QUESTIONNAIRE_MIGRATION_2019', '2019-04-17 15:25:15', 'QUESTIONNAIRE_MIGRATION_2019'),
	(679, 48, 1, 340, 'FR_', 0, '', '2019-04-17 15:25:15', 'QUESTIONNAIRE_MIGRATION_2019', '2019-04-17 15:25:15', 'QUESTIONNAIRE_MIGRATION_2019'),
	(680, 48, 2, 340, 'Mild', 0, '', '2019-04-17 15:25:15', 'QUESTIONNAIRE_MIGRATION_2019', '2019-04-17 15:25:15', 'QUESTIONNAIRE_MIGRATION_2019'),
	(681, 48, 1, 341, 'FR_', 0, '', '2019-04-17 15:25:15', 'QUESTIONNAIRE_MIGRATION_2019', '2019-04-17 15:25:15', 'QUESTIONNAIRE_MIGRATION_2019'),
	(682, 48, 2, 341, 'Moderate', 0, '', '2019-04-17 15:25:15', 'QUESTIONNAIRE_MIGRATION_2019', '2019-04-17 15:25:15', 'QUESTIONNAIRE_MIGRATION_2019'),
	(683, 48, 1, 342, 'FR_', 0, '', '2019-04-17 15:25:15', 'QUESTIONNAIRE_MIGRATION_2019', '2019-04-17 15:25:15', 'QUESTIONNAIRE_MIGRATION_2019'),
	(684, 48, 2, 342, 'Severe', 0, '', '2019-04-17 15:25:15', 'QUESTIONNAIRE_MIGRATION_2019', '2019-04-17 15:25:15', 'QUESTIONNAIRE_MIGRATION_2019'),
	(685, 48, 1, 343, 'FR_', 0, '', '2019-04-17 15:25:15', 'QUESTIONNAIRE_MIGRATION_2019', '2019-04-17 15:25:15', 'QUESTIONNAIRE_MIGRATION_2019'),
	(686, 48, 2, 343, 'Very severe', 0, '', '2019-04-17 15:25:15', 'QUESTIONNAIRE_MIGRATION_2019', '2019-04-17 15:25:15', 'QUESTIONNAIRE_MIGRATION_2019'),
	(687, 41, 1, 344, 'FR_', 0, '', '2019-04-17 15:25:15', 'QUESTIONNAIRE_MIGRATION_2019', '2019-04-17 15:25:15', 'QUESTIONNAIRE_MIGRATION_2019'),
	(688, 41, 2, 344, 'SeverityNA', 0, '', '2019-04-17 15:25:15', 'QUESTIONNAIRE_MIGRATION_2019', '2019-04-17 15:25:15', 'QUESTIONNAIRE_MIGRATION_2019'),
	(689, 48, 1, 345, 'FR_', 0, '', '2019-04-17 15:25:15', 'QUESTIONNAIRE_MIGRATION_2019', '2019-04-17 15:25:15', 'QUESTIONNAIRE_MIGRATION_2019'),
	(690, 48, 2, 345, 'None', 0, '', '2019-04-17 15:25:15', 'QUESTIONNAIRE_MIGRATION_2019', '2019-04-17 15:25:15', 'QUESTIONNAIRE_MIGRATION_2019'),
	(691, 48, 1, 346, 'FR_', 0, '', '2019-04-17 15:25:15', 'QUESTIONNAIRE_MIGRATION_2019', '2019-04-17 15:25:15', 'QUESTIONNAIRE_MIGRATION_2019'),
	(692, 48, 2, 346, 'Mild', 0, '', '2019-04-17 15:25:15', 'QUESTIONNAIRE_MIGRATION_2019', '2019-04-17 15:25:15', 'QUESTIONNAIRE_MIGRATION_2019'),
	(693, 48, 1, 347, 'FR_', 0, '', '2019-04-17 15:25:15', 'QUESTIONNAIRE_MIGRATION_2019', '2019-04-17 15:25:15', 'QUESTIONNAIRE_MIGRATION_2019'),
	(694, 48, 2, 347, 'Moderate', 0, '', '2019-04-17 15:25:15', 'QUESTIONNAIRE_MIGRATION_2019', '2019-04-17 15:25:15', 'QUESTIONNAIRE_MIGRATION_2019'),
	(695, 48, 1, 348, 'FR_', 0, '', '2019-04-17 15:25:15', 'QUESTIONNAIRE_MIGRATION_2019', '2019-04-17 15:25:15', 'QUESTIONNAIRE_MIGRATION_2019'),
	(696, 48, 2, 348, 'Severe', 0, '', '2019-04-17 15:25:15', 'QUESTIONNAIRE_MIGRATION_2019', '2019-04-17 15:25:15', 'QUESTIONNAIRE_MIGRATION_2019'),
	(697, 48, 1, 349, 'FR_', 0, '', '2019-04-17 15:25:15', 'QUESTIONNAIRE_MIGRATION_2019', '2019-04-17 15:25:15', 'QUESTIONNAIRE_MIGRATION_2019'),
	(698, 48, 2, 349, 'Very severe', 0, '', '2019-04-17 15:25:15', 'QUESTIONNAIRE_MIGRATION_2019', '2019-04-17 15:25:15', 'QUESTIONNAIRE_MIGRATION_2019'),
	(699, 48, 1, 350, 'FR_', 0, '', '2019-04-17 15:25:15', 'QUESTIONNAIRE_MIGRATION_2019', '2019-04-17 15:25:15', 'QUESTIONNAIRE_MIGRATION_2019'),
	(700, 48, 2, 350, 'Not applicable', 0, '', '2019-04-17 15:25:15', 'QUESTIONNAIRE_MIGRATION_2019', '2019-04-17 15:25:15', 'QUESTIONNAIRE_MIGRATION_2019'),
	(701, 41, 1, 351, 'FR_', 0, '', '2019-04-17 15:25:15', 'QUESTIONNAIRE_MIGRATION_2019', '2019-04-17 15:25:15', 'QUESTIONNAIRE_MIGRATION_2019'),
	(702, 41, 2, 351, 'SeverityS', 0, '', '2019-04-17 15:25:15', 'QUESTIONNAIRE_MIGRATION_2019', '2019-04-17 15:25:15', 'QUESTIONNAIRE_MIGRATION_2019'),
	(703, 48, 1, 352, 'FR_', 0, '', '2019-04-17 15:25:15', 'QUESTIONNAIRE_MIGRATION_2019', '2019-04-17 15:25:15', 'QUESTIONNAIRE_MIGRATION_2019'),
	(704, 48, 2, 352, 'None', 0, '', '2019-04-17 15:25:15', 'QUESTIONNAIRE_MIGRATION_2019', '2019-04-17 15:25:15', 'QUESTIONNAIRE_MIGRATION_2019'),
	(705, 48, 1, 353, 'FR_', 0, '', '2019-04-17 15:25:15', 'QUESTIONNAIRE_MIGRATION_2019', '2019-04-17 15:25:15', 'QUESTIONNAIRE_MIGRATION_2019'),
	(706, 48, 2, 353, 'Mild', 0, '', '2019-04-17 15:25:15', 'QUESTIONNAIRE_MIGRATION_2019', '2019-04-17 15:25:15', 'QUESTIONNAIRE_MIGRATION_2019'),
	(707, 48, 1, 354, 'FR_', 0, '', '2019-04-17 15:25:15', 'QUESTIONNAIRE_MIGRATION_2019', '2019-04-17 15:25:15', 'QUESTIONNAIRE_MIGRATION_2019'),
	(708, 48, 2, 354, 'Moderate', 0, '', '2019-04-17 15:25:16', 'QUESTIONNAIRE_MIGRATION_2019', '2019-04-17 15:25:16', 'QUESTIONNAIRE_MIGRATION_2019'),
	(709, 48, 1, 355, 'FR_', 0, '', '2019-04-17 15:25:16', 'QUESTIONNAIRE_MIGRATION_2019', '2019-04-17 15:25:16', 'QUESTIONNAIRE_MIGRATION_2019'),
	(710, 48, 2, 355, 'Severe', 0, '', '2019-04-17 15:25:16', 'QUESTIONNAIRE_MIGRATION_2019', '2019-04-17 15:25:16', 'QUESTIONNAIRE_MIGRATION_2019'),
	(711, 48, 1, 356, 'FR_', 0, '', '2019-04-17 15:25:16', 'QUESTIONNAIRE_MIGRATION_2019', '2019-04-17 15:25:16', 'QUESTIONNAIRE_MIGRATION_2019'),
	(712, 48, 2, 356, 'Very severe', 0, '', '2019-04-17 15:25:16', 'QUESTIONNAIRE_MIGRATION_2019', '2019-04-17 15:25:16', 'QUESTIONNAIRE_MIGRATION_2019'),
	(713, 48, 1, 357, 'FR_', 0, '', '2019-04-17 15:25:16', 'QUESTIONNAIRE_MIGRATION_2019', '2019-04-17 15:25:16', 'QUESTIONNAIRE_MIGRATION_2019'),
	(714, 48, 2, 357, 'Not sexually active', 0, '', '2019-04-17 15:25:16', 'QUESTIONNAIRE_MIGRATION_2019', '2019-04-17 15:25:16', 'QUESTIONNAIRE_MIGRATION_2019'),
	(715, 48, 1, 358, 'FR_', 0, '', '2019-04-17 15:25:16', 'QUESTIONNAIRE_MIGRATION_2019', '2019-04-17 15:25:16', 'QUESTIONNAIRE_MIGRATION_2019'),
	(716, 48, 2, 358, 'Prefer not to answer', 0, '', '2019-04-17 15:25:16', 'QUESTIONNAIRE_MIGRATION_2019', '2019-04-17 15:25:16', 'QUESTIONNAIRE_MIGRATION_2019'),
	(717, 41, 1, 359, 'FR_', 0, '', '2019-04-17 15:25:16', 'QUESTIONNAIRE_MIGRATION_2019', '2019-04-17 15:25:16', 'QUESTIONNAIRE_MIGRATION_2019'),
	(718, 41, 2, 359, 'Amount', 0, '', '2019-04-17 15:25:16', 'QUESTIONNAIRE_MIGRATION_2019', '2019-04-17 15:25:16', 'QUESTIONNAIRE_MIGRATION_2019'),
	(719, 48, 1, 360, 'FR_', 0, '', '2019-04-17 15:25:16', 'QUESTIONNAIRE_MIGRATION_2019', '2019-04-17 15:25:16', 'QUESTIONNAIRE_MIGRATION_2019'),
	(720, 48, 2, 360, 'Not at all', 0, '', '2019-04-17 15:25:16', 'QUESTIONNAIRE_MIGRATION_2019', '2019-04-17 15:25:16', 'QUESTIONNAIRE_MIGRATION_2019'),
	(721, 48, 1, 361, 'FR_', 0, '', '2019-04-17 15:25:16', 'QUESTIONNAIRE_MIGRATION_2019', '2019-04-17 15:25:16', 'QUESTIONNAIRE_MIGRATION_2019'),
	(722, 48, 2, 361, 'A little bit', 0, '', '2019-04-17 15:25:16', 'QUESTIONNAIRE_MIGRATION_2019', '2019-04-17 15:25:16', 'QUESTIONNAIRE_MIGRATION_2019'),
	(723, 48, 1, 362, 'FR_', 0, '', '2019-04-17 15:25:16', 'QUESTIONNAIRE_MIGRATION_2019', '2019-04-17 15:25:16', 'QUESTIONNAIRE_MIGRATION_2019'),
	(724, 48, 2, 362, 'Somewhat', 0, '', '2019-04-17 15:25:16', 'QUESTIONNAIRE_MIGRATION_2019', '2019-04-17 15:25:16', 'QUESTIONNAIRE_MIGRATION_2019'),
	(725, 48, 1, 363, 'FR_', 0, '', '2019-04-17 15:25:16', 'QUESTIONNAIRE_MIGRATION_2019', '2019-04-17 15:25:16', 'QUESTIONNAIRE_MIGRATION_2019'),
	(726, 48, 2, 363, 'Quite a bit', 0, '', '2019-04-17 15:25:16', 'QUESTIONNAIRE_MIGRATION_2019', '2019-04-17 15:25:16', 'QUESTIONNAIRE_MIGRATION_2019'),
	(727, 48, 1, 364, 'FR_', 0, '', '2019-04-17 15:25:16', 'QUESTIONNAIRE_MIGRATION_2019', '2019-04-17 15:25:16', 'QUESTIONNAIRE_MIGRATION_2019'),
	(728, 48, 2, 364, 'Very much', 0, '', '2019-04-17 15:25:16', 'QUESTIONNAIRE_MIGRATION_2019', '2019-04-17 15:25:16', 'QUESTIONNAIRE_MIGRATION_2019'),
	(729, 41, 1, 365, 'FR_', 0, '', '2019-04-17 15:25:16', 'QUESTIONNAIRE_MIGRATION_2019', '2019-04-17 15:25:16', 'QUESTIONNAIRE_MIGRATION_2019'),
	(730, 41, 2, 365, 'Boolean', 0, '', '2019-04-17 15:25:16', 'QUESTIONNAIRE_MIGRATION_2019', '2019-04-17 15:25:16', 'QUESTIONNAIRE_MIGRATION_2019'),
	(731, 48, 1, 366, 'FR_', 0, '', '2019-04-17 15:25:16', 'QUESTIONNAIRE_MIGRATION_2019', '2019-04-17 15:25:16', 'QUESTIONNAIRE_MIGRATION_2019'),
	(732, 48, 2, 366, 'Yes', 0, '', '2019-04-17 15:25:16', 'QUESTIONNAIRE_MIGRATION_2019', '2019-04-17 15:25:16', 'QUESTIONNAIRE_MIGRATION_2019'),
	(733, 48, 1, 367, 'FR_', 0, '', '2019-04-17 15:25:16', 'QUESTIONNAIRE_MIGRATION_2019', '2019-04-17 15:25:16', 'QUESTIONNAIRE_MIGRATION_2019'),
	(734, 48, 2, 367, 'No', 0, '', '2019-04-17 15:25:16', 'QUESTIONNAIRE_MIGRATION_2019', '2019-04-17 15:25:16', 'QUESTIONNAIRE_MIGRATION_2019'),
	(735, 41, 1, 368, 'FR_', 0, '', '2019-04-17 15:25:16', 'QUESTIONNAIRE_MIGRATION_2019', '2019-04-17 15:25:16', 'QUESTIONNAIRE_MIGRATION_2019'),
	(736, 41, 2, 368, 'BooleanNA', 0, '', '2019-04-17 15:25:16', 'QUESTIONNAIRE_MIGRATION_2019', '2019-04-17 15:25:16', 'QUESTIONNAIRE_MIGRATION_2019'),
	(737, 48, 1, 369, 'FR_', 0, '', '2019-04-17 15:25:16', 'QUESTIONNAIRE_MIGRATION_2019', '2019-04-17 15:25:16', 'QUESTIONNAIRE_MIGRATION_2019'),
	(738, 48, 2, 369, 'Yes', 0, '', '2019-04-17 15:25:16', 'QUESTIONNAIRE_MIGRATION_2019', '2019-04-17 15:25:16', 'QUESTIONNAIRE_MIGRATION_2019'),
	(739, 48, 1, 370, 'FR_', 0, '', '2019-04-17 15:25:16', 'QUESTIONNAIRE_MIGRATION_2019', '2019-04-17 15:25:16', 'QUESTIONNAIRE_MIGRATION_2019'),
	(740, 48, 2, 370, 'No', 0, '', '2019-04-17 15:25:16', 'QUESTIONNAIRE_MIGRATION_2019', '2019-04-17 15:25:16', 'QUESTIONNAIRE_MIGRATION_2019'),
	(741, 48, 1, 371, 'FR_', 0, '', '2019-04-17 15:25:16', 'QUESTIONNAIRE_MIGRATION_2019', '2019-04-17 15:25:16', 'QUESTIONNAIRE_MIGRATION_2019'),
	(742, 48, 2, 371, 'Not applicable', 0, '', '2019-04-17 15:25:16', 'QUESTIONNAIRE_MIGRATION_2019', '2019-04-17 15:25:16', 'QUESTIONNAIRE_MIGRATION_2019'),
	(743, 41, 1, 372, 'FR_', 0, '', '2019-04-17 15:25:16', 'QUESTIONNAIRE_MIGRATION_2019', '2019-04-17 15:25:16', 'QUESTIONNAIRE_MIGRATION_2019'),
	(744, 41, 2, 372, 'BooleanS', 0, '', '2019-04-17 15:25:16', 'QUESTIONNAIRE_MIGRATION_2019', '2019-04-17 15:25:16', 'QUESTIONNAIRE_MIGRATION_2019'),
	(745, 48, 1, 373, 'FR_', 0, '', '2019-04-17 15:25:16', 'QUESTIONNAIRE_MIGRATION_2019', '2019-04-17 15:25:16', 'QUESTIONNAIRE_MIGRATION_2019'),
	(746, 48, 2, 373, 'Yes', 0, '', '2019-04-17 15:25:16', 'QUESTIONNAIRE_MIGRATION_2019', '2019-04-17 15:25:16', 'QUESTIONNAIRE_MIGRATION_2019'),
	(747, 48, 1, 374, 'FR_', 0, '', '2019-04-17 15:25:16', 'QUESTIONNAIRE_MIGRATION_2019', '2019-04-17 15:25:16', 'QUESTIONNAIRE_MIGRATION_2019'),
	(748, 48, 2, 374, 'No', 0, '', '2019-04-17 15:25:16', 'QUESTIONNAIRE_MIGRATION_2019', '2019-04-17 15:25:16', 'QUESTIONNAIRE_MIGRATION_2019'),
	(749, 48, 1, 375, 'FR_', 0, '', '2019-04-17 15:25:16', 'QUESTIONNAIRE_MIGRATION_2019', '2019-04-17 15:25:16', 'QUESTIONNAIRE_MIGRATION_2019'),
	(750, 48, 2, 375, 'Not sexually active', 0, '', '2019-04-17 15:25:16', 'QUESTIONNAIRE_MIGRATION_2019', '2019-04-17 15:25:16', 'QUESTIONNAIRE_MIGRATION_2019'),
	(751, 48, 1, 376, 'FR_', 0, '', '2019-04-17 15:25:16', 'QUESTIONNAIRE_MIGRATION_2019', '2019-04-17 15:25:16', 'QUESTIONNAIRE_MIGRATION_2019'),
	(752, 48, 2, 376, 'Prefer not to answer', 0, '', '2019-04-17 15:25:16', 'QUESTIONNAIRE_MIGRATION_2019', '2019-04-17 15:25:16', 'QUESTIONNAIRE_MIGRATION_2019'),
	(753, 41, 1, 377, 'FR_', 0, '', '2019-04-17 15:25:16', 'QUESTIONNAIRE_MIGRATION_2019', '2019-04-17 15:25:16', 'QUESTIONNAIRE_MIGRATION_2019'),
	(754, 41, 2, 377, 'Frequency', 0, '', '2019-04-17 15:25:16', 'QUESTIONNAIRE_MIGRATION_2019', '2019-04-17 15:25:16', 'QUESTIONNAIRE_MIGRATION_2019'),
	(755, 48, 1, 378, 'FR_', 0, '', '2019-04-17 15:25:16', 'QUESTIONNAIRE_MIGRATION_2019', '2019-04-17 15:25:16', 'QUESTIONNAIRE_MIGRATION_2019'),
	(756, 48, 2, 378, 'Never', 0, '', '2019-04-17 15:25:16', 'QUESTIONNAIRE_MIGRATION_2019', '2019-04-17 15:25:16', 'QUESTIONNAIRE_MIGRATION_2019'),
	(757, 48, 1, 379, 'FR_', 0, '', '2019-04-17 15:25:16', 'QUESTIONNAIRE_MIGRATION_2019', '2019-04-17 15:25:16', 'QUESTIONNAIRE_MIGRATION_2019'),
	(758, 48, 2, 379, 'Rarely', 0, '', '2019-04-17 15:25:16', 'QUESTIONNAIRE_MIGRATION_2019', '2019-04-17 15:25:16', 'QUESTIONNAIRE_MIGRATION_2019'),
	(759, 48, 1, 380, 'FR_', 0, '', '2019-04-17 15:25:16', 'QUESTIONNAIRE_MIGRATION_2019', '2019-04-17 15:25:16', 'QUESTIONNAIRE_MIGRATION_2019'),
	(760, 48, 2, 380, 'Occasionally', 0, '', '2019-04-17 15:25:16', 'QUESTIONNAIRE_MIGRATION_2019', '2019-04-17 15:25:16', 'QUESTIONNAIRE_MIGRATION_2019'),
	(761, 48, 1, 381, 'FR_', 0, '', '2019-04-17 15:25:16', 'QUESTIONNAIRE_MIGRATION_2019', '2019-04-17 15:25:16', 'QUESTIONNAIRE_MIGRATION_2019'),
	(762, 48, 2, 381, 'Frequently', 0, '', '2019-04-17 15:25:16', 'QUESTIONNAIRE_MIGRATION_2019', '2019-04-17 15:25:16', 'QUESTIONNAIRE_MIGRATION_2019'),
	(763, 48, 1, 382, 'FR_', 0, '', '2019-04-17 15:25:16', 'QUESTIONNAIRE_MIGRATION_2019', '2019-04-17 15:25:16', 'QUESTIONNAIRE_MIGRATION_2019'),
	(764, 48, 2, 382, 'Almost constantly', 0, '', '2019-04-17 15:25:16', 'QUESTIONNAIRE_MIGRATION_2019', '2019-04-17 15:25:16', 'QUESTIONNAIRE_MIGRATION_2019'),
	(765, 41, 1, 383, 'FR_', 0, '', '2019-04-17 15:25:16', 'QUESTIONNAIRE_MIGRATION_2019', '2019-04-17 15:25:16', 'QUESTIONNAIRE_MIGRATION_2019'),
	(766, 41, 2, 383, 'FrequencyS', 0, '', '2019-04-17 15:25:16', 'QUESTIONNAIRE_MIGRATION_2019', '2019-04-17 15:25:16', 'QUESTIONNAIRE_MIGRATION_2019'),
	(767, 48, 1, 384, 'FR_', 0, '', '2019-04-17 15:25:16', 'QUESTIONNAIRE_MIGRATION_2019', '2019-04-17 15:25:16', 'QUESTIONNAIRE_MIGRATION_2019'),
	(768, 48, 2, 384, 'Never', 0, '', '2019-04-17 15:25:16', 'QUESTIONNAIRE_MIGRATION_2019', '2019-04-17 15:25:16', 'QUESTIONNAIRE_MIGRATION_2019'),
	(769, 48, 1, 385, 'FR_', 0, '', '2019-04-17 15:25:16', 'QUESTIONNAIRE_MIGRATION_2019', '2019-04-17 15:25:16', 'QUESTIONNAIRE_MIGRATION_2019'),
	(770, 48, 2, 385, 'Rarely', 0, '', '2019-04-17 15:25:16', 'QUESTIONNAIRE_MIGRATION_2019', '2019-04-17 15:25:16', 'QUESTIONNAIRE_MIGRATION_2019'),
	(771, 48, 1, 386, 'FR_', 0, '', '2019-04-17 15:25:16', 'QUESTIONNAIRE_MIGRATION_2019', '2019-04-17 15:25:16', 'QUESTIONNAIRE_MIGRATION_2019'),
	(772, 48, 2, 386, 'Occasionally', 0, '', '2019-04-17 15:25:16', 'QUESTIONNAIRE_MIGRATION_2019', '2019-04-17 15:25:16', 'QUESTIONNAIRE_MIGRATION_2019'),
	(773, 48, 1, 387, 'FR_', 0, '', '2019-04-17 15:25:16', 'QUESTIONNAIRE_MIGRATION_2019', '2019-04-17 15:25:16', 'QUESTIONNAIRE_MIGRATION_2019'),
	(774, 48, 2, 387, 'Frequently', 0, '', '2019-04-17 15:25:16', 'QUESTIONNAIRE_MIGRATION_2019', '2019-04-17 15:25:16', 'QUESTIONNAIRE_MIGRATION_2019'),
	(775, 48, 1, 388, 'FR_', 0, '', '2019-04-17 15:25:16', 'QUESTIONNAIRE_MIGRATION_2019', '2019-04-17 15:25:16', 'QUESTIONNAIRE_MIGRATION_2019'),
	(776, 48, 2, 388, 'Almost constantly', 0, '', '2019-04-17 15:25:16', 'QUESTIONNAIRE_MIGRATION_2019', '2019-04-17 15:25:16', 'QUESTIONNAIRE_MIGRATION_2019'),
	(777, 48, 1, 389, 'FR_', 0, '', '2019-04-17 15:25:16', 'QUESTIONNAIRE_MIGRATION_2019', '2019-04-17 15:25:16', 'QUESTIONNAIRE_MIGRATION_2019'),
	(778, 48, 2, 389, 'Not sexually active', 0, '', '2019-04-17 15:25:16', 'QUESTIONNAIRE_MIGRATION_2019', '2019-04-17 15:25:16', 'QUESTIONNAIRE_MIGRATION_2019'),
	(779, 48, 1, 390, 'FR_', 0, '', '2019-04-17 15:25:16', 'QUESTIONNAIRE_MIGRATION_2019', '2019-04-17 15:25:16', 'QUESTIONNAIRE_MIGRATION_2019'),
	(780, 48, 2, 390, 'Prefer not to answer', 0, '', '2019-04-17 15:25:16', 'QUESTIONNAIRE_MIGRATION_2019', '2019-04-17 15:25:16', 'QUESTIONNAIRE_MIGRATION_2019'),
	(781, 41, 1, 391, 'FR_', 0, '', '2019-04-17 15:25:16', 'QUESTIONNAIRE_MIGRATION_2019', '2019-04-17 15:25:16', 'QUESTIONNAIRE_MIGRATION_2019'),
	(782, 41, 2, 391, 'Frequency Over 4 Weeks', 0, '', '2019-04-17 15:25:16', 'QUESTIONNAIRE_MIGRATION_2019', '2019-04-17 15:25:16', 'QUESTIONNAIRE_MIGRATION_2019'),
	(783, 48, 1, 392, 'FR_', 0, '', '2019-04-17 15:25:16', 'QUESTIONNAIRE_MIGRATION_2019', '2019-04-17 15:25:16', 'QUESTIONNAIRE_MIGRATION_2019'),
	(784, 48, 2, 392, 'Rarely or never', 0, '', '2019-04-17 15:25:16', 'QUESTIONNAIRE_MIGRATION_2019', '2019-04-17 15:25:16', 'QUESTIONNAIRE_MIGRATION_2019'),
	(785, 48, 1, 393, 'FR_', 0, '', '2019-04-17 15:25:16', 'QUESTIONNAIRE_MIGRATION_2019', '2019-04-17 15:25:16', 'QUESTIONNAIRE_MIGRATION_2019'),
	(786, 48, 2, 393, 'About once a week', 0, '', '2019-04-17 15:25:16', 'QUESTIONNAIRE_MIGRATION_2019', '2019-04-17 15:25:16', 'QUESTIONNAIRE_MIGRATION_2019'),
	(787, 48, 1, 394, 'FR_', 0, '', '2019-04-17 15:25:16', 'QUESTIONNAIRE_MIGRATION_2019', '2019-04-17 15:25:16', 'QUESTIONNAIRE_MIGRATION_2019'),
	(788, 48, 2, 394, 'More than once a week', 0, '', '2019-04-17 15:25:16', 'QUESTIONNAIRE_MIGRATION_2019', '2019-04-17 15:25:16', 'QUESTIONNAIRE_MIGRATION_2019'),
	(789, 48, 1, 395, 'FR_', 0, '', '2019-04-17 15:25:16', 'QUESTIONNAIRE_MIGRATION_2019', '2019-04-17 15:25:16', 'QUESTIONNAIRE_MIGRATION_2019'),
	(790, 48, 2, 395, 'About once a day', 0, '', '2019-04-17 15:25:16', 'QUESTIONNAIRE_MIGRATION_2019', '2019-04-17 15:25:16', 'QUESTIONNAIRE_MIGRATION_2019'),
	(791, 48, 1, 396, 'FR_', 0, '', '2019-04-17 15:25:16', 'QUESTIONNAIRE_MIGRATION_2019', '2019-04-17 15:25:16', 'QUESTIONNAIRE_MIGRATION_2019'),
	(792, 48, 2, 396, 'More than once a day', 0, '', '2019-04-17 15:25:16', 'QUESTIONNAIRE_MIGRATION_2019', '2019-04-17 15:25:16', 'QUESTIONNAIRE_MIGRATION_2019'),
	(793, 41, 1, 397, 'FR_', 0, '', '2019-04-17 15:25:16', 'QUESTIONNAIRE_MIGRATION_2019', '2019-04-17 15:25:16', 'QUESTIONNAIRE_MIGRATION_2019'),
	(794, 41, 2, 397, 'Frequency Over 4 Weeks - 2', 0, '', '2019-04-17 15:25:16', 'QUESTIONNAIRE_MIGRATION_2019', '2019-04-17 15:25:16', 'QUESTIONNAIRE_MIGRATION_2019'),
	(795, 48, 1, 398, 'FR_', 0, '', '2019-04-17 15:25:16', 'QUESTIONNAIRE_MIGRATION_2019', '2019-04-17 15:25:16', 'QUESTIONNAIRE_MIGRATION_2019'),
	(796, 48, 2, 398, 'Never', 0, '', '2019-04-17 15:25:16', 'QUESTIONNAIRE_MIGRATION_2019', '2019-04-17 15:25:16', 'QUESTIONNAIRE_MIGRATION_2019'),
	(797, 48, 1, 399, 'FR_', 0, '', '2019-04-17 15:25:16', 'QUESTIONNAIRE_MIGRATION_2019', '2019-04-17 15:25:16', 'QUESTIONNAIRE_MIGRATION_2019'),
	(798, 48, 2, 399, 'Rarely', 0, '', '2019-04-17 15:25:16', 'QUESTIONNAIRE_MIGRATION_2019', '2019-04-17 15:25:16', 'QUESTIONNAIRE_MIGRATION_2019'),
	(799, 48, 1, 400, 'FR_', 0, '', '2019-04-17 15:25:16', 'QUESTIONNAIRE_MIGRATION_2019', '2019-04-17 15:25:16', 'QUESTIONNAIRE_MIGRATION_2019'),
	(800, 48, 2, 400, 'About half the time', 0, '', '2019-04-17 15:25:16', 'QUESTIONNAIRE_MIGRATION_2019', '2019-04-17 15:25:16', 'QUESTIONNAIRE_MIGRATION_2019'),
	(801, 48, 1, 401, 'FR_', 0, '', '2019-04-17 15:25:16', 'QUESTIONNAIRE_MIGRATION_2019', '2019-04-17 15:25:16', 'QUESTIONNAIRE_MIGRATION_2019'),
	(802, 48, 2, 401, 'Usually', 0, '', '2019-04-17 15:25:16', 'QUESTIONNAIRE_MIGRATION_2019', '2019-04-17 15:25:16', 'QUESTIONNAIRE_MIGRATION_2019'),
	(803, 48, 1, 402, 'FR_', 0, '', '2019-04-17 15:25:16', 'QUESTIONNAIRE_MIGRATION_2019', '2019-04-17 15:25:16', 'QUESTIONNAIRE_MIGRATION_2019'),
	(804, 48, 2, 402, 'Always', 0, '', '2019-04-17 15:25:16', 'QUESTIONNAIRE_MIGRATION_2019', '2019-04-17 15:25:16', 'QUESTIONNAIRE_MIGRATION_2019'),
	(805, 41, 1, 403, 'FR_', 0, '', '2019-04-17 15:25:16', 'QUESTIONNAIRE_MIGRATION_2019', '2019-04-17 15:25:16', 'QUESTIONNAIRE_MIGRATION_2019'),
	(806, 41, 2, 403, 'Urinary control', 0, '', '2019-04-17 15:25:16', 'QUESTIONNAIRE_MIGRATION_2019', '2019-04-17 15:25:16', 'QUESTIONNAIRE_MIGRATION_2019'),
	(807, 48, 1, 404, 'FR_', 0, '', '2019-04-17 15:25:16', 'QUESTIONNAIRE_MIGRATION_2019', '2019-04-17 15:25:16', 'QUESTIONNAIRE_MIGRATION_2019'),
	(808, 48, 2, 404, 'Total control', 0, '', '2019-04-17 15:25:16', 'QUESTIONNAIRE_MIGRATION_2019', '2019-04-17 15:25:16', 'QUESTIONNAIRE_MIGRATION_2019'),
	(809, 48, 1, 405, 'FR_', 0, '', '2019-04-17 15:25:16', 'QUESTIONNAIRE_MIGRATION_2019', '2019-04-17 15:25:16', 'QUESTIONNAIRE_MIGRATION_2019'),
	(810, 48, 2, 405, 'Occasional dribbling', 0, '', '2019-04-17 15:25:16', 'QUESTIONNAIRE_MIGRATION_2019', '2019-04-17 15:25:16', 'QUESTIONNAIRE_MIGRATION_2019'),
	(811, 48, 1, 406, 'FR_', 0, '', '2019-04-17 15:25:16', 'QUESTIONNAIRE_MIGRATION_2019', '2019-04-17 15:25:16', 'QUESTIONNAIRE_MIGRATION_2019'),
	(812, 48, 2, 406, 'Frequent dribbling', 0, '', '2019-04-17 15:25:16', 'QUESTIONNAIRE_MIGRATION_2019', '2019-04-17 15:25:16', 'QUESTIONNAIRE_MIGRATION_2019'),
	(813, 48, 1, 407, 'FR_', 0, '', '2019-04-17 15:25:16', 'QUESTIONNAIRE_MIGRATION_2019', '2019-04-17 15:25:16', 'QUESTIONNAIRE_MIGRATION_2019'),
	(814, 48, 2, 407, 'No urinary control whatsoever', 0, '', '2019-04-17 15:25:16', 'QUESTIONNAIRE_MIGRATION_2019', '2019-04-17 15:25:16', 'QUESTIONNAIRE_MIGRATION_2019'),
	(815, 41, 1, 408, 'FR_', 0, '', '2019-04-17 15:25:16', 'QUESTIONNAIRE_MIGRATION_2019', '2019-04-17 15:25:16', 'QUESTIONNAIRE_MIGRATION_2019'),
	(816, 41, 2, 408, 'Pads', 0, '', '2019-04-17 15:25:16', 'QUESTIONNAIRE_MIGRATION_2019', '2019-04-17 15:25:16', 'QUESTIONNAIRE_MIGRATION_2019'),
	(817, 48, 1, 409, 'FR_', 0, '', '2019-04-17 15:25:16', 'QUESTIONNAIRE_MIGRATION_2019', '2019-04-17 15:25:16', 'QUESTIONNAIRE_MIGRATION_2019'),
	(818, 48, 2, 409, 'None', 0, '', '2019-04-17 15:25:16', 'QUESTIONNAIRE_MIGRATION_2019', '2019-04-17 15:25:16', 'QUESTIONNAIRE_MIGRATION_2019'),
	(819, 48, 1, 410, 'FR_', 0, '', '2019-04-17 15:25:16', 'QUESTIONNAIRE_MIGRATION_2019', '2019-04-17 15:25:16', 'QUESTIONNAIRE_MIGRATION_2019'),
	(820, 48, 2, 410, '1 pad per day', 0, '', '2019-04-17 15:25:16', 'QUESTIONNAIRE_MIGRATION_2019', '2019-04-17 15:25:16', 'QUESTIONNAIRE_MIGRATION_2019'),
	(821, 48, 1, 411, 'FR_', 0, '', '2019-04-17 15:25:16', 'QUESTIONNAIRE_MIGRATION_2019', '2019-04-17 15:25:16', 'QUESTIONNAIRE_MIGRATION_2019'),
	(822, 48, 2, 411, '2 pads per day', 0, '', '2019-04-17 15:25:16', 'QUESTIONNAIRE_MIGRATION_2019', '2019-04-17 15:25:16', 'QUESTIONNAIRE_MIGRATION_2019'),
	(823, 48, 1, 412, 'FR_', 0, '', '2019-04-17 15:25:16', 'QUESTIONNAIRE_MIGRATION_2019', '2019-04-17 15:25:16', 'QUESTIONNAIRE_MIGRATION_2019'),
	(824, 48, 2, 412, '3 or more pads per day', 0, '', '2019-04-17 15:25:16', 'QUESTIONNAIRE_MIGRATION_2019', '2019-04-17 15:25:16', 'QUESTIONNAIRE_MIGRATION_2019'),
	(825, 41, 1, 413, 'FR_', 0, '', '2019-04-17 15:25:16', 'QUESTIONNAIRE_MIGRATION_2019', '2019-04-17 15:25:16', 'QUESTIONNAIRE_MIGRATION_2019'),
	(826, 41, 2, 413, 'Size of problem', 0, '', '2019-04-17 15:25:16', 'QUESTIONNAIRE_MIGRATION_2019', '2019-04-17 15:25:16', 'QUESTIONNAIRE_MIGRATION_2019'),
	(827, 48, 1, 414, 'FR_', 0, '', '2019-04-17 15:25:16', 'QUESTIONNAIRE_MIGRATION_2019', '2019-04-17 15:25:16', 'QUESTIONNAIRE_MIGRATION_2019'),
	(828, 48, 2, 414, 'No problem', 0, '', '2019-04-17 15:25:16', 'QUESTIONNAIRE_MIGRATION_2019', '2019-04-17 15:25:16', 'QUESTIONNAIRE_MIGRATION_2019'),
	(829, 48, 1, 415, 'FR_', 0, '', '2019-04-17 15:25:16', 'QUESTIONNAIRE_MIGRATION_2019', '2019-04-17 15:25:16', 'QUESTIONNAIRE_MIGRATION_2019'),
	(830, 48, 2, 415, 'Very small problem', 0, '', '2019-04-17 15:25:16', 'QUESTIONNAIRE_MIGRATION_2019', '2019-04-17 15:25:16', 'QUESTIONNAIRE_MIGRATION_2019'),
	(831, 48, 1, 416, 'FR_', 0, '', '2019-04-17 15:25:16', 'QUESTIONNAIRE_MIGRATION_2019', '2019-04-17 15:25:16', 'QUESTIONNAIRE_MIGRATION_2019'),
	(832, 48, 2, 416, 'Small problem', 0, '', '2019-04-17 15:25:16', 'QUESTIONNAIRE_MIGRATION_2019', '2019-04-17 15:25:16', 'QUESTIONNAIRE_MIGRATION_2019'),
	(833, 48, 1, 417, 'FR_', 0, '', '2019-04-17 15:25:16', 'QUESTIONNAIRE_MIGRATION_2019', '2019-04-17 15:25:16', 'QUESTIONNAIRE_MIGRATION_2019'),
	(834, 48, 2, 417, 'Moderate problem', 0, '', '2019-04-17 15:25:16', 'QUESTIONNAIRE_MIGRATION_2019', '2019-04-17 15:25:16', 'QUESTIONNAIRE_MIGRATION_2019'),
	(835, 48, 1, 418, 'FR_', 0, '', '2019-04-17 15:25:16', 'QUESTIONNAIRE_MIGRATION_2019', '2019-04-17 15:25:16', 'QUESTIONNAIRE_MIGRATION_2019'),
	(836, 48, 2, 418, 'Big problem', 0, '', '2019-04-17 15:25:16', 'QUESTIONNAIRE_MIGRATION_2019', '2019-04-17 15:25:16', 'QUESTIONNAIRE_MIGRATION_2019'),
	(837, 41, 1, 419, 'FR_', 0, '', '2019-04-17 15:25:16', 'QUESTIONNAIRE_MIGRATION_2019', '2019-04-17 15:25:16', 'QUESTIONNAIRE_MIGRATION_2019'),
	(838, 41, 2, 419, 'Number of bowel movements', 0, '', '2019-04-17 15:25:16', 'QUESTIONNAIRE_MIGRATION_2019', '2019-04-17 15:25:16', 'QUESTIONNAIRE_MIGRATION_2019'),
	(839, 48, 1, 420, 'FR_', 0, '', '2019-04-17 15:25:16', 'QUESTIONNAIRE_MIGRATION_2019', '2019-04-17 15:25:16', 'QUESTIONNAIRE_MIGRATION_2019'),
	(840, 48, 2, 420, 'Two or less', 0, '', '2019-04-17 15:25:16', 'QUESTIONNAIRE_MIGRATION_2019', '2019-04-17 15:25:16', 'QUESTIONNAIRE_MIGRATION_2019'),
	(841, 48, 1, 421, 'FR_', 0, '', '2019-04-17 15:25:16', 'QUESTIONNAIRE_MIGRATION_2019', '2019-04-17 15:25:16', 'QUESTIONNAIRE_MIGRATION_2019'),
	(842, 48, 2, 421, 'Three to four', 0, '', '2019-04-17 15:25:16', 'QUESTIONNAIRE_MIGRATION_2019', '2019-04-17 15:25:16', 'QUESTIONNAIRE_MIGRATION_2019'),
	(843, 48, 1, 422, 'FR_', 0, '', '2019-04-17 15:25:16', 'QUESTIONNAIRE_MIGRATION_2019', '2019-04-17 15:25:16', 'QUESTIONNAIRE_MIGRATION_2019'),
	(844, 48, 2, 422, 'Five or more', 0, '', '2019-04-17 15:25:16', 'QUESTIONNAIRE_MIGRATION_2019', '2019-04-17 15:25:16', 'QUESTIONNAIRE_MIGRATION_2019'),
	(845, 41, 1, 423, 'FR_', 0, '', '2019-04-17 15:25:16', 'QUESTIONNAIRE_MIGRATION_2019', '2019-04-17 15:25:16', 'QUESTIONNAIRE_MIGRATION_2019'),
	(846, 41, 2, 423, 'Rating', 0, '', '2019-04-17 15:25:16', 'QUESTIONNAIRE_MIGRATION_2019', '2019-04-17 15:25:16', 'QUESTIONNAIRE_MIGRATION_2019'),
	(847, 48, 1, 424, 'FR_', 0, '', '2019-04-17 15:25:16', 'QUESTIONNAIRE_MIGRATION_2019', '2019-04-17 15:25:16', 'QUESTIONNAIRE_MIGRATION_2019'),
	(848, 48, 2, 424, 'Very poor to none', 0, '', '2019-04-17 15:25:16', 'QUESTIONNAIRE_MIGRATION_2019', '2019-04-17 15:25:16', 'QUESTIONNAIRE_MIGRATION_2019'),
	(849, 48, 1, 425, 'FR_', 0, '', '2019-04-17 15:25:16', 'QUESTIONNAIRE_MIGRATION_2019', '2019-04-17 15:25:16', 'QUESTIONNAIRE_MIGRATION_2019'),
	(850, 48, 2, 425, 'Poor', 0, '', '2019-04-17 15:25:16', 'QUESTIONNAIRE_MIGRATION_2019', '2019-04-17 15:25:16', 'QUESTIONNAIRE_MIGRATION_2019'),
	(851, 48, 1, 426, 'FR_', 0, '', '2019-04-17 15:25:16', 'QUESTIONNAIRE_MIGRATION_2019', '2019-04-17 15:25:16', 'QUESTIONNAIRE_MIGRATION_2019'),
	(852, 48, 2, 426, 'Fair', 0, '', '2019-04-17 15:25:16', 'QUESTIONNAIRE_MIGRATION_2019', '2019-04-17 15:25:16', 'QUESTIONNAIRE_MIGRATION_2019'),
	(853, 48, 1, 427, 'FR_', 0, '', '2019-04-17 15:25:16', 'QUESTIONNAIRE_MIGRATION_2019', '2019-04-17 15:25:16', 'QUESTIONNAIRE_MIGRATION_2019'),
	(854, 48, 2, 427, 'Good', 0, '', '2019-04-17 15:25:16', 'QUESTIONNAIRE_MIGRATION_2019', '2019-04-17 15:25:16', 'QUESTIONNAIRE_MIGRATION_2019'),
	(855, 48, 1, 428, 'FR_', 0, '', '2019-04-17 15:25:16', 'QUESTIONNAIRE_MIGRATION_2019', '2019-04-17 15:25:16', 'QUESTIONNAIRE_MIGRATION_2019'),
	(856, 48, 2, 428, 'Very good', 0, '', '2019-04-17 15:25:16', 'QUESTIONNAIRE_MIGRATION_2019', '2019-04-17 15:25:16', 'QUESTIONNAIRE_MIGRATION_2019'),
	(857, 41, 1, 429, 'FR_', 0, '', '2019-04-17 15:25:16', 'QUESTIONNAIRE_MIGRATION_2019', '2019-04-17 15:25:16', 'QUESTIONNAIRE_MIGRATION_2019'),
	(858, 41, 2, 429, 'Quality of erections', 0, '', '2019-04-17 15:25:16', 'QUESTIONNAIRE_MIGRATION_2019', '2019-04-17 15:25:16', 'QUESTIONNAIRE_MIGRATION_2019'),
	(859, 48, 1, 430, 'FR_', 0, '', '2019-04-17 15:25:16', 'QUESTIONNAIRE_MIGRATION_2019', '2019-04-17 15:25:16', 'QUESTIONNAIRE_MIGRATION_2019'),
	(860, 48, 2, 430, 'None at all', 0, '', '2019-04-17 15:25:16', 'QUESTIONNAIRE_MIGRATION_2019', '2019-04-17 15:25:16', 'QUESTIONNAIRE_MIGRATION_2019'),
	(861, 48, 1, 431, 'FR_', 0, '', '2019-04-17 15:25:16', 'QUESTIONNAIRE_MIGRATION_2019', '2019-04-17 15:25:16', 'QUESTIONNAIRE_MIGRATION_2019'),
	(862, 48, 2, 431, 'Not firm enough for any sexual activity', 0, '', '2019-04-17 15:25:16', 'QUESTIONNAIRE_MIGRATION_2019', '2019-04-17 15:25:16', 'QUESTIONNAIRE_MIGRATION_2019'),
	(863, 48, 1, 432, 'FR_', 0, '', '2019-04-17 15:25:16', 'QUESTIONNAIRE_MIGRATION_2019', '2019-04-17 15:25:16', 'QUESTIONNAIRE_MIGRATION_2019'),
	(864, 48, 2, 432, 'Firm enough for masturbation and foreplay only', 0, '', '2019-04-17 15:25:16', 'QUESTIONNAIRE_MIGRATION_2019', '2019-04-17 15:25:16', 'QUESTIONNAIRE_MIGRATION_2019'),
	(865, 48, 1, 433, 'FR_', 0, '', '2019-04-17 15:25:16', 'QUESTIONNAIRE_MIGRATION_2019', '2019-04-17 15:25:16', 'QUESTIONNAIRE_MIGRATION_2019'),
	(866, 48, 2, 433, 'Firm enough for intercourse', 0, '', '2019-04-17 15:25:16', 'QUESTIONNAIRE_MIGRATION_2019', '2019-04-17 15:25:16', 'QUESTIONNAIRE_MIGRATION_2019'),
	(867, 41, 1, 434, 'FR_', 0, '', '2019-04-17 15:25:16', 'QUESTIONNAIRE_MIGRATION_2019', '2019-04-17 15:25:16', 'QUESTIONNAIRE_MIGRATION_2019'),
	(868, 41, 2, 434, 'Frequency of erections', 0, '', '2019-04-17 15:25:16', 'QUESTIONNAIRE_MIGRATION_2019', '2019-04-17 15:25:16', 'QUESTIONNAIRE_MIGRATION_2019'),
	(869, 48, 1, 435, 'FR_', 0, '', '2019-04-17 15:25:16', 'QUESTIONNAIRE_MIGRATION_2019', '2019-04-17 15:25:16', 'QUESTIONNAIRE_MIGRATION_2019'),
	(870, 48, 2, 435, 'I never had an erection when I wanted one', 0, '', '2019-04-17 15:25:16', 'QUESTIONNAIRE_MIGRATION_2019', '2019-04-17 15:25:16', 'QUESTIONNAIRE_MIGRATION_2019'),
	(871, 48, 1, 436, 'FR_', 0, '', '2019-04-17 15:25:16', 'QUESTIONNAIRE_MIGRATION_2019', '2019-04-17 15:25:16', 'QUESTIONNAIRE_MIGRATION_2019'),
	(872, 48, 2, 436, 'I had an erection less than half the time I wanted one', 0, '', '2019-04-17 15:25:16', 'QUESTIONNAIRE_MIGRATION_2019', '2019-04-17 15:25:16', 'QUESTIONNAIRE_MIGRATION_2019'),
	(873, 48, 1, 437, 'FR_', 0, '', '2019-04-17 15:25:16', 'QUESTIONNAIRE_MIGRATION_2019', '2019-04-17 15:25:16', 'QUESTIONNAIRE_MIGRATION_2019'),
	(874, 48, 2, 437, 'I had an erection about half the time I wanted one', 0, '', '2019-04-17 15:25:16', 'QUESTIONNAIRE_MIGRATION_2019', '2019-04-17 15:25:16', 'QUESTIONNAIRE_MIGRATION_2019'),
	(875, 48, 1, 438, 'FR_', 0, '', '2019-04-17 15:25:16', 'QUESTIONNAIRE_MIGRATION_2019', '2019-04-17 15:25:16', 'QUESTIONNAIRE_MIGRATION_2019'),
	(876, 48, 2, 438, 'I had an erection more than half the time I wanted one', 0, '', '2019-04-17 15:25:16', 'QUESTIONNAIRE_MIGRATION_2019', '2019-04-17 15:25:16', 'QUESTIONNAIRE_MIGRATION_2019'),
	(877, 48, 1, 439, 'FR_', 0, '', '2019-04-17 15:25:16', 'QUESTIONNAIRE_MIGRATION_2019', '2019-04-17 15:25:16', 'QUESTIONNAIRE_MIGRATION_2019'),
	(878, 48, 2, 439, 'I had an erection whenever I wanted one', 0, '', '2019-04-17 15:25:16', 'QUESTIONNAIRE_MIGRATION_2019', '2019-04-17 15:25:16', 'QUESTIONNAIRE_MIGRATION_2019'),
	(879, 41, 1, 440, 'FR_', 0, '', '2019-04-17 15:25:16', 'QUESTIONNAIRE_MIGRATION_2019', '2019-04-17 15:25:16', 'QUESTIONNAIRE_MIGRATION_2019'),
	(880, 41, 2, 440, 'Frequency for sexual habits', 0, '', '2019-04-17 15:25:16', 'QUESTIONNAIRE_MIGRATION_2019', '2019-04-17 15:25:16', 'QUESTIONNAIRE_MIGRATION_2019'),
	(881, 48, 1, 441, 'FR_', 0, '', '2019-04-17 15:25:16', 'QUESTIONNAIRE_MIGRATION_2019', '2019-04-17 15:25:16', 'QUESTIONNAIRE_MIGRATION_2019'),
	(882, 48, 2, 441, 'Not at all', 0, '', '2019-04-17 15:25:16', 'QUESTIONNAIRE_MIGRATION_2019', '2019-04-17 15:25:16', 'QUESTIONNAIRE_MIGRATION_2019'),
	(883, 48, 1, 442, 'FR_', 0, '', '2019-04-17 15:25:16', 'QUESTIONNAIRE_MIGRATION_2019', '2019-04-17 15:25:16', 'QUESTIONNAIRE_MIGRATION_2019'),
	(884, 48, 2, 442, 'Less than once a week', 0, '', '2019-04-17 15:25:16', 'QUESTIONNAIRE_MIGRATION_2019', '2019-04-17 15:25:16', 'QUESTIONNAIRE_MIGRATION_2019'),
	(885, 48, 1, 443, 'FR_', 0, '', '2019-04-17 15:25:16', 'QUESTIONNAIRE_MIGRATION_2019', '2019-04-17 15:25:16', 'QUESTIONNAIRE_MIGRATION_2019'),
	(886, 48, 2, 443, 'About once a week', 0, '', '2019-04-17 15:25:16', 'QUESTIONNAIRE_MIGRATION_2019', '2019-04-17 15:25:16', 'QUESTIONNAIRE_MIGRATION_2019'),
	(887, 48, 1, 444, 'FR_', 0, '', '2019-04-17 15:25:16', 'QUESTIONNAIRE_MIGRATION_2019', '2019-04-17 15:25:16', 'QUESTIONNAIRE_MIGRATION_2019'),
	(888, 48, 2, 444, 'Several times a week', 0, '', '2019-04-17 15:25:16', 'QUESTIONNAIRE_MIGRATION_2019', '2019-04-17 15:25:16', 'QUESTIONNAIRE_MIGRATION_2019'),
	(889, 48, 1, 445, 'FR_', 0, '', '2019-04-17 15:25:16', 'QUESTIONNAIRE_MIGRATION_2019', '2019-04-17 15:25:16', 'QUESTIONNAIRE_MIGRATION_2019'),
	(890, 48, 2, 445, 'Daily', 0, '', '2019-04-17 15:25:16', 'QUESTIONNAIRE_MIGRATION_2019', '2019-04-17 15:25:16', 'QUESTIONNAIRE_MIGRATION_2019'),
	(891, 41, 1, 446, 'FR_', 0, '', '2019-04-17 15:25:16', 'QUESTIONNAIRE_MIGRATION_2019', '2019-04-17 15:25:16', 'QUESTIONNAIRE_MIGRATION_2019'),
	(892, 41, 2, 446, 'Weight change', 0, '', '2019-04-17 15:25:16', 'QUESTIONNAIRE_MIGRATION_2019', '2019-04-17 15:25:16', 'QUESTIONNAIRE_MIGRATION_2019'),
	(893, 48, 1, 447, 'FR_', 0, '', '2019-04-17 15:25:16', 'QUESTIONNAIRE_MIGRATION_2019', '2019-04-17 15:25:16', 'QUESTIONNAIRE_MIGRATION_2019'),
	(894, 48, 2, 447, 'Gained 10 pounds or more', 0, '', '2019-04-17 15:25:16', 'QUESTIONNAIRE_MIGRATION_2019', '2019-04-17 15:25:16', 'QUESTIONNAIRE_MIGRATION_2019'),
	(895, 48, 1, 448, 'FR_', 0, '', '2019-04-17 15:25:16', 'QUESTIONNAIRE_MIGRATION_2019', '2019-04-17 15:25:16', 'QUESTIONNAIRE_MIGRATION_2019'),
	(896, 48, 2, 448, 'Gained less than 10 pounds', 0, '', '2019-04-17 15:25:16', 'QUESTIONNAIRE_MIGRATION_2019', '2019-04-17 15:25:16', 'QUESTIONNAIRE_MIGRATION_2019'),
	(897, 48, 1, 449, 'FR_', 0, '', '2019-04-17 15:25:16', 'QUESTIONNAIRE_MIGRATION_2019', '2019-04-17 15:25:16', 'QUESTIONNAIRE_MIGRATION_2019'),
	(898, 48, 2, 449, 'No change in weight', 0, '', '2019-04-17 15:25:16', 'QUESTIONNAIRE_MIGRATION_2019', '2019-04-17 15:25:16', 'QUESTIONNAIRE_MIGRATION_2019'),
	(899, 48, 1, 450, 'FR_', 0, '', '2019-04-17 15:25:16', 'QUESTIONNAIRE_MIGRATION_2019', '2019-04-17 15:25:16', 'QUESTIONNAIRE_MIGRATION_2019'),
	(900, 48, 2, 450, 'Lost less than 10 pounds', 0, '', '2019-04-17 15:25:16', 'QUESTIONNAIRE_MIGRATION_2019', '2019-04-17 15:25:16', 'QUESTIONNAIRE_MIGRATION_2019'),
	(901, 48, 1, 451, 'FR_', 0, '', '2019-04-17 15:25:16', 'QUESTIONNAIRE_MIGRATION_2019', '2019-04-17 15:25:16', 'QUESTIONNAIRE_MIGRATION_2019'),
	(902, 48, 2, 451, 'Lost 10 pounds or more', 0, '', '2019-04-17 15:25:16', 'QUESTIONNAIRE_MIGRATION_2019', '2019-04-17 15:25:16', 'QUESTIONNAIRE_MIGRATION_2019'),
	(903, 41, 1, 452, 'FR_', 0, '', '2019-04-17 15:25:16', 'QUESTIONNAIRE_MIGRATION_2019', '2019-04-17 15:25:16', 'QUESTIONNAIRE_MIGRATION_2019'),
	(904, 41, 2, 452, 'Satisfaction', 0, '', '2019-04-17 15:25:16', 'QUESTIONNAIRE_MIGRATION_2019', '2019-04-17 15:25:16', 'QUESTIONNAIRE_MIGRATION_2019'),
	(905, 48, 1, 453, 'FR_', 0, '', '2019-04-17 15:25:16', 'QUESTIONNAIRE_MIGRATION_2019', '2019-04-17 15:25:16', 'QUESTIONNAIRE_MIGRATION_2019'),
	(906, 48, 2, 453, 'Extremely dissatisfied', 0, '', '2019-04-17 15:25:16', 'QUESTIONNAIRE_MIGRATION_2019', '2019-04-17 15:25:16', 'QUESTIONNAIRE_MIGRATION_2019'),
	(907, 48, 1, 454, 'FR_', 0, '', '2019-04-17 15:25:16', 'QUESTIONNAIRE_MIGRATION_2019', '2019-04-17 15:25:16', 'QUESTIONNAIRE_MIGRATION_2019'),
	(908, 48, 2, 454, 'Dissatisfied', 0, '', '2019-04-17 15:25:16', 'QUESTIONNAIRE_MIGRATION_2019', '2019-04-17 15:25:16', 'QUESTIONNAIRE_MIGRATION_2019'),
	(909, 48, 1, 455, 'FR_', 0, '', '2019-04-17 15:25:16', 'QUESTIONNAIRE_MIGRATION_2019', '2019-04-17 15:25:16', 'QUESTIONNAIRE_MIGRATION_2019'),
	(910, 48, 2, 455, 'Uncertain', 0, '', '2019-04-17 15:25:16', 'QUESTIONNAIRE_MIGRATION_2019', '2019-04-17 15:25:16', 'QUESTIONNAIRE_MIGRATION_2019'),
	(911, 48, 1, 456, 'FR_', 0, '', '2019-04-17 15:25:16', 'QUESTIONNAIRE_MIGRATION_2019', '2019-04-17 15:25:16', 'QUESTIONNAIRE_MIGRATION_2019'),
	(912, 48, 2, 456, 'Satisfied', 0, '', '2019-04-17 15:25:16', 'QUESTIONNAIRE_MIGRATION_2019', '2019-04-17 15:25:16', 'QUESTIONNAIRE_MIGRATION_2019'),
	(913, 48, 1, 457, 'FR_', 0, '', '2019-04-17 15:25:16', 'QUESTIONNAIRE_MIGRATION_2019', '2019-04-17 15:25:16', 'QUESTIONNAIRE_MIGRATION_2019'),
	(914, 48, 2, 457, 'Extremely satisfied', 0, '', '2019-04-17 15:25:16', 'QUESTIONNAIRE_MIGRATION_2019', '2019-04-17 15:25:16', 'QUESTIONNAIRE_MIGRATION_2019'),
	(915, 41, 1, 458, 'FR_', 0, '', '2019-04-17 15:25:16', 'QUESTIONNAIRE_MIGRATION_2019', '2019-04-17 15:25:16', 'QUESTIONNAIRE_MIGRATION_2019'),
	(916, 41, 2, 458, 'Scale (0-10)', 0, '', '2019-04-17 15:25:16', 'QUESTIONNAIRE_MIGRATION_2019', '2019-04-17 15:25:16', 'QUESTIONNAIRE_MIGRATION_2019'),
	(917, 49, 1, 459, '0', 0, '', '2019-04-17 15:25:16', 'QUESTIONNAIRE_MIGRATION_2019', '2019-04-17 15:25:16', 'QUESTIONNAIRE_MIGRATION_2019'),
	(918, 49, 2, 459, '0', 0, '', '2019-04-17 15:25:16', 'QUESTIONNAIRE_MIGRATION_2019', '2019-04-17 15:25:16', 'QUESTIONNAIRE_MIGRATION_2019'),
	(919, 49, 1, 460, '10', 0, '', '2019-04-17 15:25:16', 'QUESTIONNAIRE_MIGRATION_2019', '2019-04-17 15:25:16', 'QUESTIONNAIRE_MIGRATION_2019'),
	(920, 49, 2, 460, '10', 0, '', '2019-04-17 15:25:16', 'QUESTIONNAIRE_MIGRATION_2019', '2019-04-17 15:25:16', 'QUESTIONNAIRE_MIGRATION_2019'),
	(921, 41, 1, 461, 'FR_', 0, '', '2019-04-17 15:25:16', 'QUESTIONNAIRE_MIGRATION_2019', '2019-04-17 15:25:16', 'QUESTIONNAIRE_MIGRATION_2019'),
	(922, 41, 2, 461, 'Short Answer', 0, '', '2019-04-17 15:25:16', 'QUESTIONNAIRE_MIGRATION_2019', '2019-04-17 15:25:16', 'QUESTIONNAIRE_MIGRATION_2019'),
	(923, 41, 1, 462, 'FR_', 0, '', '2019-04-17 15:25:16', 'QUESTIONNAIRE_MIGRATION_2019', '2019-04-17 15:25:16', 'QUESTIONNAIRE_MIGRATION_2019'),
	(924, 41, 2, 462, 'Date', 0, '', '2019-04-17 15:25:16', 'QUESTIONNAIRE_MIGRATION_2019', '2019-04-17 15:25:16', 'QUESTIONNAIRE_MIGRATION_2019'),
	(925, 41, 1, 463, 'FR_', 0, '', '2019-04-17 15:25:16', 'QUESTIONNAIRE_MIGRATION_2019', '2019-04-17 15:25:16', 'QUESTIONNAIRE_MIGRATION_2019'),
	(926, 41, 2, 463, 'Time', 0, '', '2019-04-17 15:25:16', 'QUESTIONNAIRE_MIGRATION_2019', '2019-04-17 15:25:16', 'QUESTIONNAIRE_MIGRATION_2019'),
	(927, 41, 1, 464, 'FR_', 0, '', '2019-04-17 15:25:16', 'QUESTIONNAIRE_MIGRATION_2019', '2019-04-17 15:25:16', 'QUESTIONNAIRE_MIGRATION_2019'),
	(928, 41, 2, 464, 'How are you', 0, '', '2019-04-17 15:25:16', 'QUESTIONNAIRE_MIGRATION_2019', '2019-04-17 15:25:16', 'QUESTIONNAIRE_MIGRATION_2019'),
	(929, 48, 1, 465, 'FR_', 0, '', '2019-04-17 15:25:16', 'QUESTIONNAIRE_MIGRATION_2019', '2019-04-17 15:25:16', 'QUESTIONNAIRE_MIGRATION_2019'),
	(930, 48, 2, 465, 'Not good', 0, '', '2019-04-17 15:25:16', 'QUESTIONNAIRE_MIGRATION_2019', '2019-04-17 15:25:16', 'QUESTIONNAIRE_MIGRATION_2019'),
	(931, 48, 1, 466, 'FR_', 0, '', '2019-04-17 15:25:16', 'QUESTIONNAIRE_MIGRATION_2019', '2019-04-17 15:25:16', 'QUESTIONNAIRE_MIGRATION_2019'),
	(932, 48, 2, 466, 'Can be Ok', 0, '', '2019-04-17 15:25:16', 'QUESTIONNAIRE_MIGRATION_2019', '2019-04-17 15:25:16', 'QUESTIONNAIRE_MIGRATION_2019'),
	(933, 48, 1, 467, 'FR_', 0, '', '2019-04-17 15:25:16', 'QUESTIONNAIRE_MIGRATION_2019', '2019-04-17 15:25:16', 'QUESTIONNAIRE_MIGRATION_2019'),
	(934, 48, 2, 467, 'Very good', 0, '', '2019-04-17 15:25:16', 'QUESTIONNAIRE_MIGRATION_2019', '2019-04-17 15:25:16', 'QUESTIONNAIRE_MIGRATION_2019'),
	(935, 48, 1, 468, 'FR_', 0, '', '2019-04-17 15:25:16', 'QUESTIONNAIRE_MIGRATION_2019', '2019-04-17 15:25:16', 'QUESTIONNAIRE_MIGRATION_2019'),
	(936, 48, 2, 468, 'Do not want to answer', 0, '', '2019-04-17 15:25:16', 'QUESTIONNAIRE_MIGRATION_2019', '2019-04-17 15:25:16', 'QUESTIONNAIRE_MIGRATION_2019'),
	(937, 23, 1, 469, 'N/D', 0, '', '2019-04-17 15:25:23', 'QUESTIONNAIRE_MIGRATION_2019', '2019-04-17 15:25:23', 'QUESTIONNAIRE_MIGRATION_2019'),
	(938, 23, 2, 469, 'N/A', 0, '', '2019-04-17 15:25:23', 'QUESTIONNAIRE_MIGRATION_2019', '2019-04-17 15:25:23', 'QUESTIONNAIRE_MIGRATION_2019'),
	(939, 23, 1, 470, 'N/D', 0, '', '2019-04-17 15:25:23', 'QUESTIONNAIRE_MIGRATION_2019', '2019-04-17 15:25:23', 'QUESTIONNAIRE_MIGRATION_2019'),
	(940, 23, 2, 470, 'N/A', 0, '', '2019-04-17 15:25:23', 'QUESTIONNAIRE_MIGRATION_2019', '2019-04-17 15:25:23', 'QUESTIONNAIRE_MIGRATION_2019'),
	(941, 23, 1, 471, 'Comment allez-vous aujourd\'hui?', 0, '', '2019-04-17 15:25:23', 'QUESTIONNAIRE_MIGRATION_2019', '2019-04-17 15:25:23', 'QUESTIONNAIRE_MIGRATION_2019'),
	(942, 23, 2, 471, 'How are you today?', 0, '', '2019-04-17 15:25:23', 'QUESTIONNAIRE_MIGRATION_2019', '2019-04-17 15:25:23', 'QUESTIONNAIRE_MIGRATION_2019'),
	(943, 20, 1, 472, 'Librairie ABC', 0, '', '2019-04-17 15:25:23', 'QUESTIONNAIRE_MIGRATION_2019', '2019-04-17 15:25:23', 'QUESTIONNAIRE_MIGRATION_2019'),
	(944, 20, 2, 472, 'Library ABC', 0, '', '2019-04-17 15:25:23', 'QUESTIONNAIRE_MIGRATION_2019', '2019-04-17 15:25:23', 'QUESTIONNAIRE_MIGRATION_2019'),
	(945, 20, 1, 473, 'Librairie DEF', 0, '', '2019-04-17 15:25:23', 'QUESTIONNAIRE_MIGRATION_2019', '2019-04-17 15:25:23', 'QUESTIONNAIRE_MIGRATION_2019'),
	(946, 20, 2, 473, 'Library DEF', 0, '', '2019-04-17 15:25:23', 'QUESTIONNAIRE_MIGRATION_2019', '2019-04-17 15:25:23', 'QUESTIONNAIRE_MIGRATION_2019');
/*!40000 ALTER TABLE `dictionary` ENABLE KEYS */;

-- Dumping structure for table questionnaireDB2019.label
CREATE TABLE IF NOT EXISTS `label` (
  `ID` bigint(20) NOT NULL AUTO_INCREMENT,
  `questionId` bigint(20) NOT NULL,
  `displayIntensity` tinyint(4) NOT NULL DEFAULT '0' COMMENT '0 = patient cannot select intensity, 1 = patient can select intensity',
  `pathImage` varchar(512) NOT NULL,
  PRIMARY KEY (`ID`),
  KEY `fk_label_questionId_question_ID` (`questionId`),
  CONSTRAINT `fk_label_questionId_question_ID` FOREIGN KEY (`questionId`) REFERENCES `question` (`ID`) ON DELETE NO ACTION ON UPDATE NO ACTION
) ENGINE=InnoDB DEFAULT CHARSET=utf8;

-- Dumping data for table questionnaireDB2019.label: ~0 rows (approximately)
/*!40000 ALTER TABLE `label` DISABLE KEYS */;
/*!40000 ALTER TABLE `label` ENABLE KEYS */;

-- Dumping structure for table questionnaireDB2019.labelOption
CREATE TABLE IF NOT EXISTS `labelOption` (
  `ID` bigint(20) NOT NULL AUTO_INCREMENT,
  `parentTableId` bigint(20) NOT NULL,
  `description` bigint(20) NOT NULL,
  `posInitX` int(11) NOT NULL DEFAULT '0',
  `posInitY` int(11) NOT NULL DEFAULT '0',
  `posFinalX` int(11) NOT NULL DEFAULT '0',
  `posFinalY` int(11) NOT NULL DEFAULT '0',
  `intensity` int(11) NOT NULL DEFAULT '0',
  `order` int(11) NOT NULL DEFAULT '0',
  PRIMARY KEY (`ID`),
  KEY `fk_labelOption_parentTableId_label_ID` (`parentTableId`),
  KEY `fk_labelOption_description_dictionary_contentId` (`description`),
  CONSTRAINT `fk_labelOption_description_dictionary_contentId` FOREIGN KEY (`description`) REFERENCES `dictionary` (`contentId`) ON DELETE NO ACTION ON UPDATE NO ACTION,
  CONSTRAINT `fk_labelOption_parentTableId_label_ID` FOREIGN KEY (`parentTableId`) REFERENCES `label` (`ID`) ON DELETE NO ACTION ON UPDATE NO ACTION
) ENGINE=InnoDB DEFAULT CHARSET=utf8;

-- Dumping data for table questionnaireDB2019.labelOption: ~0 rows (approximately)
/*!40000 ALTER TABLE `labelOption` DISABLE KEYS */;
/*!40000 ALTER TABLE `labelOption` ENABLE KEYS */;

-- Dumping structure for table questionnaireDB2019.language
CREATE TABLE IF NOT EXISTS `language` (
  `ID` bigint(20) NOT NULL AUTO_INCREMENT,
  `isoLang` varchar(2) NOT NULL,
  `name` bigint(20) NOT NULL,
  `deleted` tinyint(4) NOT NULL DEFAULT '0',
  `deletedBy` varchar(255) NOT NULL,
  `creationDate` timestamp NOT NULL DEFAULT CURRENT_TIMESTAMP,
  `createdBy` varchar(255) NOT NULL,
  `lastUpdated` timestamp NOT NULL DEFAULT CURRENT_TIMESTAMP ON UPDATE CURRENT_TIMESTAMP,
  `updatedBy` varchar(255) NOT NULL,
  PRIMARY KEY (`ID`),
  KEY `fk_language_deleted` (`deleted`),
  KEY `fk_language_name_dictionary_ID` (`name`),
  CONSTRAINT `fk_language_name_dictionary_ID` FOREIGN KEY (`name`) REFERENCES `dictionary` (`contentId`) ON DELETE NO ACTION ON UPDATE NO ACTION
) ENGINE=InnoDB AUTO_INCREMENT=3 DEFAULT CHARSET=utf8;

-- Dumping data for table questionnaireDB2019.language: ~2 rows (approximately)
/*!40000 ALTER TABLE `language` DISABLE KEYS */;
INSERT INTO `language` (`ID`, `isoLang`, `name`, `deleted`, `deletedBy`, `creationDate`, `createdBy`, `lastUpdated`, `updatedBy`) VALUES
	(1, 'fr', 1, 0, '', '2019-04-17 15:25:13', 'QUESTIONNAIRE_MIGRATION_2019', '2019-04-17 15:25:13', 'QUESTIONNAIRE_MIGRATION_2019'),
	(2, 'en', 2, 0, '', '2019-04-17 15:25:13', 'QUESTIONNAIRE_MIGRATION_2019', '2019-04-17 15:25:13', 'QUESTIONNAIRE_MIGRATION_2019');
/*!40000 ALTER TABLE `language` ENABLE KEYS */;

-- Dumping structure for table questionnaireDB2019.legacyType
CREATE TABLE IF NOT EXISTS `legacyType` (
  `ID` bigint(20) NOT NULL AUTO_INCREMENT,
  `type` varchar(255) NOT NULL,
  `tableName` varchar(255) NOT NULL,
  PRIMARY KEY (`ID`)
) ENGINE=InnoDB AUTO_INCREMENT=10 DEFAULT CHARSET=utf8 COMMENT='This table is a direct replication from the legacy table QuestionType in questionnaireDB. It is required for the time of the migration. When the migration will be over and the triggers will stop, this table needs to be deleted.';

-- Dumping data for table questionnaireDB2019.legacyType: ~9 rows (approximately)
/*!40000 ALTER TABLE `legacyType` DISABLE KEYS */;
INSERT INTO `legacyType` (`ID`, `type`, `tableName`) VALUES
	(1, 'MC', 'QuestionMC'),
	(2, 'MinMax', 'QuestionMinMax'),
	(3, 'SA', ''),
	(4, 'Checkbox', 'QuestionCheckbox'),
	(5, 'Frequency', ''),
	(6, 'Severity', ''),
	(7, 'Interferce', ''),
	(8, 'Presence/Absence/Amount', ''),
	(9, 'yes', '');
/*!40000 ALTER TABLE `legacyType` ENABLE KEYS */;

-- Dumping structure for table questionnaireDB2019.library
CREATE TABLE IF NOT EXISTS `library` (
  `ID` bigint(20) NOT NULL AUTO_INCREMENT,
  `OAUserId` bigint(20) NOT NULL DEFAULT '-1',
  `name` bigint(20) NOT NULL,
  `order` int(11) NOT NULL DEFAULT '0',
  `private` tinyint(4) NOT NULL DEFAULT '0',
  `deleted` tinyint(4) NOT NULL DEFAULT '0',
  `deletedBy` varchar(255) NOT NULL,
  `creationDate` timestamp NOT NULL DEFAULT CURRENT_TIMESTAMP,
  `createdBy` varchar(255) NOT NULL,
  `lastUpdated` timestamp NOT NULL DEFAULT CURRENT_TIMESTAMP ON UPDATE CURRENT_TIMESTAMP,
  `updatedBy` varchar(255) NOT NULL,
  PRIMARY KEY (`ID`),
  KEY `idx_library_deleted` (`deleted`),
  KEY `idx_library_OAUserId` (`OAUserId`),
  KEY `fk_library_name_dictionary_ID` (`name`),
  CONSTRAINT `fk_library_name_dictionary_ID` FOREIGN KEY (`name`) REFERENCES `dictionary` (`contentId`) ON DELETE NO ACTION ON UPDATE NO ACTION
) ENGINE=InnoDB AUTO_INCREMENT=3 DEFAULT CHARSET=utf8;

-- Dumping data for table questionnaireDB2019.library: ~2 rows (approximately)
/*!40000 ALTER TABLE `library` DISABLE KEYS */;
INSERT INTO `library` (`ID`, `OAUserId`, `name`, `order`, `private`, `deleted`, `deletedBy`, `creationDate`, `createdBy`, `lastUpdated`, `updatedBy`) VALUES
	(1, 20, 472, 1, 0, 0, '', '2019-04-17 15:25:23', '', '2019-04-17 15:25:23', ''),
	(2, 20, 473, 2, 0, 0, '', '2019-04-17 15:25:23', '', '2019-04-17 15:25:23', '');
/*!40000 ALTER TABLE `library` ENABLE KEYS */;

-- Dumping structure for table questionnaireDB2019.libraryQuestion
CREATE TABLE IF NOT EXISTS `libraryQuestion` (
  `ID` bigint(20) NOT NULL AUTO_INCREMENT,
  `questionId` bigint(20) NOT NULL,
  `libraryId` bigint(20) NOT NULL,
  PRIMARY KEY (`ID`),
  KEY `fk_libraryQuestion_questionId_question_ID` (`questionId`),
  KEY `fk_libraryQuestion_libraryId_library_ID` (`libraryId`),
  CONSTRAINT `fk_libraryQuestion_libraryId_library_ID` FOREIGN KEY (`libraryId`) REFERENCES `library` (`ID`) ON DELETE NO ACTION ON UPDATE NO ACTION,
  CONSTRAINT `fk_libraryQuestion_questionId_question_ID` FOREIGN KEY (`questionId`) REFERENCES `question` (`ID`) ON DELETE NO ACTION ON UPDATE NO ACTION
) ENGINE=InnoDB AUTO_INCREMENT=8 DEFAULT CHARSET=utf8;

-- Dumping data for table questionnaireDB2019.libraryQuestion: ~7 rows (approximately)
/*!40000 ALTER TABLE `libraryQuestion` DISABLE KEYS */;
INSERT INTO `libraryQuestion` (`ID`, `questionId`, `libraryId`) VALUES
	(1, 859, 1),
	(2, 862, 1),
	(3, 876, 1),
	(4, 878, 2),
	(5, 859, 2),
	(6, 791, 2),
	(7, 796, 2);
/*!40000 ALTER TABLE `libraryQuestion` ENABLE KEYS */;

-- Dumping structure for table questionnaireDB2019.patient
CREATE TABLE IF NOT EXISTS `patient` (
  `ID` bigint(20) NOT NULL AUTO_INCREMENT,
  `hospitalId` bigint(20) NOT NULL,
  `externalId` varchar(64) NOT NULL,
  `deleted` tinyint(4) NOT NULL DEFAULT '0',
  `deletedBy` varchar(255) NOT NULL,
  `creationDate` timestamp NOT NULL DEFAULT CURRENT_TIMESTAMP,
  `createdBy` varchar(255) NOT NULL,
  `lastUpdated` timestamp NOT NULL DEFAULT CURRENT_TIMESTAMP ON UPDATE CURRENT_TIMESTAMP,
  `updatedBy` varchar(255) NOT NULL,
  PRIMARY KEY (`ID`),
  KEY `idx_patient_deleted` (`deleted`)
) ENGINE=InnoDB AUTO_INCREMENT=121 DEFAULT CHARSET=utf8;

-- Dumping data for table questionnaireDB2019.patient: ~96 rows (approximately)
/*!40000 ALTER TABLE `patient` DISABLE KEYS */;
INSERT INTO `patient` (`ID`, `hospitalId`, `externalId`, `deleted`, `deletedBy`, `creationDate`, `createdBy`, `lastUpdated`, `updatedBy`) VALUES
	(3, -1, '9999996', 0, '', '2019-04-17 15:25:13', 'QUESTIONNAIRE_MIGRATION_2019', '2019-04-17 15:25:13', 'QUESTIONNAIRE_MIGRATION_2019'),
	(8, -1, '5212785', 0, '', '2019-04-17 15:25:13', 'QUESTIONNAIRE_MIGRATION_2019', '2019-04-17 15:25:13', 'QUESTIONNAIRE_MIGRATION_2019'),
	(9, -1, '1092300', 0, '', '2019-04-17 15:25:13', 'QUESTIONNAIRE_MIGRATION_2019', '2019-04-17 15:25:13', 'QUESTIONNAIRE_MIGRATION_2019'),
	(11, -1, '0142783', 0, '', '2019-04-17 15:25:13', 'QUESTIONNAIRE_MIGRATION_2019', '2019-04-17 15:25:13', 'QUESTIONNAIRE_MIGRATION_2019'),
	(12, -1, '1246467', 0, '', '2019-04-17 15:25:13', 'QUESTIONNAIRE_MIGRATION_2019', '2019-04-17 15:25:13', 'QUESTIONNAIRE_MIGRATION_2019'),
	(13, -1, '2266525', 0, '', '2019-04-17 15:25:13', 'QUESTIONNAIRE_MIGRATION_2019', '2019-04-17 15:25:13', 'QUESTIONNAIRE_MIGRATION_2019'),
	(14, -1, '0752520', 0, '', '2019-04-17 15:25:13', 'QUESTIONNAIRE_MIGRATION_2019', '2019-04-17 15:25:13', 'QUESTIONNAIRE_MIGRATION_2019'),
	(15, -1, '1570410', 0, '', '2019-04-17 15:25:13', 'QUESTIONNAIRE_MIGRATION_2019', '2019-04-17 15:25:13', 'QUESTIONNAIRE_MIGRATION_2019'),
	(16, -1, '2105918', 0, '', '2019-04-17 15:25:13', 'QUESTIONNAIRE_MIGRATION_2019', '2019-04-17 15:25:13', 'QUESTIONNAIRE_MIGRATION_2019'),
	(20, -1, '9999996', 0, '', '2019-04-17 15:25:13', 'QUESTIONNAIRE_MIGRATION_2019', '2019-04-17 15:25:13', 'QUESTIONNAIRE_MIGRATION_2019'),
	(25, -1, '5416910', 0, '', '2019-04-17 15:25:13', 'QUESTIONNAIRE_MIGRATION_2019', '2019-04-17 15:25:13', 'QUESTIONNAIRE_MIGRATION_2019'),
	(30, -1, '0817179', 0, '', '2019-04-17 15:25:13', 'QUESTIONNAIRE_MIGRATION_2019', '2019-04-17 15:25:13', 'QUESTIONNAIRE_MIGRATION_2019'),
	(31, -1, '2065015', 0, '', '2019-04-17 15:25:13', 'QUESTIONNAIRE_MIGRATION_2019', '2019-04-17 15:25:13', 'QUESTIONNAIRE_MIGRATION_2019'),
	(32, -1, '5429670', 0, '', '2019-04-17 15:25:13', 'QUESTIONNAIRE_MIGRATION_2019', '2019-04-17 15:25:13', 'QUESTIONNAIRE_MIGRATION_2019'),
	(33, -1, '0913014', 0, '', '2019-04-17 15:25:13', 'QUESTIONNAIRE_MIGRATION_2019', '2019-04-17 15:25:13', 'QUESTIONNAIRE_MIGRATION_2019'),
	(34, -1, '5421240', 0, '', '2019-04-17 15:25:13', 'QUESTIONNAIRE_MIGRATION_2019', '2019-04-17 15:25:13', 'QUESTIONNAIRE_MIGRATION_2019'),
	(35, -1, '0937524', 0, '', '2019-04-17 15:25:13', 'QUESTIONNAIRE_MIGRATION_2019', '2019-04-17 15:25:13', 'QUESTIONNAIRE_MIGRATION_2019'),
	(36, -1, '2036756', 0, '', '2019-04-17 15:25:13', 'QUESTIONNAIRE_MIGRATION_2019', '2019-04-17 15:25:13', 'QUESTIONNAIRE_MIGRATION_2019'),
	(37, -1, '5413906', 0, '', '2019-04-17 15:25:13', 'QUESTIONNAIRE_MIGRATION_2019', '2019-04-17 15:25:13', 'QUESTIONNAIRE_MIGRATION_2019'),
	(39, -1, '2082241', 0, '', '2019-04-17 15:25:13', 'QUESTIONNAIRE_MIGRATION_2019', '2019-04-17 15:25:13', 'QUESTIONNAIRE_MIGRATION_2019'),
	(40, -1, '1276357', 0, '', '2019-04-17 15:25:13', 'QUESTIONNAIRE_MIGRATION_2019', '2019-04-17 15:25:13', 'QUESTIONNAIRE_MIGRATION_2019'),
	(41, -1, '1151416', 0, '', '2019-04-17 15:25:13', 'QUESTIONNAIRE_MIGRATION_2019', '2019-04-17 15:25:13', 'QUESTIONNAIRE_MIGRATION_2019'),
	(42, -1, '5367573', 0, '', '2019-04-17 15:25:13', 'QUESTIONNAIRE_MIGRATION_2019', '2019-04-17 15:25:13', 'QUESTIONNAIRE_MIGRATION_2019'),
	(43, -1, '5453391', 0, '', '2019-04-17 15:25:13', 'QUESTIONNAIRE_MIGRATION_2019', '2019-04-17 15:25:13', 'QUESTIONNAIRE_MIGRATION_2019'),
	(44, -1, '0863673', 0, '', '2019-04-17 15:25:13', 'QUESTIONNAIRE_MIGRATION_2019', '2019-04-17 15:25:13', 'QUESTIONNAIRE_MIGRATION_2019'),
	(45, -1, '5080476', 0, '', '2019-04-17 15:25:13', 'QUESTIONNAIRE_MIGRATION_2019', '2019-04-17 15:25:13', 'QUESTIONNAIRE_MIGRATION_2019'),
	(46, -1, '1549036', 0, '', '2019-04-17 15:25:13', 'QUESTIONNAIRE_MIGRATION_2019', '2019-04-17 15:25:13', 'QUESTIONNAIRE_MIGRATION_2019'),
	(47, -1, '5127166', 0, '', '2019-04-17 15:25:13', 'QUESTIONNAIRE_MIGRATION_2019', '2019-04-17 15:25:13', 'QUESTIONNAIRE_MIGRATION_2019'),
	(48, -1, '5413126', 0, '', '2019-04-17 15:25:13', 'QUESTIONNAIRE_MIGRATION_2019', '2019-04-17 15:25:13', 'QUESTIONNAIRE_MIGRATION_2019'),
	(49, -1, '1569407', 0, '', '2019-04-17 15:25:13', 'QUESTIONNAIRE_MIGRATION_2019', '2019-04-17 15:25:13', 'QUESTIONNAIRE_MIGRATION_2019'),
	(50, -1, '5238158', 0, '', '2019-04-17 15:25:13', 'QUESTIONNAIRE_MIGRATION_2019', '2019-04-17 15:25:13', 'QUESTIONNAIRE_MIGRATION_2019'),
	(51, -1, '1026361', 0, '', '2019-04-17 15:25:13', 'QUESTIONNAIRE_MIGRATION_2019', '2019-04-17 15:25:13', 'QUESTIONNAIRE_MIGRATION_2019'),
	(52, -1, '1128621', 0, '', '2019-04-17 15:25:13', 'QUESTIONNAIRE_MIGRATION_2019', '2019-04-17 15:25:13', 'QUESTIONNAIRE_MIGRATION_2019'),
	(53, -1, '0591132', 0, '', '2019-04-17 15:25:13', 'QUESTIONNAIRE_MIGRATION_2019', '2019-04-17 15:25:13', 'QUESTIONNAIRE_MIGRATION_2019'),
	(54, -1, '2149793', 0, '', '2019-04-17 15:25:13', 'QUESTIONNAIRE_MIGRATION_2019', '2019-04-17 15:25:13', 'QUESTIONNAIRE_MIGRATION_2019'),
	(55, -1, '5430639', 0, '', '2019-04-17 15:25:13', 'QUESTIONNAIRE_MIGRATION_2019', '2019-04-17 15:25:13', 'QUESTIONNAIRE_MIGRATION_2019'),
	(56, -1, '1008201', 0, '', '2019-04-17 15:25:13', 'QUESTIONNAIRE_MIGRATION_2019', '2019-04-17 15:25:13', 'QUESTIONNAIRE_MIGRATION_2019'),
	(57, -1, '0689261', 0, '', '2019-04-17 15:25:13', 'QUESTIONNAIRE_MIGRATION_2019', '2019-04-17 15:25:13', 'QUESTIONNAIRE_MIGRATION_2019'),
	(58, -1, '1176783', 0, '', '2019-04-17 15:25:13', 'QUESTIONNAIRE_MIGRATION_2019', '2019-04-17 15:25:13', 'QUESTIONNAIRE_MIGRATION_2019'),
	(59, -1, '5391212', 0, '', '2019-04-17 15:25:13', 'QUESTIONNAIRE_MIGRATION_2019', '2019-04-17 15:25:13', 'QUESTIONNAIRE_MIGRATION_2019'),
	(60, -1, '2274775', 0, '', '2019-04-17 15:25:13', 'QUESTIONNAIRE_MIGRATION_2019', '2019-04-17 15:25:13', 'QUESTIONNAIRE_MIGRATION_2019'),
	(61, -1, '1107172', 0, '', '2019-04-17 15:25:13', 'QUESTIONNAIRE_MIGRATION_2019', '2019-04-17 15:25:13', 'QUESTIONNAIRE_MIGRATION_2019'),
	(62, -1, '5459221', 0, '', '2019-04-17 15:25:13', 'QUESTIONNAIRE_MIGRATION_2019', '2019-04-17 15:25:13', 'QUESTIONNAIRE_MIGRATION_2019'),
	(63, -1, '1207912', 0, '', '2019-04-17 15:25:13', 'QUESTIONNAIRE_MIGRATION_2019', '2019-04-17 15:25:13', 'QUESTIONNAIRE_MIGRATION_2019'),
	(64, -1, '5453939', 0, '', '2019-04-17 15:25:13', 'QUESTIONNAIRE_MIGRATION_2019', '2019-04-17 15:25:13', 'QUESTIONNAIRE_MIGRATION_2019'),
	(65, -1, '0394317', 0, '', '2019-04-17 15:25:13', 'QUESTIONNAIRE_MIGRATION_2019', '2019-04-17 15:25:13', 'QUESTIONNAIRE_MIGRATION_2019'),
	(66, -1, '5464817', 0, '', '2019-04-17 15:25:13', 'QUESTIONNAIRE_MIGRATION_2019', '2019-04-17 15:25:13', 'QUESTIONNAIRE_MIGRATION_2019'),
	(67, -1, '5416898', 0, '', '2019-04-17 15:25:13', 'QUESTIONNAIRE_MIGRATION_2019', '2019-04-17 15:25:13', 'QUESTIONNAIRE_MIGRATION_2019'),
	(68, -1, '9999993', 0, '', '2019-04-17 15:25:13', 'QUESTIONNAIRE_MIGRATION_2019', '2019-04-17 15:25:13', 'QUESTIONNAIRE_MIGRATION_2019'),
	(69, -1, '1311273', 0, '', '2019-04-17 15:25:13', 'QUESTIONNAIRE_MIGRATION_2019', '2019-04-17 15:25:13', 'QUESTIONNAIRE_MIGRATION_2019'),
	(70, -1, '1311273', 0, '', '2019-04-17 15:25:13', 'QUESTIONNAIRE_MIGRATION_2019', '2019-04-17 15:25:13', 'QUESTIONNAIRE_MIGRATION_2019'),
	(71, -1, '1282363', 0, '', '2019-04-17 15:25:13', 'QUESTIONNAIRE_MIGRATION_2019', '2019-04-17 15:25:13', 'QUESTIONNAIRE_MIGRATION_2019'),
	(72, -1, '0265478', 0, '', '2019-04-17 15:25:13', 'QUESTIONNAIRE_MIGRATION_2019', '2019-04-17 15:25:13', 'QUESTIONNAIRE_MIGRATION_2019'),
	(73, -1, '0545256', 0, '', '2019-04-17 15:25:13', 'QUESTIONNAIRE_MIGRATION_2019', '2019-04-17 15:25:13', 'QUESTIONNAIRE_MIGRATION_2019'),
	(74, -1, '5455411', 0, '', '2019-04-17 15:25:13', 'QUESTIONNAIRE_MIGRATION_2019', '2019-04-17 15:25:13', 'QUESTIONNAIRE_MIGRATION_2019'),
	(75, -1, '0616878', 0, '', '2019-04-17 15:25:13', 'QUESTIONNAIRE_MIGRATION_2019', '2019-04-17 15:25:13', 'QUESTIONNAIRE_MIGRATION_2019'),
	(76, -1, '5422061', 0, '', '2019-04-17 15:25:13', 'QUESTIONNAIRE_MIGRATION_2019', '2019-04-17 15:25:13', 'QUESTIONNAIRE_MIGRATION_2019'),
	(77, -1, '5440228', 0, '', '2019-04-17 15:25:13', 'QUESTIONNAIRE_MIGRATION_2019', '2019-04-17 15:25:13', 'QUESTIONNAIRE_MIGRATION_2019'),
	(78, -1, '0556760', 0, '', '2019-04-17 15:25:13', 'QUESTIONNAIRE_MIGRATION_2019', '2019-04-17 15:25:13', 'QUESTIONNAIRE_MIGRATION_2019'),
	(79, -1, '9999997', 0, '', '2019-04-17 15:25:13', 'QUESTIONNAIRE_MIGRATION_2019', '2019-04-17 15:25:13', 'QUESTIONNAIRE_MIGRATION_2019'),
	(80, -1, '1329799', 0, '', '2019-04-17 15:25:13', 'QUESTIONNAIRE_MIGRATION_2019', '2019-04-17 15:25:13', 'QUESTIONNAIRE_MIGRATION_2019'),
	(81, -1, '5444718', 0, '', '2019-04-17 15:25:13', 'QUESTIONNAIRE_MIGRATION_2019', '2019-04-17 15:25:13', 'QUESTIONNAIRE_MIGRATION_2019'),
	(82, -1, '0907237', 0, '', '2019-04-17 15:25:13', 'QUESTIONNAIRE_MIGRATION_2019', '2019-04-17 15:25:13', 'QUESTIONNAIRE_MIGRATION_2019'),
	(83, -1, '2135457', 0, '', '2019-04-17 15:25:13', 'QUESTIONNAIRE_MIGRATION_2019', '2019-04-17 15:25:13', 'QUESTIONNAIRE_MIGRATION_2019'),
	(84, -1, '2024421', 0, '', '2019-04-17 15:25:13', 'QUESTIONNAIRE_MIGRATION_2019', '2019-04-17 15:25:13', 'QUESTIONNAIRE_MIGRATION_2019'),
	(85, -1, '0252647', 0, '', '2019-04-17 15:25:13', 'QUESTIONNAIRE_MIGRATION_2019', '2019-04-17 15:25:13', 'QUESTIONNAIRE_MIGRATION_2019'),
	(86, -1, '2284325', 0, '', '2019-04-17 15:25:13', 'QUESTIONNAIRE_MIGRATION_2019', '2019-04-17 15:25:13', 'QUESTIONNAIRE_MIGRATION_2019'),
	(87, -1, '5417168', 0, '', '2019-04-17 15:25:13', 'QUESTIONNAIRE_MIGRATION_2019', '2019-04-17 15:25:13', 'QUESTIONNAIRE_MIGRATION_2019'),
	(92, -1, '0989461', 0, '', '2019-04-17 15:25:13', 'QUESTIONNAIRE_MIGRATION_2019', '2019-04-17 15:25:13', 'QUESTIONNAIRE_MIGRATION_2019'),
	(93, -1, '0828198', 0, '', '2019-04-17 15:25:13', 'QUESTIONNAIRE_MIGRATION_2019', '2019-04-17 15:25:13', 'QUESTIONNAIRE_MIGRATION_2019'),
	(94, -1, '5479291', 0, '', '2019-04-17 15:25:13', 'QUESTIONNAIRE_MIGRATION_2019', '2019-04-17 15:25:13', 'QUESTIONNAIRE_MIGRATION_2019'),
	(96, -1, '0658291', 0, '', '2019-04-17 15:25:13', 'QUESTIONNAIRE_MIGRATION_2019', '2019-04-17 15:25:13', 'QUESTIONNAIRE_MIGRATION_2019'),
	(97, -1, '1446187', 0, '', '2019-04-17 15:25:13', 'QUESTIONNAIRE_MIGRATION_2019', '2019-04-17 15:25:13', 'QUESTIONNAIRE_MIGRATION_2019'),
	(98, -1, '1121454', 0, '', '2019-04-17 15:25:13', 'QUESTIONNAIRE_MIGRATION_2019', '2019-04-17 15:25:13', 'QUESTIONNAIRE_MIGRATION_2019'),
	(99, -1, '0741731', 0, '', '2019-04-17 15:25:13', 'QUESTIONNAIRE_MIGRATION_2019', '2019-04-17 15:25:13', 'QUESTIONNAIRE_MIGRATION_2019'),
	(100, -1, '5120481', 0, '', '2019-04-17 15:25:13', 'QUESTIONNAIRE_MIGRATION_2019', '2019-04-17 15:25:13', 'QUESTIONNAIRE_MIGRATION_2019'),
	(101, -1, '1378357', 0, '', '2019-04-17 15:25:13', 'QUESTIONNAIRE_MIGRATION_2019', '2019-04-17 15:25:13', 'QUESTIONNAIRE_MIGRATION_2019'),
	(102, -1, '0104762', 0, '', '2019-04-17 15:25:13', 'QUESTIONNAIRE_MIGRATION_2019', '2019-04-17 15:25:13', 'QUESTIONNAIRE_MIGRATION_2019'),
	(103, -1, '1397255', 0, '', '2019-04-17 15:25:13', 'QUESTIONNAIRE_MIGRATION_2019', '2019-04-17 15:25:13', 'QUESTIONNAIRE_MIGRATION_2019'),
	(104, -1, '5220962', 0, '', '2019-04-17 15:25:13', 'QUESTIONNAIRE_MIGRATION_2019', '2019-04-17 15:25:13', 'QUESTIONNAIRE_MIGRATION_2019'),
	(105, -1, '0452543', 0, '', '2019-04-17 15:25:13', 'QUESTIONNAIRE_MIGRATION_2019', '2019-04-17 15:25:13', 'QUESTIONNAIRE_MIGRATION_2019'),
	(106, -1, '1442779', 0, '', '2019-04-17 15:25:13', 'QUESTIONNAIRE_MIGRATION_2019', '2019-04-17 15:25:13', 'QUESTIONNAIRE_MIGRATION_2019'),
	(107, -1, '1415050', 0, '', '2019-04-17 15:25:13', 'QUESTIONNAIRE_MIGRATION_2019', '2019-04-17 15:25:13', 'QUESTIONNAIRE_MIGRATION_2019'),
	(108, -1, '5474642', 0, '', '2019-04-17 15:25:13', 'QUESTIONNAIRE_MIGRATION_2019', '2019-04-17 15:25:13', 'QUESTIONNAIRE_MIGRATION_2019'),
	(109, -1, '5432213', 0, '', '2019-04-17 15:25:13', 'QUESTIONNAIRE_MIGRATION_2019', '2019-04-17 15:25:13', 'QUESTIONNAIRE_MIGRATION_2019'),
	(110, -1, '1181283', 0, '', '2019-04-17 15:25:13', 'QUESTIONNAIRE_MIGRATION_2019', '2019-04-17 15:25:13', 'QUESTIONNAIRE_MIGRATION_2019'),
	(111, -1, '0856464', 0, '', '2019-04-17 15:25:13', 'QUESTIONNAIRE_MIGRATION_2019', '2019-04-17 15:25:13', 'QUESTIONNAIRE_MIGRATION_2019'),
	(112, -1, '5458446', 0, '', '2019-04-17 15:25:13', 'QUESTIONNAIRE_MIGRATION_2019', '2019-04-17 15:25:13', 'QUESTIONNAIRE_MIGRATION_2019'),
	(113, -1, '0871883', 0, '', '2019-04-17 15:25:13', 'QUESTIONNAIRE_MIGRATION_2019', '2019-04-17 15:25:13', 'QUESTIONNAIRE_MIGRATION_2019'),
	(114, -1, '5354975', 0, '', '2019-04-17 15:25:13', 'QUESTIONNAIRE_MIGRATION_2019', '2019-04-17 15:25:13', 'QUESTIONNAIRE_MIGRATION_2019'),
	(115, -1, '5259668', 0, '', '2019-04-17 15:25:13', 'QUESTIONNAIRE_MIGRATION_2019', '2019-04-17 15:25:13', 'QUESTIONNAIRE_MIGRATION_2019'),
	(116, -1, '5459301', 0, '', '2019-04-17 15:25:13', 'QUESTIONNAIRE_MIGRATION_2019', '2019-04-17 15:25:13', 'QUESTIONNAIRE_MIGRATION_2019'),
	(117, -1, '5477654', 0, '', '2019-04-17 15:25:13', 'QUESTIONNAIRE_MIGRATION_2019', '2019-04-17 15:25:13', 'QUESTIONNAIRE_MIGRATION_2019'),
	(118, -1, '5402438', 0, '', '2019-04-17 15:25:13', 'QUESTIONNAIRE_MIGRATION_2019', '2019-04-17 15:25:13', 'QUESTIONNAIRE_MIGRATION_2019'),
	(119, -1, '5489700', 0, '', '2019-04-17 15:25:13', 'QUESTIONNAIRE_MIGRATION_2019', '2019-04-17 15:25:13', 'QUESTIONNAIRE_MIGRATION_2019'),
	(120, -1, '0192043', 0, '', '2019-04-17 15:25:13', 'QUESTIONNAIRE_MIGRATION_2019', '2019-04-17 15:25:13', 'QUESTIONNAIRE_MIGRATION_2019');
/*!40000 ALTER TABLE `patient` ENABLE KEYS */;

-- Dumping structure for table questionnaireDB2019.question
CREATE TABLE IF NOT EXISTS `question` (
  `ID` bigint(20) NOT NULL AUTO_INCREMENT,
  `OAUserId` bigint(20) NOT NULL DEFAULT '-1',
  `display` bigint(20) NOT NULL,
  `definition` bigint(20) NOT NULL,
  `question` bigint(20) NOT NULL,
  `typeId` bigint(20) NOT NULL,
  `version` int(11) NOT NULL DEFAULT '1',
  `parentId` bigint(20) NOT NULL DEFAULT '-1',
  `polarity` tinyint(4) NOT NULL DEFAULT '0' COMMENT '0 = lowGood (the lower the score, the better the answer), 1 = highGood (the higher the score, the better the answer)',
  `private` tinyint(4) NOT NULL DEFAULT '0',
  `final` tinyint(4) NOT NULL DEFAULT '0',
  `optionalFeedback` tinyint(4) NOT NULL DEFAULT '0',
  `deleted` tinyint(4) NOT NULL DEFAULT '0',
  `deletedBy` varchar(255) NOT NULL,
  `creationDate` timestamp NOT NULL DEFAULT CURRENT_TIMESTAMP,
  `createdBy` varchar(255) NOT NULL,
  `lastUpdated` timestamp NOT NULL DEFAULT CURRENT_TIMESTAMP ON UPDATE CURRENT_TIMESTAMP,
  `updatedBy` varchar(255) NOT NULL,
  `legacyTypeId` bigint(20) NOT NULL COMMENT 'This ID linked to the legacyTypes table must be removed once the migration of the legacy questionnaire will be done and the triggers stopped.',
  PRIMARY KEY (`ID`),
  KEY `idx_question_deleted` (`deleted`),
  KEY `idx_question_OAUserId` (`OAUserId`),
  KEY `fk_question_typeId_type_ID` (`typeId`),
  KEY `fk_question_question_dictionary_contentId` (`question`),
  KEY `fk_question_display_dictionary_contentId` (`display`),
  KEY `fk_question_definition_dictionary_contentId` (`definition`),
  KEY `fk_question_legacyTypeId_legacyType` (`legacyTypeId`),
  KEY `fk_question_parentId_question_ID` (`parentId`),
  CONSTRAINT `fk_question_definition_dictionary_contentId` FOREIGN KEY (`definition`) REFERENCES `dictionary` (`contentId`) ON DELETE NO ACTION ON UPDATE NO ACTION,
  CONSTRAINT `fk_question_display_dictionary_contentId` FOREIGN KEY (`display`) REFERENCES `dictionary` (`contentId`) ON DELETE NO ACTION ON UPDATE NO ACTION,
  CONSTRAINT `fk_question_legacyTypeId_legacyType` FOREIGN KEY (`legacyTypeId`) REFERENCES `legacyType` (`ID`) ON DELETE NO ACTION ON UPDATE NO ACTION,
  CONSTRAINT `fk_question_parentId_question_ID` FOREIGN KEY (`parentId`) REFERENCES `question` (`ID`) ON DELETE NO ACTION ON UPDATE NO ACTION,
  CONSTRAINT `fk_question_question_dictionary_contentId` FOREIGN KEY (`question`) REFERENCES `dictionary` (`contentId`) ON DELETE NO ACTION ON UPDATE NO ACTION,
  CONSTRAINT `fk_question_typeId_type_ID` FOREIGN KEY (`typeId`) REFERENCES `type` (`ID`) ON DELETE NO ACTION ON UPDATE NO ACTION
) ENGINE=InnoDB AUTO_INCREMENT=886 DEFAULT CHARSET=utf8;

-- Dumping data for table questionnaireDB2019.question: ~57 rows (approximately)
/*!40000 ALTER TABLE `question` DISABLE KEYS */;
INSERT INTO `question` (`ID`, `OAUserId`, `display`, `definition`, `question`, `typeId`, `version`, `parentId`, `polarity`, `private`, `final`, `optionalFeedback`, `deleted`, `deletedBy`, `creationDate`, `createdBy`, `lastUpdated`, `updatedBy`, `legacyTypeId`) VALUES
	(791, -1, 44, 45, 46, 2, 1, -1, 0, 0, 1, 0, 0, '', '2019-04-17 15:25:13', 'QUESTIONNAIRE_MIGRATION_2019', '2019-04-17 15:25:13', 'QUESTIONNAIRE_MIGRATION_2019', 2),
	(792, -1, 49, 50, 51, 2, 1, -1, 0, 0, 1, 0, 0, '', '2019-04-17 15:25:14', 'QUESTIONNAIRE_MIGRATION_2019', '2019-04-17 15:25:14', 'QUESTIONNAIRE_MIGRATION_2019', 2),
	(793, -1, 54, 55, 56, 2, 1, -1, 0, 0, 1, 0, 0, '', '2019-04-17 15:25:14', 'QUESTIONNAIRE_MIGRATION_2019', '2019-04-17 15:25:14', 'QUESTIONNAIRE_MIGRATION_2019', 2),
	(794, -1, 59, 60, 61, 2, 1, -1, 0, 0, 1, 0, 0, '', '2019-04-17 15:25:14', 'QUESTIONNAIRE_MIGRATION_2019', '2019-04-17 15:25:14', 'QUESTIONNAIRE_MIGRATION_2019', 2),
	(795, -1, 64, 65, 66, 2, 1, -1, 0, 0, 1, 0, 0, '', '2019-04-17 15:25:14', 'QUESTIONNAIRE_MIGRATION_2019', '2019-04-17 15:25:14', 'QUESTIONNAIRE_MIGRATION_2019', 2),
	(796, -1, 69, 70, 71, 2, 1, -1, 0, 0, 1, 0, 0, '', '2019-04-17 15:25:14', 'QUESTIONNAIRE_MIGRATION_2019', '2019-04-17 15:25:14', 'QUESTIONNAIRE_MIGRATION_2019', 2),
	(797, -1, 74, 75, 76, 2, 1, -1, 0, 0, 1, 0, 0, '', '2019-04-17 15:25:14', 'QUESTIONNAIRE_MIGRATION_2019', '2019-04-17 15:25:14', 'QUESTIONNAIRE_MIGRATION_2019', 2),
	(798, -1, 79, 80, 81, 2, 1, -1, 0, 0, 1, 0, 0, '', '2019-04-17 15:25:14', 'QUESTIONNAIRE_MIGRATION_2019', '2019-04-17 15:25:14', 'QUESTIONNAIRE_MIGRATION_2019', 2),
	(799, -1, 84, 85, 86, 2, 1, -1, 0, 0, 1, 0, 0, '', '2019-04-17 15:25:14', 'QUESTIONNAIRE_MIGRATION_2019', '2019-04-17 15:25:14', 'QUESTIONNAIRE_MIGRATION_2019', 2),
	(811, -1, 23, 24, 25, 1, 1, -1, 0, 0, 1, 0, 0, '', '2019-04-17 15:25:13', 'QUESTIONNAIRE_MIGRATION_2019', '2019-04-17 15:25:13', 'QUESTIONNAIRE_MIGRATION_2019', 4),
	(823, -1, 13, 14, 15, 2, 1, -1, 1, 0, 1, 0, 0, '', '2019-04-17 15:25:13', 'QUESTIONNAIRE_MIGRATION_2019', '2019-04-17 15:25:13', 'QUESTIONNAIRE_MIGRATION_2019', 2),
	(824, -1, 18, 19, 20, 2, 1, -1, 1, 0, 1, 0, 0, '', '2019-04-17 15:25:13', 'QUESTIONNAIRE_MIGRATION_2019', '2019-04-17 15:25:13', 'QUESTIONNAIRE_MIGRATION_2019', 2),
	(830, -1, 35, 36, 37, 3, 1, -1, 0, 0, 1, 0, 0, '', '2019-04-17 15:25:13', 'QUESTIONNAIRE_MIGRATION_2019', '2019-04-17 15:25:13', 'QUESTIONNAIRE_MIGRATION_2019', 3),
	(832, -1, 38, 39, 40, 3, 1, -1, 0, 0, 1, 0, 0, '', '2019-04-17 15:25:13', 'QUESTIONNAIRE_MIGRATION_2019', '2019-04-17 15:25:13', 'QUESTIONNAIRE_MIGRATION_2019', 3),
	(842, -1, 92, 93, 94, 2, 1, -1, 0, 0, 1, 0, 0, '', '2019-04-17 15:25:14', 'QUESTIONNAIRE_MIGRATION_2019', '2019-04-17 15:25:14', 'QUESTIONNAIRE_MIGRATION_2019', 2),
	(843, -1, 97, 98, 99, 2, 1, -1, 0, 0, 1, 0, 0, '', '2019-04-17 15:25:14', 'QUESTIONNAIRE_MIGRATION_2019', '2019-04-17 15:25:14', 'QUESTIONNAIRE_MIGRATION_2019', 2),
	(844, -1, 102, 103, 104, 2, 1, -1, 0, 0, 1, 0, 0, '', '2019-04-17 15:25:14', 'QUESTIONNAIRE_MIGRATION_2019', '2019-04-17 15:25:14', 'QUESTIONNAIRE_MIGRATION_2019', 2),
	(845, -1, 107, 108, 109, 2, 1, -1, 0, 0, 1, 0, 0, '', '2019-04-17 15:25:14', 'QUESTIONNAIRE_MIGRATION_2019', '2019-04-17 15:25:14', 'QUESTIONNAIRE_MIGRATION_2019', 2),
	(846, -1, 112, 113, 114, 2, 1, -1, 0, 0, 1, 0, 0, '', '2019-04-17 15:25:14', 'QUESTIONNAIRE_MIGRATION_2019', '2019-04-17 15:25:14', 'QUESTIONNAIRE_MIGRATION_2019', 2),
	(847, -1, 117, 118, 119, 2, 1, -1, 0, 0, 1, 0, 0, '', '2019-04-17 15:25:14', 'QUESTIONNAIRE_MIGRATION_2019', '2019-04-17 15:25:14', 'QUESTIONNAIRE_MIGRATION_2019', 2),
	(848, -1, 122, 123, 124, 2, 1, -1, 0, 0, 1, 0, 0, '', '2019-04-17 15:25:14', 'QUESTIONNAIRE_MIGRATION_2019', '2019-04-17 15:25:14', 'QUESTIONNAIRE_MIGRATION_2019', 2),
	(849, -1, 127, 128, 129, 2, 1, -1, 0, 0, 1, 0, 0, '', '2019-04-17 15:25:14', 'QUESTIONNAIRE_MIGRATION_2019', '2019-04-17 15:25:14', 'QUESTIONNAIRE_MIGRATION_2019', 2),
	(850, -1, 132, 133, 134, 2, 1, -1, 0, 0, 1, 0, 0, '', '2019-04-17 15:25:14', 'QUESTIONNAIRE_MIGRATION_2019', '2019-04-17 15:25:14', 'QUESTIONNAIRE_MIGRATION_2019', 2),
	(851, -1, 137, 138, 139, 2, 1, -1, 0, 0, 1, 0, 0, '', '2019-04-17 15:25:14', 'QUESTIONNAIRE_MIGRATION_2019', '2019-04-17 15:25:14', 'QUESTIONNAIRE_MIGRATION_2019', 2),
	(852, -1, 142, 143, 144, 2, 1, -1, 0, 0, 1, 0, 0, '', '2019-04-17 15:25:14', 'QUESTIONNAIRE_MIGRATION_2019', '2019-04-17 15:25:14', 'QUESTIONNAIRE_MIGRATION_2019', 2),
	(853, -1, 150, 151, 152, 2, 1, -1, 0, 0, 1, 0, 0, '', '2019-04-17 15:25:14', 'QUESTIONNAIRE_MIGRATION_2019', '2019-04-17 15:25:14', 'QUESTIONNAIRE_MIGRATION_2019', 2),
	(854, -1, 155, 156, 157, 2, 1, -1, 0, 0, 1, 0, 0, '', '2019-04-17 15:25:14', 'QUESTIONNAIRE_MIGRATION_2019', '2019-04-17 15:25:14', 'QUESTIONNAIRE_MIGRATION_2019', 2),
	(855, -1, 160, 161, 162, 4, 1, -1, 0, 0, 1, 0, 0, '', '2019-04-17 15:25:14', 'QUESTIONNAIRE_MIGRATION_2019', '2019-04-17 15:25:14', 'QUESTIONNAIRE_MIGRATION_2019', 9),
	(856, -1, 165, 166, 167, 4, 1, -1, 0, 0, 1, 0, 0, '', '2019-04-17 15:25:14', 'QUESTIONNAIRE_MIGRATION_2019', '2019-04-17 15:25:14', 'QUESTIONNAIRE_MIGRATION_2019', 9),
	(857, -1, 170, 171, 172, 1, 1, -1, 0, 0, 1, 0, 0, '', '2019-04-17 15:25:14', 'QUESTIONNAIRE_MIGRATION_2019', '2019-04-17 15:25:14', 'QUESTIONNAIRE_MIGRATION_2019', 4),
	(858, -1, 187, 188, 189, 4, 1, -1, 0, 0, 1, 0, 0, '', '2019-04-17 15:25:14', 'QUESTIONNAIRE_MIGRATION_2019', '2019-04-17 15:25:14', 'QUESTIONNAIRE_MIGRATION_2019', 1),
	(859, -1, 204, 205, 206, 3, 1, -1, 0, 0, 1, 0, 0, '', '2019-04-17 15:25:15', 'QUESTIONNAIRE_MIGRATION_2019', '2019-04-17 15:25:15', 'QUESTIONNAIRE_MIGRATION_2019', 3),
	(860, -1, 210, 211, 212, 4, 1, -1, 0, 0, 1, 0, 0, '', '2019-04-17 15:25:15', 'QUESTIONNAIRE_MIGRATION_2019', '2019-04-17 15:25:15', 'QUESTIONNAIRE_MIGRATION_2019', 1),
	(861, -1, 216, 217, 218, 4, 1, -1, 0, 0, 1, 0, 0, '', '2019-04-17 15:25:15', 'QUESTIONNAIRE_MIGRATION_2019', '2019-04-17 15:25:15', 'QUESTIONNAIRE_MIGRATION_2019', 1),
	(862, -1, 222, 223, 224, 4, 1, -1, 0, 0, 1, 0, 0, '', '2019-04-17 15:25:15', 'QUESTIONNAIRE_MIGRATION_2019', '2019-04-17 15:25:15', 'QUESTIONNAIRE_MIGRATION_2019', 1),
	(863, -1, 231, 232, 233, 4, 1, -1, 0, 0, 1, 0, 0, '', '2019-04-17 15:25:15', 'QUESTIONNAIRE_MIGRATION_2019', '2019-04-17 15:25:15', 'QUESTIONNAIRE_MIGRATION_2019', 1),
	(864, -1, 237, 238, 239, 4, 1, -1, 0, 0, 1, 0, 0, '', '2019-04-17 15:25:15', 'QUESTIONNAIRE_MIGRATION_2019', '2019-04-17 15:25:15', 'QUESTIONNAIRE_MIGRATION_2019', 1),
	(865, -1, 243, 244, 245, 4, 1, -1, 0, 0, 1, 0, 0, '', '2019-04-17 15:25:15', 'QUESTIONNAIRE_MIGRATION_2019', '2019-04-17 15:25:15', 'QUESTIONNAIRE_MIGRATION_2019', 1),
	(866, -1, 249, 250, 251, 4, 1, -1, 0, 0, 1, 0, 0, '', '2019-04-17 15:25:15', 'QUESTIONNAIRE_MIGRATION_2019', '2019-04-17 15:25:15', 'QUESTIONNAIRE_MIGRATION_2019', 1),
	(867, -1, 255, 256, 257, 4, 1, -1, 0, 0, 1, 0, 0, '', '2019-04-17 15:25:15', 'QUESTIONNAIRE_MIGRATION_2019', '2019-04-17 15:25:15', 'QUESTIONNAIRE_MIGRATION_2019', 1),
	(869, -1, 264, 265, 266, 4, 1, -1, 0, 0, 1, 0, 0, '', '2019-04-17 15:25:15', 'QUESTIONNAIRE_MIGRATION_2019', '2019-04-17 15:25:15', 'QUESTIONNAIRE_MIGRATION_2019', 1),
	(870, -1, 269, 270, 271, 3, 1, -1, 0, 0, 1, 0, 0, '', '2019-04-17 15:25:15', 'QUESTIONNAIRE_MIGRATION_2019', '2019-04-17 15:25:15', 'QUESTIONNAIRE_MIGRATION_2019', 3),
	(871, -1, 272, 273, 274, 1, 1, -1, 0, 0, 1, 0, 0, '', '2019-04-17 15:25:15', 'QUESTIONNAIRE_MIGRATION_2019', '2019-04-17 15:25:15', 'QUESTIONNAIRE_MIGRATION_2019', 4),
	(872, -1, 285, 286, 287, 3, 1, -1, 0, 0, 1, 0, 0, '', '2019-04-17 15:25:15', 'QUESTIONNAIRE_MIGRATION_2019', '2019-04-17 15:25:15', 'QUESTIONNAIRE_MIGRATION_2019', 3),
	(873, -1, 288, 289, 290, 3, 1, -1, 0, 0, 1, 0, 0, '', '2019-04-17 15:25:15', 'QUESTIONNAIRE_MIGRATION_2019', '2019-04-17 15:25:15', 'QUESTIONNAIRE_MIGRATION_2019', 3),
	(874, -1, 291, 292, 293, 4, 1, -1, 0, 0, 1, 0, 0, '', '2019-04-17 15:25:15', 'QUESTIONNAIRE_MIGRATION_2019', '2019-04-17 15:25:15', 'QUESTIONNAIRE_MIGRATION_2019', 1),
	(875, -1, 296, 297, 298, 3, 1, -1, 0, 0, 1, 0, 0, '', '2019-04-17 15:25:15', 'QUESTIONNAIRE_MIGRATION_2019', '2019-04-17 15:25:15', 'QUESTIONNAIRE_MIGRATION_2019', 3),
	(876, -1, 299, 300, 301, 4, 1, -1, 0, 0, 1, 0, 0, '', '2019-04-17 15:25:15', 'QUESTIONNAIRE_MIGRATION_2019', '2019-04-17 15:25:15', 'QUESTIONNAIRE_MIGRATION_2019', 1),
	(877, -1, 304, 305, 306, 4, 1, -1, 0, 0, 1, 0, 0, '', '2019-04-17 15:25:15', 'QUESTIONNAIRE_MIGRATION_2019', '2019-04-17 15:25:15', 'QUESTIONNAIRE_MIGRATION_2019', 1),
	(878, -1, 309, 310, 311, 3, 1, -1, 0, 0, 1, 0, 0, '', '2019-04-17 15:25:15', 'QUESTIONNAIRE_MIGRATION_2019', '2019-04-17 15:25:15', 'QUESTIONNAIRE_MIGRATION_2019', 3),
	(879, -1, 312, 313, 314, 4, 1, -1, 0, 0, 1, 0, 0, '', '2019-04-17 15:25:15', 'QUESTIONNAIRE_MIGRATION_2019', '2019-04-17 15:25:15', 'QUESTIONNAIRE_MIGRATION_2019', 1),
	(880, -1, 318, 319, 320, 4, 1, -1, 0, 0, 1, 0, 0, '', '2019-04-17 15:25:15', 'QUESTIONNAIRE_MIGRATION_2019', '2019-04-17 15:25:15', 'QUESTIONNAIRE_MIGRATION_2019', 1),
	(881, -1, 324, 325, 326, 3, 1, -1, 0, 0, 1, 0, 0, '', '2019-04-17 15:25:15', 'QUESTIONNAIRE_MIGRATION_2019', '2019-04-17 15:25:15', 'QUESTIONNAIRE_MIGRATION_2019', 3),
	(882, -1, 327, 328, 329, 3, 1, -1, 0, 0, 1, 0, 0, '', '2019-04-17 15:25:15', 'QUESTIONNAIRE_MIGRATION_2019', '2019-04-17 15:25:15', 'QUESTIONNAIRE_MIGRATION_2019', 3),
	(883, -1, 330, 331, 332, 4, 1, -1, 0, 0, 1, 0, 0, '', '2019-04-17 15:25:15', 'QUESTIONNAIRE_MIGRATION_2019', '2019-04-17 15:25:15', 'QUESTIONNAIRE_MIGRATION_2019', 1),
	(884, -1, 335, 336, 337, 3, 1, -1, 0, 0, 1, 0, 0, '', '2019-04-17 15:25:15', 'QUESTIONNAIRE_MIGRATION_2019', '2019-04-17 15:25:15', 'QUESTIONNAIRE_MIGRATION_2019', 3),
	(885, 20, 469, 470, 471, 4, 1, -1, 0, 0, 0, 0, 0, '', '2019-04-17 15:25:23', 'dbourdua', '2019-04-17 15:25:23', 'dbourdua', 0);
/*!40000 ALTER TABLE `question` ENABLE KEYS */;

-- Dumping structure for table questionnaireDB2019.questionFeedback
CREATE TABLE IF NOT EXISTS `questionFeedback` (
  `ID` bigint(20) NOT NULL AUTO_INCREMENT,
  `questionId` bigint(20) NOT NULL,
  `languageId` bigint(20) NOT NULL,
  `patientId` bigint(20) NOT NULL,
  `feedback` text NOT NULL,
  `deleted` tinyint(4) NOT NULL DEFAULT '0',
  `deletedBy` varchar(255) NOT NULL,
  `creationDate` timestamp NOT NULL DEFAULT CURRENT_TIMESTAMP,
  `createdBy` varchar(255) NOT NULL,
  `lastUpdated` timestamp NOT NULL DEFAULT CURRENT_TIMESTAMP ON UPDATE CURRENT_TIMESTAMP,
  `updatedBy` varchar(255) NOT NULL,
  PRIMARY KEY (`ID`),
  KEY `fk_questionFeedback_deleted` (`deleted`),
  KEY `fk_questionFeedback_questionId_question_ID` (`questionId`),
  KEY `fk_questionFeedback_patientId_patient_ID` (`patientId`),
  KEY `fk_questionFeedback_languageId_language_ID` (`languageId`),
  CONSTRAINT `fk_questionFeedback_languageId_language_ID` FOREIGN KEY (`languageId`) REFERENCES `language` (`ID`) ON DELETE NO ACTION ON UPDATE NO ACTION,
  CONSTRAINT `fk_questionFeedback_patientId_patient_ID` FOREIGN KEY (`patientId`) REFERENCES `patient` (`ID`) ON DELETE NO ACTION ON UPDATE NO ACTION,
  CONSTRAINT `fk_questionFeedback_questionId_question_ID` FOREIGN KEY (`questionId`) REFERENCES `question` (`ID`)
) ENGINE=InnoDB DEFAULT CHARSET=utf8;

-- Dumping data for table questionnaireDB2019.questionFeedback: ~0 rows (approximately)
/*!40000 ALTER TABLE `questionFeedback` DISABLE KEYS */;
/*!40000 ALTER TABLE `questionFeedback` ENABLE KEYS */;

-- Dumping structure for table questionnaireDB2019.questionnaire
CREATE TABLE IF NOT EXISTS `questionnaire` (
  `ID` bigint(20) NOT NULL AUTO_INCREMENT,
  `OAUserId` bigint(20) NOT NULL DEFAULT '-1',
  `title` bigint(20) NOT NULL,
  `nickname` bigint(20) NOT NULL,
  `category` int(11) NOT NULL DEFAULT '-1',
  `order` int(11) NOT NULL DEFAULT '0',
  `description` bigint(20) NOT NULL,
  `instruction` bigint(20) NOT NULL,
  `final` tinyint(4) NOT NULL DEFAULT '0',
  `version` int(11) NOT NULL DEFAULT '1',
  `parentId` bigint(20) NOT NULL DEFAULT '-1',
  `private` tinyint(4) NOT NULL DEFAULT '0',
  `optionalFeedback` tinyint(4) NOT NULL DEFAULT '1',
  `logo` varchar(512) NOT NULL,
  `deleted` tinyint(4) NOT NULL DEFAULT '0',
  `deletedBy` varchar(255) NOT NULL,
  `creationDate` timestamp NOT NULL DEFAULT CURRENT_TIMESTAMP,
  `createdBy` varchar(255) NOT NULL,
  `lastUpdated` timestamp NOT NULL DEFAULT CURRENT_TIMESTAMP ON UPDATE CURRENT_TIMESTAMP,
  `updatedBy` varchar(255) NOT NULL,
  `legacyName` varchar(255) NOT NULL COMMENT 'This field is mandatory to make the app works during the migration process. This field must be removed once the migration of the legacy questionnaire will be done, the triggers stopped and the app changed to use the correct standards.',
  PRIMARY KEY (`ID`),
  KEY `idx_questionnaire_deleted` (`deleted`),
  KEY `idx_questionnaire_OAUserId` (`OAUserId`),
  KEY `fk_questionnaire_title_dictionary_contentId` (`title`),
  KEY `fk_questionnaire_nickname_dictionary_contentId` (`nickname`),
  KEY `fk_questionnaire_description_dictionary_contentId` (`description`),
  KEY `fk_questionnaire_instructions_dictionary_contentId` (`instruction`),
  KEY `fk_questionnaire_parentId_questionnaire_ID` (`parentId`),
  CONSTRAINT `fk_questionnaire_description_dictionary_contentId` FOREIGN KEY (`description`) REFERENCES `dictionary` (`contentId`) ON DELETE NO ACTION ON UPDATE NO ACTION,
  CONSTRAINT `fk_questionnaire_instructions_dictionary_contentId` FOREIGN KEY (`instruction`) REFERENCES `dictionary` (`contentId`) ON DELETE NO ACTION ON UPDATE NO ACTION,
  CONSTRAINT `fk_questionnaire_nickname_dictionary_contentId` FOREIGN KEY (`nickname`) REFERENCES `dictionary` (`contentId`) ON DELETE NO ACTION ON UPDATE NO ACTION,
  CONSTRAINT `fk_questionnaire_parentId_questionnaire_ID` FOREIGN KEY (`parentId`) REFERENCES `questionnaire` (`ID`) ON DELETE NO ACTION ON UPDATE NO ACTION,
  CONSTRAINT `fk_questionnaire_title_dictionary_contentId` FOREIGN KEY (`title`) REFERENCES `dictionary` (`contentId`) ON DELETE NO ACTION ON UPDATE NO ACTION
) ENGINE=InnoDB AUTO_INCREMENT=26 DEFAULT CHARSET=utf8;

-- Dumping data for table questionnaireDB2019.questionnaire: ~7 rows (approximately)
/*!40000 ALTER TABLE `questionnaire` DISABLE KEYS */;
INSERT INTO `questionnaire` (`ID`, `OAUserId`, `title`, `nickname`, `category`, `order`, `description`, `instruction`, `final`, `version`, `parentId`, `private`, `optionalFeedback`, `logo`, `deleted`, `deletedBy`, `creationDate`, `createdBy`, `lastUpdated`, `updatedBy`, `legacyName`) VALUES
	(11, -1, 10, -1, -1, 0, 11, -1, 1, 1, -1, 0, 1, '', 0, '', '2019-04-17 15:25:13', 'QUESTIONNAIRE_MIGRATION_2019', '2019-04-17 15:25:15', 'QUESTIONNAIRE_MIGRATION_2019', 'Patient Satisfaction Questionnaire / Questionnaire de satisfaction des patients'),
	(12, -1, 41, -1, -1, 0, 42, -1, 1, 1, -1, 0, 1, '', 0, '', '2019-04-17 15:25:13', 'QUESTIONNAIRE_MIGRATION_2019', '2019-04-17 15:25:15', 'QUESTIONNAIRE_MIGRATION_2019', 'Edmonton Symptom Assessment System / chelle d\'valuation des symptmes d\'Edmonton'),
	(18, -1, 89, -1, -1, 0, 90, -1, 1, 1, -1, 0, 1, '', 0, '', '2019-04-17 15:25:14', 'QUESTIONNAIRE_MIGRATION_2019', '2019-04-17 15:25:15', 'QUESTIONNAIRE_MIGRATION_2019', 'Breast Radiotherapy Symptoms / Symptmes de la radiothrapie du sein'),
	(19, -1, 147, -1, -1, 0, 148, -1, 1, 1, -1, 0, 1, '', 0, '', '2019-04-17 15:25:14', 'QUESTIONNAIRE_MIGRATION_2019', '2019-04-17 15:25:15', 'QUESTIONNAIRE_MIGRATION_2019', 'Opal Feedback Questionnaire'),
	(20, -1, 207, -1, -1, 0, 208, -1, 1, 1, -1, 0, 1, '', 0, '', '2019-04-17 15:25:15', 'QUESTIONNAIRE_MIGRATION_2019', '2019-04-17 15:25:15', 'QUESTIONNAIRE_MIGRATION_2019', 'Patient Acceptability'),
	(21, -1, 228, -1, -1, 0, 229, -1, 1, 1, -1, 0, 1, '', 0, '', '2019-04-17 15:25:15', 'QUESTIONNAIRE_MIGRATION_2019', '2019-04-17 15:25:15', 'QUESTIONNAIRE_MIGRATION_2019', 'Information about diagnosis and prognosis of cancer disease'),
	(25, -1, 261, -1, -1, 0, 262, -1, 1, 1, -1, 0, 1, '', 0, '', '2019-04-17 15:25:15', 'QUESTIONNAIRE_MIGRATION_2019', '2019-04-17 15:25:15', 'QUESTIONNAIRE_MIGRATION_2019', 'Health Snapshot Questionnaire / Portrait de sant');
/*!40000 ALTER TABLE `questionnaire` ENABLE KEYS */;

-- Dumping structure for table questionnaireDB2019.questionnaireFeedback
CREATE TABLE IF NOT EXISTS `questionnaireFeedback` (
  `ID` bigint(20) NOT NULL AUTO_INCREMENT,
  `questionnaireId` bigint(20) NOT NULL,
  `languageId` bigint(20) NOT NULL,
  `patientId` bigint(20) NOT NULL,
  `feedback` text NOT NULL,
  `deleted` tinyint(4) NOT NULL DEFAULT '0',
  `deletedBy` varchar(255) NOT NULL,
  `creationDate` timestamp NOT NULL DEFAULT CURRENT_TIMESTAMP,
  `createdBy` varchar(255) NOT NULL,
  `lastUpdated` timestamp NOT NULL DEFAULT CURRENT_TIMESTAMP ON UPDATE CURRENT_TIMESTAMP,
  `updatedBy` varchar(255) NOT NULL,
  PRIMARY KEY (`ID`),
  KEY `idx_questionnaireFeedback` (`deleted`),
  KEY `fk_questionnaireFeedback_questionnaireId_questionnaire_ID` (`questionnaireId`),
  KEY `fk_questionnaireFeedback_patientId_patient_ID` (`patientId`),
  KEY `fk_questionnaireFeedback_languageId_language_ID` (`languageId`),
  CONSTRAINT `fk_questionnaireFeedback_languageId_language_ID` FOREIGN KEY (`languageId`) REFERENCES `language` (`ID`) ON DELETE NO ACTION ON UPDATE NO ACTION,
  CONSTRAINT `fk_questionnaireFeedback_patientId_patient_ID` FOREIGN KEY (`patientId`) REFERENCES `patient` (`ID`) ON DELETE NO ACTION ON UPDATE NO ACTION,
  CONSTRAINT `fk_questionnaireFeedback_questionnaireId_questionnaire_ID` FOREIGN KEY (`questionnaireId`) REFERENCES `questionnaire` (`ID`)
) ENGINE=InnoDB DEFAULT CHARSET=utf8;

-- Dumping data for table questionnaireDB2019.questionnaireFeedback: ~0 rows (approximately)
/*!40000 ALTER TABLE `questionnaireFeedback` DISABLE KEYS */;
/*!40000 ALTER TABLE `questionnaireFeedback` ENABLE KEYS */;

-- Dumping structure for table questionnaireDB2019.questionnaireRating
CREATE TABLE IF NOT EXISTS `questionnaireRating` (
  `ID` bigint(20) NOT NULL AUTO_INCREMENT,
  `questionnaireId` bigint(20) NOT NULL,
  `languageId` bigint(20) NOT NULL,
  `patientId` bigint(20) NOT NULL,
  `rating` int(11) NOT NULL DEFAULT '0',
  `comment` text NOT NULL,
  `deleted` tinyint(4) NOT NULL DEFAULT '0',
  `deletedBy` varchar(255) NOT NULL,
  `creationDate` timestamp NOT NULL DEFAULT CURRENT_TIMESTAMP,
  `createdBy` varchar(255) NOT NULL,
  `lastUpdated` timestamp NOT NULL DEFAULT CURRENT_TIMESTAMP ON UPDATE CURRENT_TIMESTAMP,
  `updatedBy` varchar(255) NOT NULL,
  PRIMARY KEY (`ID`),
  KEY `idx_questionnaireRating_deleted` (`deleted`),
  KEY `fk_questionnaireRating_questionnaireId_questionnaire_ID` (`questionnaireId`),
  KEY `fk_questionnaireRating_patientId_patient_ID` (`patientId`),
  KEY `fk_questionnaireRating_languageId_language_ID` (`languageId`),
  CONSTRAINT `fk_questionnaireRating_languageId_language_ID` FOREIGN KEY (`languageId`) REFERENCES `language` (`ID`) ON DELETE NO ACTION ON UPDATE NO ACTION,
  CONSTRAINT `fk_questionnaireRating_patientId_patient_ID` FOREIGN KEY (`patientId`) REFERENCES `patient` (`ID`) ON DELETE NO ACTION ON UPDATE NO ACTION,
  CONSTRAINT `fk_questionnaireRating_questionnaireId_questionnaire_ID` FOREIGN KEY (`questionnaireId`) REFERENCES `questionnaire` (`ID`)
) ENGINE=InnoDB DEFAULT CHARSET=utf8;

-- Dumping data for table questionnaireDB2019.questionnaireRating: ~0 rows (approximately)
/*!40000 ALTER TABLE `questionnaireRating` DISABLE KEYS */;
/*!40000 ALTER TABLE `questionnaireRating` ENABLE KEYS */;

-- Dumping structure for table questionnaireDB2019.questionRating
CREATE TABLE IF NOT EXISTS `questionRating` (
  `ID` bigint(20) NOT NULL AUTO_INCREMENT,
  `questionId` bigint(20) NOT NULL,
  `languageId` bigint(20) NOT NULL,
  `patientId` bigint(20) NOT NULL,
  `rating` int(11) NOT NULL DEFAULT '0',
  `comment` text NOT NULL,
  `deleted` tinyint(4) NOT NULL DEFAULT '0',
  `deletedBy` varchar(255) NOT NULL,
  `creationDate` timestamp NOT NULL DEFAULT CURRENT_TIMESTAMP,
  `createdBy` varchar(255) NOT NULL,
  `lastUpdated` timestamp NOT NULL DEFAULT CURRENT_TIMESTAMP ON UPDATE CURRENT_TIMESTAMP,
  `updatedBy` varchar(255) NOT NULL,
  PRIMARY KEY (`ID`),
  KEY `fk_questionRating_questionId_question_ID` (`questionId`),
  KEY `fk_questionRating_patientId_patient_ID` (`patientId`),
  KEY `fk_questionRating_languageId_language_ID` (`languageId`),
  CONSTRAINT `fk_questionRating_languageId_language_ID` FOREIGN KEY (`languageId`) REFERENCES `language` (`ID`) ON DELETE NO ACTION ON UPDATE NO ACTION,
  CONSTRAINT `fk_questionRating_patientId_patient_ID` FOREIGN KEY (`patientId`) REFERENCES `patient` (`ID`) ON DELETE NO ACTION ON UPDATE NO ACTION,
  CONSTRAINT `fk_questionRating_questionId_question_ID` FOREIGN KEY (`questionId`) REFERENCES `question` (`ID`) ON DELETE NO ACTION ON UPDATE NO ACTION
) ENGINE=InnoDB DEFAULT CHARSET=utf8;

-- Dumping data for table questionnaireDB2019.questionRating: ~0 rows (approximately)
/*!40000 ALTER TABLE `questionRating` DISABLE KEYS */;
/*!40000 ALTER TABLE `questionRating` ENABLE KEYS */;

-- Dumping structure for table questionnaireDB2019.questionSection
CREATE TABLE IF NOT EXISTS `questionSection` (
  `ID` bigint(20) NOT NULL AUTO_INCREMENT,
  `questionId` bigint(20) NOT NULL,
  `sectionId` bigint(20) NOT NULL,
  `order` int(11) NOT NULL DEFAULT '0',
  `orientation` int(11) NOT NULL DEFAULT '0' COMMENT '0 = Portrait, 1 = Landscape, 2 = Both',
  `optional` tinyint(4) NOT NULL DEFAULT '0' COMMENT '0 = false, 1 = true',
  PRIMARY KEY (`ID`),
  KEY `fk_questionSection_questionId_question_ID` (`questionId`),
  KEY `fk_questionSection_sectionId_section_ID` (`sectionId`),
  CONSTRAINT `fk_questionSection_questionId_question_ID` FOREIGN KEY (`questionId`) REFERENCES `question` (`ID`),
  CONSTRAINT `fk_questionSection_sectionId_section_ID` FOREIGN KEY (`sectionId`) REFERENCES `section` (`ID`)
) ENGINE=InnoDB AUTO_INCREMENT=181 DEFAULT CHARSET=utf8;

-- Dumping data for table questionnaireDB2019.questionSection: ~56 rows (approximately)
/*!40000 ALTER TABLE `questionSection` DISABLE KEYS */;
INSERT INTO `questionSection` (`ID`, `questionId`, `sectionId`, `order`, `orientation`, `optional`) VALUES
	(104, 823, 11, 1, 0, 0),
	(105, 824, 11, 2, 0, 0),
	(106, 811, 11, 3, 0, 0),
	(107, 830, 11, 4, 0, 0),
	(108, 832, 11, 5, 0, 0),
	(109, 793, 12, 3, 0, 0),
	(110, 794, 12, 4, 0, 0),
	(111, 795, 12, 5, 0, 0),
	(112, 791, 12, 1, 0, 0),
	(113, 796, 12, 6, 0, 0),
	(114, 792, 12, 2, 0, 0),
	(115, 799, 12, 9, 0, 0),
	(116, 797, 12, 7, 0, 0),
	(117, 798, 12, 8, 0, 0),
	(139, 842, 18, 1, 0, 0),
	(140, 843, 18, 2, 0, 0),
	(141, 844, 18, 3, 0, 0),
	(142, 845, 18, 4, 0, 0),
	(143, 846, 18, 5, 0, 0),
	(144, 847, 18, 6, 0, 0),
	(145, 848, 18, 7, 0, 0),
	(146, 849, 18, 8, 0, 0),
	(147, 850, 18, 9, 0, 0),
	(148, 851, 18, 10, 0, 0),
	(149, 852, 18, 11, 0, 0),
	(150, 853, 19, 1, 0, 0),
	(151, 854, 19, 2, 0, 0),
	(152, 855, 19, 3, 0, 0),
	(153, 856, 19, 4, 0, 0),
	(154, 857, 19, 5, 0, 0),
	(155, 858, 19, 6, 0, 0),
	(156, 859, 19, 7, 0, 0),
	(157, 860, 20, 1, 0, 0),
	(158, 861, 20, 2, 0, 0),
	(159, 862, 20, 3, 0, 0),
	(160, 863, 21, 1, 0, 0),
	(161, 864, 21, 2, 0, 0),
	(162, 865, 21, 3, 0, 0),
	(163, 866, 21, 4, 0, 0),
	(164, 867, 21, 5, 0, 0),
	(165, 869, 25, 1, 0, 0),
	(166, 870, 25, 2, 0, 0),
	(167, 871, 25, 3, 0, 0),
	(168, 872, 25, 4, 0, 0),
	(169, 873, 25, 5, 0, 0),
	(170, 874, 25, 6, 0, 0),
	(171, 875, 25, 7, 0, 0),
	(172, 876, 25, 8, 0, 0),
	(173, 877, 25, 9, 0, 0),
	(174, 878, 25, 10, 0, 0),
	(175, 879, 25, 11, 0, 0),
	(176, 880, 25, 12, 0, 0),
	(177, 881, 25, 13, 0, 0),
	(178, 882, 25, 14, 0, 0),
	(179, 883, 25, 15, 0, 0),
	(180, 884, 25, 16, 0, 0);
/*!40000 ALTER TABLE `questionSection` ENABLE KEYS */;

-- Dumping structure for table questionnaireDB2019.radioButton
CREATE TABLE IF NOT EXISTS `radioButton` (
  `ID` bigint(20) NOT NULL AUTO_INCREMENT,
  `questionId` bigint(20) NOT NULL,
  PRIMARY KEY (`ID`),
  KEY `fk_radioButton_questionId_question_ID` (`questionId`),
  CONSTRAINT `fk_radioButton_questionId_question_ID` FOREIGN KEY (`questionId`) REFERENCES `question` (`ID`) ON DELETE NO ACTION ON UPDATE NO ACTION
) ENGINE=InnoDB AUTO_INCREMENT=6 DEFAULT CHARSET=utf8;

-- Dumping data for table questionnaireDB2019.radioButton: ~5 rows (approximately)
/*!40000 ALTER TABLE `radioButton` DISABLE KEYS */;
INSERT INTO `radioButton` (`ID`, `questionId`) VALUES
	(1, 811),
	(2, 855),
	(3, 856),
	(4, 857),
	(5, 871);
/*!40000 ALTER TABLE `radioButton` ENABLE KEYS */;

-- Dumping structure for table questionnaireDB2019.radioButtonOption
CREATE TABLE IF NOT EXISTS `radioButtonOption` (
  `ID` bigint(20) NOT NULL AUTO_INCREMENT,
  `parentTableId` bigint(20) NOT NULL,
  `description` bigint(20) NOT NULL,
  `order` int(11) NOT NULL DEFAULT '0',
  PRIMARY KEY (`ID`),
  KEY `fk_radioButtonOption_parentTableId_radioButton_ID` (`parentTableId`),
  KEY `fk_radioButtonOption_description_dictionary_contentId` (`description`),
  CONSTRAINT `fk_radioButtonOption_description_dictionary_contentId` FOREIGN KEY (`description`) REFERENCES `dictionary` (`contentId`) ON DELETE NO ACTION ON UPDATE NO ACTION,
  CONSTRAINT `fk_radioButtonOption_parentTableId_radioButton_ID` FOREIGN KEY (`parentTableId`) REFERENCES `radioButton` (`ID`)
) ENGINE=InnoDB AUTO_INCREMENT=38 DEFAULT CHARSET=utf8;

-- Dumping data for table questionnaireDB2019.radioButtonOption: ~37 rows (approximately)
/*!40000 ALTER TABLE `radioButtonOption` DISABLE KEYS */;
INSERT INTO `radioButtonOption` (`ID`, `parentTableId`, `description`, `order`) VALUES
	(1, 1, 26, 1),
	(2, 1, 27, 2),
	(3, 1, 28, 3),
	(4, 1, 29, 4),
	(5, 1, 30, 5),
	(6, 1, 31, 6),
	(7, 1, 32, 7),
	(8, 1, 33, 8),
	(9, 1, 34, 9),
	(10, 2, 163, 1),
	(11, 2, 164, 2),
	(12, 3, 168, 1),
	(13, 3, 169, 2),
	(14, 4, 173, 1),
	(15, 4, 174, 2),
	(16, 4, 175, 3),
	(17, 4, 176, 4),
	(18, 4, 177, 5),
	(19, 4, 178, 6),
	(20, 4, 179, 7),
	(21, 4, 180, 8),
	(22, 4, 181, 9),
	(23, 4, 182, 10),
	(24, 4, 183, 11),
	(25, 4, 184, 12),
	(26, 4, 185, 13),
	(27, 4, 186, 14),
	(28, 5, 275, 1),
	(29, 5, 276, 2),
	(30, 5, 277, 3),
	(31, 5, 278, 4),
	(32, 5, 279, 5),
	(33, 5, 280, 6),
	(34, 5, 281, 7),
	(35, 5, 282, 8),
	(36, 5, 283, 9),
	(37, 5, 284, 10);
/*!40000 ALTER TABLE `radioButtonOption` ENABLE KEYS */;

-- Dumping structure for table questionnaireDB2019.section
CREATE TABLE IF NOT EXISTS `section` (
  `ID` bigint(20) NOT NULL AUTO_INCREMENT,
  `questionnaireId` bigint(20) NOT NULL,
  `title` bigint(20) NOT NULL,
  `instruction` bigint(20) NOT NULL,
  `order` int(11) NOT NULL DEFAULT '0',
  `deleted` tinyint(4) NOT NULL DEFAULT '0',
  `deletedBy` varchar(255) NOT NULL,
  `creationDate` timestamp NOT NULL DEFAULT CURRENT_TIMESTAMP,
  `createdBy` varchar(255) NOT NULL,
  `lastUpdated` timestamp NOT NULL DEFAULT CURRENT_TIMESTAMP ON UPDATE CURRENT_TIMESTAMP,
  `updatedBy` varchar(255) NOT NULL,
  PRIMARY KEY (`ID`),
  KEY `idx_section_deleted` (`deleted`),
  KEY `fk_section_questionnaireId_questrionnaire_ID` (`questionnaireId`),
  KEY `fk_section_instruction_dictionary_contentId` (`instruction`),
  KEY `fk_section_title_dictionary_contentId` (`title`),
  CONSTRAINT `fk_section_instruction_dictionary_contentId` FOREIGN KEY (`instruction`) REFERENCES `dictionary` (`contentId`) ON DELETE NO ACTION ON UPDATE NO ACTION,
  CONSTRAINT `fk_section_questionnaireId_questrionnaire_ID` FOREIGN KEY (`questionnaireId`) REFERENCES `questionnaire` (`ID`),
  CONSTRAINT `fk_section_title_dictionary_contentId` FOREIGN KEY (`title`) REFERENCES `dictionary` (`contentId`) ON DELETE NO ACTION ON UPDATE NO ACTION
) ENGINE=InnoDB AUTO_INCREMENT=26 DEFAULT CHARSET=utf8;

-- Dumping data for table questionnaireDB2019.section: ~7 rows (approximately)
/*!40000 ALTER TABLE `section` DISABLE KEYS */;
INSERT INTO `section` (`ID`, `questionnaireId`, `title`, `instruction`, `order`, `deleted`, `deletedBy`, `creationDate`, `createdBy`, `lastUpdated`, `updatedBy`) VALUES
	(11, 11, -1, 12, 0, 0, '', '2019-04-17 15:25:13', 'QUESTIONNAIRE_MIGRATION_2019', '2019-04-17 15:25:13', 'QUESTIONNAIRE_MIGRATION_2019'),
	(12, 12, -1, 43, 0, 0, '', '2019-04-17 15:25:13', 'QUESTIONNAIRE_MIGRATION_2019', '2019-04-17 15:25:13', 'QUESTIONNAIRE_MIGRATION_2019'),
	(18, 18, -1, 91, 0, 0, '', '2019-04-17 15:25:14', 'QUESTIONNAIRE_MIGRATION_2019', '2019-04-17 15:25:14', 'QUESTIONNAIRE_MIGRATION_2019'),
	(19, 19, -1, 149, 0, 0, '', '2019-04-17 15:25:14', 'QUESTIONNAIRE_MIGRATION_2019', '2019-04-17 15:25:14', 'QUESTIONNAIRE_MIGRATION_2019'),
	(20, 20, -1, 209, 0, 0, '', '2019-04-17 15:25:15', 'QUESTIONNAIRE_MIGRATION_2019', '2019-04-17 15:25:15', 'QUESTIONNAIRE_MIGRATION_2019'),
	(21, 21, -1, 230, 0, 0, '', '2019-04-17 15:25:15', 'QUESTIONNAIRE_MIGRATION_2019', '2019-04-17 15:25:15', 'QUESTIONNAIRE_MIGRATION_2019'),
	(25, 25, -1, 263, 0, 0, '', '2019-04-17 15:25:15', 'QUESTIONNAIRE_MIGRATION_2019', '2019-04-17 15:25:15', 'QUESTIONNAIRE_MIGRATION_2019');
/*!40000 ALTER TABLE `section` ENABLE KEYS */;

-- Dumping structure for table questionnaireDB2019.slider
CREATE TABLE IF NOT EXISTS `slider` (
  `ID` bigint(20) NOT NULL AUTO_INCREMENT,
  `questionId` bigint(20) NOT NULL,
  `minValue` float NOT NULL,
  `maxValue` float NOT NULL,
  `minCaption` bigint(20) NOT NULL,
  `maxCaption` bigint(20) NOT NULL,
  `increment` float NOT NULL,
  PRIMARY KEY (`ID`),
  KEY `fk_slider_minCaption_dictionnary_contentId` (`minCaption`),
  KEY `fk_slider_maxCaption_dictionnary_contentId` (`maxCaption`),
  KEY `fk_slider_question_ID` (`questionId`),
  CONSTRAINT `fk_slider_maxCaption_dictionnary_contentId` FOREIGN KEY (`maxCaption`) REFERENCES `dictionary` (`contentId`) ON DELETE NO ACTION ON UPDATE NO ACTION,
  CONSTRAINT `fk_slider_minCaption_dictionnary_contentId` FOREIGN KEY (`minCaption`) REFERENCES `dictionary` (`contentId`) ON DELETE NO ACTION ON UPDATE NO ACTION,
  CONSTRAINT `fk_slider_question_ID` FOREIGN KEY (`questionId`) REFERENCES `question` (`ID`) ON DELETE NO ACTION ON UPDATE NO ACTION
) ENGINE=InnoDB AUTO_INCREMENT=25 DEFAULT CHARSET=utf8;

-- Dumping data for table questionnaireDB2019.slider: ~24 rows (approximately)
/*!40000 ALTER TABLE `slider` DISABLE KEYS */;
INSERT INTO `slider` (`ID`, `questionId`, `minValue`, `maxValue`, `minCaption`, `maxCaption`, `increment`) VALUES
	(1, 823, 0, 5, 16, 17, 1),
	(2, 824, 0, 5, 21, 22, 1),
	(3, 791, 0, 10, 47, 48, 1),
	(4, 792, 0, 10, 52, 53, 1),
	(5, 793, 0, 10, 57, 58, 1),
	(6, 794, 0, 10, 62, 63, 1),
	(7, 795, 0, 10, 67, 68, 1),
	(8, 796, 0, 10, 72, 73, 1),
	(9, 797, 0, 10, 77, 78, 1),
	(10, 798, 0, 10, 82, 83, 1),
	(11, 799, 0, 10, 87, 88, 1),
	(12, 842, 0, 4, 95, 96, 1),
	(13, 843, 0, 4, 100, 101, 1),
	(14, 844, 0, 4, 105, 106, 1),
	(15, 845, 0, 4, 110, 111, 1),
	(16, 846, 0, 4, 115, 116, 1),
	(17, 847, 0, 4, 120, 121, 1),
	(18, 848, 0, 4, 125, 126, 1),
	(19, 849, 0, 4, 130, 131, 1),
	(20, 850, 0, 7, 135, 136, 1),
	(21, 851, 0, 7, 140, 141, 1),
	(22, 852, 0, 4, 145, 146, 1),
	(23, 853, 0, 5, 153, 154, 1),
	(24, 854, 0, 5, 158, 159, 1);
/*!40000 ALTER TABLE `slider` ENABLE KEYS */;

-- Dumping structure for table questionnaireDB2019.tag
CREATE TABLE IF NOT EXISTS `tag` (
  `ID` bigint(20) NOT NULL AUTO_INCREMENT,
  `tag` bigint(20) NOT NULL,
  `deleted` tinyint(4) NOT NULL DEFAULT '0',
  `deletedBy` varchar(255) NOT NULL,
  `creationDate` timestamp NOT NULL DEFAULT CURRENT_TIMESTAMP,
  `createdBy` varchar(255) NOT NULL,
  `lastUpdated` timestamp NOT NULL DEFAULT CURRENT_TIMESTAMP ON UPDATE CURRENT_TIMESTAMP,
  `updatedBy` varchar(255) NOT NULL,
  PRIMARY KEY (`ID`),
  KEY `idx_tag_deleted` (`deleted`),
  KEY `fk_tag_tag_dictionary_contentId` (`tag`),
  CONSTRAINT `fk_tag_tag_dictionary_contentId` FOREIGN KEY (`tag`) REFERENCES `dictionary` (`contentId`) ON DELETE NO ACTION ON UPDATE NO ACTION
) ENGINE=InnoDB DEFAULT CHARSET=utf8;

-- Dumping data for table questionnaireDB2019.tag: ~0 rows (approximately)
/*!40000 ALTER TABLE `tag` DISABLE KEYS */;
/*!40000 ALTER TABLE `tag` ENABLE KEYS */;

-- Dumping structure for table questionnaireDB2019.tagLibrary
CREATE TABLE IF NOT EXISTS `tagLibrary` (
  `ID` bigint(20) NOT NULL AUTO_INCREMENT,
  `tagId` bigint(20) NOT NULL,
  `libraryId` bigint(20) NOT NULL,
  PRIMARY KEY (`ID`),
  KEY `fk_tagLibrary_tagId_tag_ID` (`tagId`),
  KEY `fk_tagLibrary_libraryId_library_ID` (`libraryId`),
  CONSTRAINT `fk_tagLibrary_libraryId_library_ID` FOREIGN KEY (`libraryId`) REFERENCES `library` (`ID`) ON DELETE NO ACTION ON UPDATE NO ACTION,
  CONSTRAINT `fk_tagLibrary_tagId_tag_ID` FOREIGN KEY (`tagId`) REFERENCES `tag` (`ID`)
) ENGINE=InnoDB DEFAULT CHARSET=utf8;

-- Dumping data for table questionnaireDB2019.tagLibrary: ~0 rows (approximately)
/*!40000 ALTER TABLE `tagLibrary` DISABLE KEYS */;
/*!40000 ALTER TABLE `tagLibrary` ENABLE KEYS */;

-- Dumping structure for table questionnaireDB2019.tagQuestion
CREATE TABLE IF NOT EXISTS `tagQuestion` (
  `ID` bigint(20) NOT NULL AUTO_INCREMENT,
  `tagId` bigint(20) NOT NULL,
  `questionId` bigint(20) NOT NULL,
  PRIMARY KEY (`ID`),
  KEY `fk_tagQuestion_questionId_question_ID` (`questionId`),
  KEY `fk_tagQuestion_tagId_tag_ID` (`tagId`),
  CONSTRAINT `fk_tagQuestion_questionId_question_ID` FOREIGN KEY (`questionId`) REFERENCES `question` (`ID`),
  CONSTRAINT `fk_tagQuestion_tagId_tag_ID` FOREIGN KEY (`tagId`) REFERENCES `tag` (`ID`)
) ENGINE=InnoDB DEFAULT CHARSET=utf8;

-- Dumping data for table questionnaireDB2019.tagQuestion: ~0 rows (approximately)
/*!40000 ALTER TABLE `tagQuestion` DISABLE KEYS */;
/*!40000 ALTER TABLE `tagQuestion` ENABLE KEYS */;

-- Dumping structure for table questionnaireDB2019.textBox
CREATE TABLE IF NOT EXISTS `textBox` (
  `ID` bigint(20) NOT NULL AUTO_INCREMENT,
  `questionId` bigint(20) NOT NULL,
  PRIMARY KEY (`ID`),
  KEY `fk_textBox_questionId_question_ID` (`questionId`),
  CONSTRAINT `fk_textBox_questionId_question_ID` FOREIGN KEY (`questionId`) REFERENCES `question` (`ID`) ON DELETE NO ACTION ON UPDATE NO ACTION
) ENGINE=InnoDB AUTO_INCREMENT=12 DEFAULT CHARSET=utf8;

-- Dumping data for table questionnaireDB2019.textBox: ~11 rows (approximately)
/*!40000 ALTER TABLE `textBox` DISABLE KEYS */;
INSERT INTO `textBox` (`ID`, `questionId`) VALUES
	(1, 830),
	(2, 832),
	(3, 859),
	(4, 870),
	(5, 872),
	(6, 873),
	(7, 875),
	(8, 878),
	(9, 881),
	(10, 882),
	(11, 884);
/*!40000 ALTER TABLE `textBox` ENABLE KEYS */;

-- Dumping structure for table questionnaireDB2019.time
CREATE TABLE IF NOT EXISTS `time` (
  `ID` bigint(20) NOT NULL AUTO_INCREMENT,
  `questionId` bigint(20) NOT NULL,
  PRIMARY KEY (`ID`),
  KEY `fk_time_questionId_question_ID` (`questionId`),
  CONSTRAINT `fk_time_questionId_question_ID` FOREIGN KEY (`questionId`) REFERENCES `question` (`ID`) ON DELETE NO ACTION ON UPDATE NO ACTION
) ENGINE=InnoDB DEFAULT CHARSET=utf8;

-- Dumping data for table questionnaireDB2019.time: ~0 rows (approximately)
/*!40000 ALTER TABLE `time` DISABLE KEYS */;
/*!40000 ALTER TABLE `time` ENABLE KEYS */;

-- Dumping structure for table questionnaireDB2019.triggerWord
CREATE TABLE IF NOT EXISTS `triggerWord` (
  `ID` bigint(20) NOT NULL AUTO_INCREMENT,
  `parentTableId` bigint(20) NOT NULL,
  `description` bigint(20) NOT NULL,
  `order` int(11) NOT NULL DEFAULT '0',
  PRIMARY KEY (`ID`),
  KEY `fk_triggerWord_parentTableId_textBox_ID` (`parentTableId`),
  KEY `fk_triggerWord_description_dictionary_contentId` (`description`),
  CONSTRAINT `fk_triggerWord_description_dictionary_contentId` FOREIGN KEY (`description`) REFERENCES `dictionary` (`contentId`) ON DELETE NO ACTION ON UPDATE NO ACTION,
  CONSTRAINT `fk_triggerWord_parentTableId_textBox_ID` FOREIGN KEY (`parentTableId`) REFERENCES `textBox` (`ID`)
) ENGINE=InnoDB DEFAULT CHARSET=utf8;

-- Dumping data for table questionnaireDB2019.triggerWord: ~0 rows (approximately)
/*!40000 ALTER TABLE `triggerWord` DISABLE KEYS */;
/*!40000 ALTER TABLE `triggerWord` ENABLE KEYS */;

-- Dumping structure for table questionnaireDB2019.type
CREATE TABLE IF NOT EXISTS `type` (
  `ID` bigint(20) NOT NULL AUTO_INCREMENT,
  `description` bigint(20) NOT NULL,
  `tableId` bigint(20) NOT NULL,
  `subTableId` bigint(20) NOT NULL,
  `templateTableId` bigint(20) NOT NULL,
  `templateSubTableId` bigint(20) NOT NULL,
  PRIMARY KEY (`ID`),
  KEY `fk_type_description_dictionary_contentId` (`description`),
  KEY `fk_type_tableId_definitionTable_ID` (`tableId`),
  KEY `fk_type_subTableId_definitionTable_ID` (`subTableId`),
  KEY `fk_type_templateTableId_definitionTable_ID` (`templateTableId`),
  KEY `fk_type_templateSubTableId_definitionTable_ID` (`templateSubTableId`),
  CONSTRAINT `fk_type_description_dictionary_contentId` FOREIGN KEY (`description`) REFERENCES `dictionary` (`contentId`) ON DELETE NO ACTION ON UPDATE NO ACTION,
  CONSTRAINT `fk_type_subTableId_definitionTable_ID` FOREIGN KEY (`subTableId`) REFERENCES `definitionTable` (`ID`) ON DELETE NO ACTION ON UPDATE NO ACTION,
  CONSTRAINT `fk_type_tableId_definitionTable_ID` FOREIGN KEY (`tableId`) REFERENCES `definitionTable` (`ID`) ON DELETE NO ACTION ON UPDATE NO ACTION,
  CONSTRAINT `fk_type_templateSubTableId_definitionTable_ID` FOREIGN KEY (`templateSubTableId`) REFERENCES `definitionTable` (`ID`) ON DELETE NO ACTION ON UPDATE NO ACTION,
  CONSTRAINT `fk_type_templateTableId_definitionTable_ID` FOREIGN KEY (`templateTableId`) REFERENCES `definitionTable` (`ID`) ON DELETE NO ACTION ON UPDATE NO ACTION
) ENGINE=InnoDB AUTO_INCREMENT=8 DEFAULT CHARSET=utf8;

-- Dumping data for table questionnaireDB2019.type: ~7 rows (approximately)
/*!40000 ALTER TABLE `type` DISABLE KEYS */;
INSERT INTO `type` (`ID`, `description`, `tableId`, `subTableId`, `templateTableId`, `templateSubTableId`) VALUES
	(1, 3, 11, 12, 42, 43),
	(2, 4, 33, -1, 49, -1),
	(3, 5, 37, 39, 50, 52),
	(4, 6, 30, 31, 47, 48),
	(5, 7, 16, 17, 45, 46),
	(6, 8, 38, -1, 51, -1),
	(7, 9, 13, -1, 44, -1);
/*!40000 ALTER TABLE `type` ENABLE KEYS */;

-- Dumping structure for table questionnaireDB2019.typeTemplate
CREATE TABLE IF NOT EXISTS `typeTemplate` (
  `ID` bigint(20) NOT NULL AUTO_INCREMENT,
  `OAUserId` bigint(20) NOT NULL DEFAULT '-1',
  `name` bigint(20) NOT NULL,
  `typeId` bigint(20) NOT NULL,
  `version` int(11) NOT NULL,
  `parentId` bigint(20) NOT NULL DEFAULT '-1',
  `polarity` tinyint(4) NOT NULL DEFAULT '0',
  `private` tinyint(4) NOT NULL DEFAULT '0',
  `deleted` tinyint(4) NOT NULL DEFAULT '0',
  `deletedBy` varchar(255) NOT NULL,
  `creationDate` timestamp NOT NULL DEFAULT CURRENT_TIMESTAMP,
  `createdBy` varchar(255) NOT NULL,
  `lastUpdated` timestamp NOT NULL DEFAULT CURRENT_TIMESTAMP ON UPDATE CURRENT_TIMESTAMP,
  `updatedBy` varchar(255) NOT NULL,
  PRIMARY KEY (`ID`),
  KEY `idx_typeTemplate_deleted` (`deleted`),
  KEY `idx_typeTemplate_OAUserId` (`OAUserId`),
  KEY `fk_typeTemplate_name_dictionary_contentId` (`name`),
  KEY `fk_typeTemplate_typeId_type_ID` (`typeId`),
  KEY `fk_typeTemplate_parentId_typeTemplate_ID` (`parentId`),
  CONSTRAINT `fk_typeTemplate_name_dictionary_contentId` FOREIGN KEY (`name`) REFERENCES `dictionary` (`contentId`) ON DELETE NO ACTION ON UPDATE NO ACTION,
  CONSTRAINT `fk_typeTemplate_parentId_typeTemplate_ID` FOREIGN KEY (`parentId`) REFERENCES `typeTemplate` (`ID`) ON DELETE NO ACTION ON UPDATE NO ACTION,
  CONSTRAINT `fk_typeTemplate_typeId_type_ID` FOREIGN KEY (`typeId`) REFERENCES `type` (`ID`) ON DELETE NO ACTION ON UPDATE NO ACTION
) ENGINE=InnoDB AUTO_INCREMENT=27 DEFAULT CHARSET=utf8;

-- Dumping data for table questionnaireDB2019.typeTemplate: ~26 rows (approximately)
/*!40000 ALTER TABLE `typeTemplate` DISABLE KEYS */;
INSERT INTO `typeTemplate` (`ID`, `OAUserId`, `name`, `typeId`, `version`, `parentId`, `polarity`, `private`, `deleted`, `deletedBy`, `creationDate`, `createdBy`, `lastUpdated`, `updatedBy`) VALUES
	(1, -1, 338, 4, 0, -1, 0, 0, 0, '', '2019-04-17 15:25:15', 'QUESTIONNAIRE_MIGRATION_2019', '2019-04-17 15:25:15', 'QUESTIONNAIRE_MIGRATION_2019'),
	(2, -1, 344, 4, 0, -1, 0, 0, 0, '', '2019-04-17 15:25:15', 'QUESTIONNAIRE_MIGRATION_2019', '2019-04-17 15:25:15', 'QUESTIONNAIRE_MIGRATION_2019'),
	(3, -1, 351, 4, 0, -1, 0, 0, 0, '', '2019-04-17 15:25:15', 'QUESTIONNAIRE_MIGRATION_2019', '2019-04-17 15:25:15', 'QUESTIONNAIRE_MIGRATION_2019'),
	(4, -1, 359, 4, 0, -1, 0, 0, 0, '', '2019-04-17 15:25:16', 'QUESTIONNAIRE_MIGRATION_2019', '2019-04-17 15:25:16', 'QUESTIONNAIRE_MIGRATION_2019'),
	(5, -1, 365, 4, 0, -1, 0, 0, 0, '', '2019-04-17 15:25:16', 'QUESTIONNAIRE_MIGRATION_2019', '2019-04-17 15:25:16', 'QUESTIONNAIRE_MIGRATION_2019'),
	(6, -1, 368, 4, 0, -1, 0, 0, 0, '', '2019-04-17 15:25:16', 'QUESTIONNAIRE_MIGRATION_2019', '2019-04-17 15:25:16', 'QUESTIONNAIRE_MIGRATION_2019'),
	(7, -1, 372, 4, 0, -1, 0, 0, 0, '', '2019-04-17 15:25:16', 'QUESTIONNAIRE_MIGRATION_2019', '2019-04-17 15:25:16', 'QUESTIONNAIRE_MIGRATION_2019'),
	(8, -1, 377, 4, 0, -1, 0, 0, 0, '', '2019-04-17 15:25:16', 'QUESTIONNAIRE_MIGRATION_2019', '2019-04-17 15:25:16', 'QUESTIONNAIRE_MIGRATION_2019'),
	(9, -1, 383, 4, 0, -1, 0, 0, 0, '', '2019-04-17 15:25:16', 'QUESTIONNAIRE_MIGRATION_2019', '2019-04-17 15:25:16', 'QUESTIONNAIRE_MIGRATION_2019'),
	(10, -1, 391, 4, 0, -1, 0, 0, 0, '', '2019-04-17 15:25:16', 'QUESTIONNAIRE_MIGRATION_2019', '2019-04-17 15:25:16', 'QUESTIONNAIRE_MIGRATION_2019'),
	(11, -1, 397, 4, 0, -1, 0, 0, 0, '', '2019-04-17 15:25:16', 'QUESTIONNAIRE_MIGRATION_2019', '2019-04-17 15:25:16', 'QUESTIONNAIRE_MIGRATION_2019'),
	(12, -1, 403, 4, 0, -1, 0, 0, 0, '', '2019-04-17 15:25:16', 'QUESTIONNAIRE_MIGRATION_2019', '2019-04-17 15:25:16', 'QUESTIONNAIRE_MIGRATION_2019'),
	(13, -1, 408, 4, 0, -1, 0, 0, 0, '', '2019-04-17 15:25:16', 'QUESTIONNAIRE_MIGRATION_2019', '2019-04-17 15:25:16', 'QUESTIONNAIRE_MIGRATION_2019'),
	(14, -1, 413, 4, 0, -1, 0, 0, 0, '', '2019-04-17 15:25:16', 'QUESTIONNAIRE_MIGRATION_2019', '2019-04-17 15:25:16', 'QUESTIONNAIRE_MIGRATION_2019'),
	(15, -1, 419, 4, 0, -1, 0, 0, 0, '', '2019-04-17 15:25:16', 'QUESTIONNAIRE_MIGRATION_2019', '2019-04-17 15:25:16', 'QUESTIONNAIRE_MIGRATION_2019'),
	(16, -1, 423, 4, 0, -1, 0, 0, 0, '', '2019-04-17 15:25:16', 'QUESTIONNAIRE_MIGRATION_2019', '2019-04-17 15:25:16', 'QUESTIONNAIRE_MIGRATION_2019'),
	(17, -1, 429, 4, 0, -1, 0, 0, 0, '', '2019-04-17 15:25:16', 'QUESTIONNAIRE_MIGRATION_2019', '2019-04-17 15:25:16', 'QUESTIONNAIRE_MIGRATION_2019'),
	(18, -1, 434, 4, 0, -1, 0, 0, 0, '', '2019-04-17 15:25:16', 'QUESTIONNAIRE_MIGRATION_2019', '2019-04-17 15:25:16', 'QUESTIONNAIRE_MIGRATION_2019'),
	(19, -1, 440, 4, 0, -1, 0, 0, 0, '', '2019-04-17 15:25:16', 'QUESTIONNAIRE_MIGRATION_2019', '2019-04-17 15:25:16', 'QUESTIONNAIRE_MIGRATION_2019'),
	(20, -1, 446, 4, 0, -1, 0, 0, 0, '', '2019-04-17 15:25:16', 'QUESTIONNAIRE_MIGRATION_2019', '2019-04-17 15:25:16', 'QUESTIONNAIRE_MIGRATION_2019'),
	(21, -1, 452, 4, 0, -1, 0, 0, 0, '', '2019-04-17 15:25:16', 'QUESTIONNAIRE_MIGRATION_2019', '2019-04-17 15:25:16', 'QUESTIONNAIRE_MIGRATION_2019'),
	(22, -1, 458, 2, 0, -1, 0, 0, 0, '', '2019-04-17 15:25:16', 'QUESTIONNAIRE_MIGRATION_2019', '2019-04-17 15:25:16', 'QUESTIONNAIRE_MIGRATION_2019'),
	(23, -1, 461, 3, 0, -1, 0, 0, 0, '', '2019-04-17 15:25:16', 'QUESTIONNAIRE_MIGRATION_2019', '2019-04-17 15:25:16', 'QUESTIONNAIRE_MIGRATION_2019'),
	(24, -1, 462, 7, 0, -1, 0, 0, 0, '', '2019-04-17 15:25:16', 'QUESTIONNAIRE_MIGRATION_2019', '2019-04-17 15:25:16', 'QUESTIONNAIRE_MIGRATION_2019'),
	(25, -1, 463, 6, 0, -1, 0, 0, 0, '', '2019-04-17 15:25:16', 'QUESTIONNAIRE_MIGRATION_2019', '2019-04-17 15:25:16', 'QUESTIONNAIRE_MIGRATION_2019'),
	(26, -1, 464, 4, 0, -1, 0, 0, 0, '', '2019-04-17 15:25:16', 'QUESTIONNAIRE_MIGRATION_2019', '2019-04-17 15:25:16', 'QUESTIONNAIRE_MIGRATION_2019');
/*!40000 ALTER TABLE `typeTemplate` ENABLE KEYS */;

-- Dumping structure for table questionnaireDB2019.typeTemplateCheckbox
CREATE TABLE IF NOT EXISTS `typeTemplateCheckbox` (
  `ID` bigint(20) NOT NULL AUTO_INCREMENT,
  `typeTemplateId` bigint(20) NOT NULL,
  `minAnswer` int(11) NOT NULL DEFAULT '0',
  `maxAnswer` int(11) NOT NULL DEFAULT '0',
  PRIMARY KEY (`ID`),
  KEY `fk_ttc_typeTemplateId_typeTemplate_ID` (`typeTemplateId`),
  CONSTRAINT `fk_ttc_typeTemplateId_typeTemplate_ID` FOREIGN KEY (`typeTemplateId`) REFERENCES `typeTemplate` (`ID`) ON DELETE NO ACTION ON UPDATE NO ACTION
) ENGINE=InnoDB DEFAULT CHARSET=utf8;

-- Dumping data for table questionnaireDB2019.typeTemplateCheckbox: ~0 rows (approximately)
/*!40000 ALTER TABLE `typeTemplateCheckbox` DISABLE KEYS */;
/*!40000 ALTER TABLE `typeTemplateCheckbox` ENABLE KEYS */;

-- Dumping structure for table questionnaireDB2019.typeTemplateCheckboxOption
CREATE TABLE IF NOT EXISTS `typeTemplateCheckboxOption` (
  `ID` bigint(20) NOT NULL AUTO_INCREMENT,
  `parentTableId` bigint(20) NOT NULL,
  `description` bigint(20) NOT NULL,
  `order` int(11) NOT NULL DEFAULT '0',
  `specialAction` int(11) NOT NULL COMMENT '0 = nothing special, 1 = check everything, 2 = uncheck everything',
  PRIMARY KEY (`ID`),
  KEY `fk_ttco_parentTableId_typeTemplateCheckbox_ID` (`parentTableId`),
  KEY `fk_ttco_description_dictionary_contentId` (`description`),
  CONSTRAINT `fk_ttco_description_dictionary_contentId` FOREIGN KEY (`description`) REFERENCES `dictionary` (`contentId`) ON DELETE NO ACTION ON UPDATE NO ACTION,
  CONSTRAINT `fk_ttco_parentTableId_typeTemplateCheckbox_ID` FOREIGN KEY (`parentTableId`) REFERENCES `typeTemplateCheckbox` (`ID`) ON DELETE NO ACTION ON UPDATE NO ACTION
) ENGINE=InnoDB DEFAULT CHARSET=utf8;

-- Dumping data for table questionnaireDB2019.typeTemplateCheckboxOption: ~0 rows (approximately)
/*!40000 ALTER TABLE `typeTemplateCheckboxOption` DISABLE KEYS */;
/*!40000 ALTER TABLE `typeTemplateCheckboxOption` ENABLE KEYS */;

-- Dumping structure for table questionnaireDB2019.typeTemplateDate
CREATE TABLE IF NOT EXISTS `typeTemplateDate` (
  `ID` bigint(20) NOT NULL AUTO_INCREMENT,
  `typeTemplateId` bigint(20) NOT NULL,
  PRIMARY KEY (`ID`),
  KEY `fk_ttd_typeTemplateId_typeTemplate_ID` (`typeTemplateId`),
  CONSTRAINT `fk_ttd_typeTemplateId_typeTemplate_ID` FOREIGN KEY (`typeTemplateId`) REFERENCES `typeTemplate` (`ID`) ON DELETE NO ACTION ON UPDATE NO ACTION
) ENGINE=InnoDB AUTO_INCREMENT=2 DEFAULT CHARSET=utf8;

-- Dumping data for table questionnaireDB2019.typeTemplateDate: ~1 rows (approximately)
/*!40000 ALTER TABLE `typeTemplateDate` DISABLE KEYS */;
INSERT INTO `typeTemplateDate` (`ID`, `typeTemplateId`) VALUES
	(1, 24);
/*!40000 ALTER TABLE `typeTemplateDate` ENABLE KEYS */;

-- Dumping structure for table questionnaireDB2019.typeTemplateLabel
CREATE TABLE IF NOT EXISTS `typeTemplateLabel` (
  `ID` bigint(20) NOT NULL AUTO_INCREMENT,
  `typeTemplateId` bigint(20) NOT NULL,
  `displayIntensity` int(11) NOT NULL DEFAULT '0',
  `pathImage` varchar(512) NOT NULL,
  PRIMARY KEY (`ID`),
  KEY `fk_ttl_typeTemplateId_typeTemplate_ID` (`typeTemplateId`),
  CONSTRAINT `fk_ttl_typeTemplateId_typeTemplate_ID` FOREIGN KEY (`typeTemplateId`) REFERENCES `typeTemplate` (`ID`) ON DELETE NO ACTION ON UPDATE NO ACTION
) ENGINE=InnoDB DEFAULT CHARSET=utf8;

-- Dumping data for table questionnaireDB2019.typeTemplateLabel: ~0 rows (approximately)
/*!40000 ALTER TABLE `typeTemplateLabel` DISABLE KEYS */;
/*!40000 ALTER TABLE `typeTemplateLabel` ENABLE KEYS */;

-- Dumping structure for table questionnaireDB2019.typeTemplateLabelOption
CREATE TABLE IF NOT EXISTS `typeTemplateLabelOption` (
  `ID` bigint(20) NOT NULL AUTO_INCREMENT,
  `parentTableId` bigint(20) NOT NULL,
  `description` bigint(20) NOT NULL,
  `posInitX` int(11) NOT NULL DEFAULT '0',
  `posInitY` int(11) NOT NULL DEFAULT '0',
  `posFinalX` int(11) NOT NULL DEFAULT '0',
  `posFinalY` int(11) NOT NULL DEFAULT '0',
  `intensity` int(11) NOT NULL DEFAULT '0',
  `order` int(11) NOT NULL DEFAULT '0',
  PRIMARY KEY (`ID`),
  KEY `fk_ttlo_parentTableId_typeTemplateLabel_ID` (`parentTableId`),
  KEY `fk_ttlo_description_dictionary_contentId` (`description`),
  CONSTRAINT `fk_ttlo_description_dictionary_contentId` FOREIGN KEY (`description`) REFERENCES `dictionary` (`contentId`) ON DELETE NO ACTION ON UPDATE NO ACTION,
  CONSTRAINT `fk_ttlo_parentTableId_typeTemplateLabel_ID` FOREIGN KEY (`parentTableId`) REFERENCES `typeTemplateLabel` (`ID`) ON DELETE NO ACTION ON UPDATE NO ACTION
) ENGINE=InnoDB DEFAULT CHARSET=utf8;

-- Dumping data for table questionnaireDB2019.typeTemplateLabelOption: ~0 rows (approximately)
/*!40000 ALTER TABLE `typeTemplateLabelOption` DISABLE KEYS */;
/*!40000 ALTER TABLE `typeTemplateLabelOption` ENABLE KEYS */;

-- Dumping structure for table questionnaireDB2019.typeTemplateRadioButton
CREATE TABLE IF NOT EXISTS `typeTemplateRadioButton` (
  `ID` bigint(20) NOT NULL AUTO_INCREMENT,
  `typeTemplateId` bigint(20) NOT NULL,
  PRIMARY KEY (`ID`),
  KEY `fk_ttrb_typeTemplateId_typeTemplate_ID` (`typeTemplateId`),
  CONSTRAINT `fk_ttrb_typeTemplateId_typeTemplate_ID` FOREIGN KEY (`typeTemplateId`) REFERENCES `typeTemplate` (`ID`) ON DELETE NO ACTION ON UPDATE NO ACTION
) ENGINE=InnoDB AUTO_INCREMENT=23 DEFAULT CHARSET=utf8;

-- Dumping data for table questionnaireDB2019.typeTemplateRadioButton: ~22 rows (approximately)
/*!40000 ALTER TABLE `typeTemplateRadioButton` DISABLE KEYS */;
INSERT INTO `typeTemplateRadioButton` (`ID`, `typeTemplateId`) VALUES
	(1, 1),
	(2, 2),
	(3, 3),
	(4, 4),
	(5, 5),
	(6, 6),
	(7, 7),
	(8, 8),
	(9, 9),
	(10, 10),
	(11, 11),
	(12, 12),
	(13, 13),
	(14, 14),
	(15, 15),
	(16, 16),
	(17, 17),
	(18, 18),
	(19, 19),
	(20, 20),
	(21, 21),
	(22, 26);
/*!40000 ALTER TABLE `typeTemplateRadioButton` ENABLE KEYS */;

-- Dumping structure for table questionnaireDB2019.typeTemplateRadioButtonOption
CREATE TABLE IF NOT EXISTS `typeTemplateRadioButtonOption` (
  `ID` bigint(20) NOT NULL AUTO_INCREMENT,
  `parentTableId` bigint(20) NOT NULL,
  `description` bigint(20) NOT NULL,
  `order` int(11) NOT NULL DEFAULT '0',
  PRIMARY KEY (`ID`),
  KEY `fk_ttrbo_parentTableId_typeTemplateRadioButton_ID` (`parentTableId`),
  KEY `fk_ttrbo_description_dictionary_contentId` (`description`),
  CONSTRAINT `fk_ttrbo_description_dictionary_contentId` FOREIGN KEY (`description`) REFERENCES `dictionary` (`contentId`) ON DELETE NO ACTION ON UPDATE NO ACTION,
  CONSTRAINT `fk_ttrbo_parentTableId_typeTemplateRadioButton_ID` FOREIGN KEY (`parentTableId`) REFERENCES `typeTemplateRadioButton` (`ID`) ON DELETE NO ACTION ON UPDATE NO ACTION
) ENGINE=InnoDB AUTO_INCREMENT=104 DEFAULT CHARSET=utf8;

-- Dumping data for table questionnaireDB2019.typeTemplateRadioButtonOption: ~103 rows (approximately)
/*!40000 ALTER TABLE `typeTemplateRadioButtonOption` DISABLE KEYS */;
INSERT INTO `typeTemplateRadioButtonOption` (`ID`, `parentTableId`, `description`, `order`) VALUES
	(1, 1, 339, 1),
	(2, 1, 340, 2),
	(3, 1, 341, 3),
	(4, 1, 342, 4),
	(5, 1, 343, 5),
	(6, 2, 345, 1),
	(7, 2, 346, 2),
	(8, 2, 347, 3),
	(9, 2, 348, 4),
	(10, 2, 349, 5),
	(11, 2, 350, 6),
	(12, 3, 352, 1),
	(13, 3, 353, 2),
	(14, 3, 354, 3),
	(15, 3, 355, 4),
	(16, 3, 356, 5),
	(17, 3, 357, 6),
	(18, 3, 358, 7),
	(19, 4, 360, 1),
	(20, 4, 361, 2),
	(21, 4, 362, 3),
	(22, 4, 363, 4),
	(23, 4, 364, 5),
	(24, 5, 366, 1),
	(25, 5, 367, 2),
	(26, 6, 369, 1),
	(27, 6, 370, 2),
	(28, 6, 371, 3),
	(29, 7, 373, 1),
	(30, 7, 374, 2),
	(31, 7, 375, 3),
	(32, 7, 376, 4),
	(33, 8, 378, 1),
	(34, 8, 379, 2),
	(35, 8, 380, 3),
	(36, 8, 381, 4),
	(37, 8, 382, 5),
	(38, 9, 384, 1),
	(39, 9, 385, 2),
	(40, 9, 386, 3),
	(41, 9, 387, 4),
	(42, 9, 388, 5),
	(43, 9, 389, 6),
	(44, 9, 390, 7),
	(45, 10, 392, 1),
	(46, 10, 393, 2),
	(47, 10, 394, 3),
	(48, 10, 395, 4),
	(49, 10, 396, 5),
	(50, 11, 398, 1),
	(51, 11, 399, 2),
	(52, 11, 400, 3),
	(53, 11, 401, 4),
	(54, 11, 402, 5),
	(55, 12, 404, 1),
	(56, 12, 405, 2),
	(57, 12, 406, 3),
	(58, 12, 407, 4),
	(59, 13, 409, 1),
	(60, 13, 410, 2),
	(61, 13, 411, 3),
	(62, 13, 412, 4),
	(63, 14, 414, 1),
	(64, 14, 415, 2),
	(65, 14, 416, 3),
	(66, 14, 417, 4),
	(67, 14, 418, 5),
	(68, 15, 420, 1),
	(69, 15, 421, 2),
	(70, 15, 422, 3),
	(71, 16, 424, 1),
	(72, 16, 425, 2),
	(73, 16, 426, 3),
	(74, 16, 427, 4),
	(75, 16, 428, 5),
	(76, 17, 430, 1),
	(77, 17, 431, 2),
	(78, 17, 432, 3),
	(79, 17, 433, 4),
	(80, 18, 435, 1),
	(81, 18, 436, 2),
	(82, 18, 437, 3),
	(83, 18, 438, 4),
	(84, 18, 439, 5),
	(85, 19, 441, 1),
	(86, 19, 442, 2),
	(87, 19, 443, 3),
	(88, 19, 444, 4),
	(89, 19, 445, 5),
	(90, 20, 447, 1),
	(91, 20, 448, 2),
	(92, 20, 449, 3),
	(93, 20, 450, 4),
	(94, 20, 451, 5),
	(95, 21, 453, 1),
	(96, 21, 454, 2),
	(97, 21, 455, 3),
	(98, 21, 456, 4),
	(99, 21, 457, 5),
	(100, 22, 465, 1),
	(101, 22, 466, 2),
	(102, 22, 467, 3),
	(103, 22, 468, 4);
/*!40000 ALTER TABLE `typeTemplateRadioButtonOption` ENABLE KEYS */;

-- Dumping structure for table questionnaireDB2019.typeTemplateSlider
CREATE TABLE IF NOT EXISTS `typeTemplateSlider` (
  `ID` bigint(20) NOT NULL AUTO_INCREMENT,
  `typeTemplateId` bigint(20) NOT NULL,
  `minValue` float NOT NULL,
  `maxValue` float NOT NULL,
  `minCaption` bigint(20) NOT NULL,
  `maxCaption` bigint(20) NOT NULL,
  `increment` float NOT NULL,
  PRIMARY KEY (`ID`),
  KEY `fk_tts_typeTemplateId_typeTemplate_ID` (`typeTemplateId`),
  KEY `fk_tts_minContent_dictionary_contentId` (`minCaption`),
  KEY `fk_tts_maxContent_dictionary_contentId` (`maxCaption`),
  CONSTRAINT `fk_tts_maxContent_dictionary_contentId` FOREIGN KEY (`maxCaption`) REFERENCES `dictionary` (`contentId`) ON DELETE NO ACTION ON UPDATE NO ACTION,
  CONSTRAINT `fk_tts_minContent_dictionary_contentId` FOREIGN KEY (`minCaption`) REFERENCES `dictionary` (`contentId`) ON DELETE NO ACTION ON UPDATE NO ACTION,
  CONSTRAINT `fk_tts_typeTemplateId_typeTemplate_ID` FOREIGN KEY (`typeTemplateId`) REFERENCES `typeTemplate` (`ID`) ON DELETE NO ACTION ON UPDATE NO ACTION
) ENGINE=InnoDB AUTO_INCREMENT=2 DEFAULT CHARSET=utf8;

-- Dumping data for table questionnaireDB2019.typeTemplateSlider: ~1 rows (approximately)
/*!40000 ALTER TABLE `typeTemplateSlider` DISABLE KEYS */;
INSERT INTO `typeTemplateSlider` (`ID`, `typeTemplateId`, `minValue`, `maxValue`, `minCaption`, `maxCaption`, `increment`) VALUES
	(1, 22, 0, 10, 459, 460, 1);
/*!40000 ALTER TABLE `typeTemplateSlider` ENABLE KEYS */;

-- Dumping structure for table questionnaireDB2019.typeTemplateTextBox
CREATE TABLE IF NOT EXISTS `typeTemplateTextBox` (
  `ID` bigint(20) NOT NULL AUTO_INCREMENT,
  `typeTemplateId` bigint(20) NOT NULL,
  PRIMARY KEY (`ID`),
  KEY `fk_tttb_typeTemplateId_typeTemplate_ID` (`typeTemplateId`),
  CONSTRAINT `fk_tttb_typeTemplateId_typeTemplate_ID` FOREIGN KEY (`typeTemplateId`) REFERENCES `typeTemplate` (`ID`) ON DELETE NO ACTION ON UPDATE NO ACTION
) ENGINE=InnoDB AUTO_INCREMENT=2 DEFAULT CHARSET=utf8;

-- Dumping data for table questionnaireDB2019.typeTemplateTextBox: ~1 rows (approximately)
/*!40000 ALTER TABLE `typeTemplateTextBox` DISABLE KEYS */;
INSERT INTO `typeTemplateTextBox` (`ID`, `typeTemplateId`) VALUES
	(1, 23);
/*!40000 ALTER TABLE `typeTemplateTextBox` ENABLE KEYS */;

-- Dumping structure for table questionnaireDB2019.typeTemplateTime
CREATE TABLE IF NOT EXISTS `typeTemplateTime` (
  `ID` bigint(20) NOT NULL AUTO_INCREMENT,
  `typeTemplateId` bigint(20) NOT NULL,
  PRIMARY KEY (`ID`),
  KEY `fk_ttt_typeTemplateId_typeTemplate_ID` (`typeTemplateId`),
  CONSTRAINT `fk_ttt_typeTemplateId_typeTemplate_ID` FOREIGN KEY (`typeTemplateId`) REFERENCES `typeTemplate` (`ID`) ON DELETE NO ACTION ON UPDATE NO ACTION
) ENGINE=InnoDB AUTO_INCREMENT=2 DEFAULT CHARSET=utf8;

-- Dumping data for table questionnaireDB2019.typeTemplateTime: ~1 rows (approximately)
/*!40000 ALTER TABLE `typeTemplateTime` DISABLE KEYS */;
INSERT INTO `typeTemplateTime` (`ID`, `typeTemplateId`) VALUES
	(1, 25);
/*!40000 ALTER TABLE `typeTemplateTime` ENABLE KEYS */;

-- Dumping structure for table questionnaireDB2019.typeTemplateTriggerWord
CREATE TABLE IF NOT EXISTS `typeTemplateTriggerWord` (
  `ID` bigint(20) NOT NULL AUTO_INCREMENT,
  `parentTableId` bigint(20) NOT NULL,
  `description` bigint(20) NOT NULL,
  `order` int(11) NOT NULL DEFAULT '0',
  PRIMARY KEY (`ID`),
  KEY `fk_tttw_parentTableId_typeTemplateTextBox_ID` (`parentTableId`),
  KEY `fk_tttw_description_dictionnary_contentId` (`description`),
  CONSTRAINT `fk_tttw_description_dictionnary_contentId` FOREIGN KEY (`description`) REFERENCES `dictionary` (`contentId`) ON DELETE NO ACTION ON UPDATE NO ACTION,
  CONSTRAINT `fk_tttw_parentTableId_typeTemplateTextBox_ID` FOREIGN KEY (`parentTableId`) REFERENCES `typeTemplateTextBox` (`ID`) ON DELETE NO ACTION ON UPDATE NO ACTION
) ENGINE=InnoDB DEFAULT CHARSET=utf8;

-- Dumping data for table questionnaireDB2019.typeTemplateTriggerWord: ~0 rows (approximately)
/*!40000 ALTER TABLE `typeTemplateTriggerWord` DISABLE KEYS */;
/*!40000 ALTER TABLE `typeTemplateTriggerWord` ENABLE KEYS */;

/*!40101 SET SQL_MODE=IFNULL(@OLD_SQL_MODE, '') */;
/*!40014 SET FOREIGN_KEY_CHECKS=IF(@OLD_FOREIGN_KEY_CHECKS IS NULL, 1, @OLD_FOREIGN_KEY_CHECKS) */;
/*!40101 SET CHARACTER_SET_CLIENT=@OLD_CHARACTER_SET_CLIENT */;
